/*
 Navicat Premium Data Transfer

 Source Server         : bishe
 Source Server Type    : MySQL
 Source Server Version : 50720
 Source Host           : localhost:3306
 Source Schema         : bishe

 Target Server Type    : MySQL
 Target Server Version : 50720
 File Encoding         : 65001

 Date: 27/04/2020 22:44:25
*/

SET NAMES utf8mb4;
SET FOREIGN_KEY_CHECKS = 0;

-- ----------------------------
-- Table structure for book
-- ----------------------------
DROP TABLE IF EXISTS `book`;
CREATE TABLE `book`  (
  `book_id` bigint(20) NOT NULL AUTO_INCREMENT,
  `book_name` varchar(254) CHARACTER SET utf8 COLLATE utf8_general_ci NULL DEFAULT NULL,
  `book_page` int(11) NOT NULL,
  `book_url` varchar(254) CHARACTER SET utf8 COLLATE utf8_general_ci NULL DEFAULT NULL,
  `userID` bigint(20) NOT NULL,
  `flag` int(255) NULL DEFAULT NULL,
  `book_date_time` date NULL DEFAULT NULL,
  `book_money` bigint(255) NULL DEFAULT NULL,
  `book_belonging` bigint(255) NULL DEFAULT NULL,
  `money_flag` int(255) NULL DEFAULT NULL,
  PRIMARY KEY (`book_id`) USING BTREE,
  INDEX `book_id`(`book_id`) USING BTREE,
  INDEX `user_id`(`userID`) USING BTREE,
  CONSTRAINT `book_ibfk_1` FOREIGN KEY (`userID`) REFERENCES `users` (`userID`) ON DELETE RESTRICT ON UPDATE RESTRICT
) ENGINE = InnoDB AUTO_INCREMENT = 198 CHARACTER SET = utf8 COLLATE = utf8_general_ci ROW_FORMAT = Dynamic;

-- ----------------------------
-- Records of book
-- ----------------------------
INSERT INTO `book` VALUES (148, '我的测试1', 3, '123470//PDF//12320200417175951800', 123470, 1, '2020-04-17', 12, 0, NULL);
INSERT INTO `book` VALUES (149, '书', 3, '123470//PDF//12320200417202000220', 123470, 0, '2020-04-17', 12, 0, NULL);
INSERT INTO `book` VALUES (150, 'test', 1, '123472//PDF//b20200419012454754', 123472, 0, '2020-04-19', 150, 0, NULL);
INSERT INTO `book` VALUES (151, 'test', 1, '123473//PDF//c20200419015800424', 123473, 0, '2020-04-19', 150, 0, NULL);
INSERT INTO `book` VALUES (152, 'pic4 (3)', 1, '123473//PDF//pic4 (3)20200419020629764', 123473, 0, '2020-04-19', 0, 0, NULL);
INSERT INTO `book` VALUES (153, 'pic4 (3)', 1, '123473//PDF//pic4 (3)20200419021606880', 123473, 0, '2020-04-19', 0, 0, NULL);
INSERT INTO `book` VALUES (154, 'pic4 (3)', 1, '123473//PDF//pic4 (3)20200419022648839', 123473, 0, '2020-04-19', 0, 0, NULL);
INSERT INTO `book` VALUES (155, 'pic4 (3)', 1, '123473//PDF//pic4 (3)20200419022718723', 123473, 0, '2020-04-19', 0, 0, NULL);
INSERT INTO `book` VALUES (156, 'pic4 (3)', 1, '123473//PDF//pic4 (3)20200419022849336', 123473, 0, '2020-04-19', 0, 0, NULL);
INSERT INTO `book` VALUES (157, 'pic4 (3)', 1, '123473//PDF//pic4 (3)20200419023057239', 123473, 0, '2020-04-19', 0, 0, NULL);
INSERT INTO `book` VALUES (158, 'pic4 (3)', 1, '123473//PDF//pic4 (3)20200419023137265', 123473, 0, '2020-04-19', 0, 0, NULL);
INSERT INTO `book` VALUES (159, 'c', 1, '123473//PDF//c20200419023530366', 123473, 0, '2020-04-19', 0, 0, NULL);
INSERT INTO `book` VALUES (160, 'pic4 (3)', 1, '123473//PDF//pic4 (3)20200419023930762', 123473, 0, '2020-04-19', 0, 0, NULL);
INSERT INTO `book` VALUES (161, 'pic4 (3)', 1, '123473//PDF//pic4 (3)20200419024407466', 123473, 0, '2020-04-19', 0, 0, NULL);
INSERT INTO `book` VALUES (162, 'pic4 (3)', 1, '123473//PDF//pic4 (3)20200419024828766', 123473, 0, '2020-04-19', 0, 0, NULL);
INSERT INTO `book` VALUES (163, 'd', 1, '123473//PDF//d20200419025328326', 123473, 0, '2020-04-19', 0, 0, NULL);
INSERT INTO `book` VALUES (164, 'e', 1, '123473//PDF//e20200419025358151', 123473, 0, '2020-04-19', 0, 0, NULL);
INSERT INTO `book` VALUES (165, 'pic4 (3)', 1, '123473//PDF//pic4 (3)20200419025836752', 123473, 0, '2020-04-19', 0, 0, NULL);
INSERT INTO `book` VALUES (166, 'pic4 (3)', 1, '123473//PDF//pic4 (3)20200419030148152', 123473, 0, '2020-04-19', 0, 0, NULL);
INSERT INTO `book` VALUES (167, 'pic4 (3)', 1, '123473//PDF//pic4 (3)20200419030744478', 123473, 0, '2020-04-19', 0, 0, NULL);
INSERT INTO `book` VALUES (168, 'e', 1, '123473//PDF//e20200419030918497', 123473, 0, '2020-04-19', 0, 0, NULL);
INSERT INTO `book` VALUES (169, 'pic4 (3)', 1, '123474//PDF//pic4 (3)2020042120160399', 123474, 1, '2020-04-21', 0, 0, NULL);
INSERT INTO `book` VALUES (170, 'pic4 (3)', 1, '123474//PDF//pic4 (3)20200421203341245', 123474, 1, '2020-04-21', 0, 0, NULL);
INSERT INTO `book` VALUES (171, 'pic4 (3)', 1, '123474//PDF//pic4 (3)20200421203810699', 123474, 1, '2020-04-21', 0, 0, NULL);
INSERT INTO `book` VALUES (172, 'pic4 (3)', 1, '123474//PDF//pic4 (3)2020042120514847', 123474, 1, '2020-04-21', 0, 0, NULL);
INSERT INTO `book` VALUES (173, 'e', 1, '123474//PDF//e20200421205253726', 123474, 0, '2020-04-21', 0, 0, NULL);
INSERT INTO `book` VALUES (174, 'test2', 1, '123474//PDF//e2020042318261675', 123474, 1, '2020-04-23', 14, 123474, 0);
INSERT INTO `book` VALUES (175, 'test2', 1, '123472//PDF//pic4 (3)20200423230353925', 123472, 1, '2020-04-23', 16, 123474, 0);
INSERT INTO `book` VALUES (178, 'pic4 (3)', 1, '123474//PDF//pic4 (3)20200424030655983', 123474, 1, '2020-04-24', 0, 0, -1);
INSERT INTO `book` VALUES (179, 'test3', 1, '123472//PDF//pic4 (3)20200424111551989', 123472, 0, '2020-04-24', 14, 1, 2);
INSERT INTO `book` VALUES (180, 'pic4 (3)', 1, '123476//PDF//pic4 (3)20200424111714584', 123476, 0, '2020-04-24', 0, 0, -1);
INSERT INTO `book` VALUES (181, 'pic4 (3)', 1, '123474//PDF//pic4 (3)20200424114853469', 123474, 1, '2020-04-24', 0, 0, -1);
INSERT INTO `book` VALUES (182, 'pic4 (3)', 1, '123474//PDF//pic4 (3)20200424222517737', 123474, 1, '2020-04-24', 0, 0, -1);
INSERT INTO `book` VALUES (183, 'test4', 1, '123472//PDF//pic4 (3)20200425013722704', 123472, 1, '2020-04-25', 14, 123474, 0);
INSERT INTO `book` VALUES (184, 'test5', 1, '123472//PDF//pic4 (3)20200425015048928', 123472, 0, '2020-04-25', 16, 1, 2);
INSERT INTO `book` VALUES (185, 'test6', 1, '123472//PDF//pic4 (3)20200425015517643', 123472, 0, '2020-04-25', 18, 123474, 0);
INSERT INTO `book` VALUES (186, 'test8', 1, '123472//PDF//pic4 (3)20200425020304248', 123472, 1, '2020-04-25', 18, 123474, 0);
INSERT INTO `book` VALUES (187, 'test9', 1, '123472//PDF//pic4 (3)20200425020352856', 123472, 0, '2020-04-25', 19, 1, 2);
INSERT INTO `book` VALUES (188, 'test10', 1, '123472//PDF//pic4 (3)20200425020413517', 123472, 1, '2020-04-25', 20, 123474, 0);
INSERT INTO `book` VALUES (189, 'test11', 1, '123472//PDF//pic4 (3)20200426054150466', 123472, 1, '2020-04-26', 19, 123474, 0);
INSERT INTO `book` VALUES (190, 'test12', 1, '123472//PDF//pic4 (3)20200426054927738', 123472, 1, '2020-04-26', 10, 123474, 1);
INSERT INTO `book` VALUES (191, 'test13', 1, '123472//PDF//pic4 (3)20200426055430621', 123472, 1, '2020-04-26', 10, 123474, 1);
INSERT INTO `book` VALUES (192, '11', 1, '123472//PDF//pic4 (3)20200426060509446', 123472, 1, '2020-04-26', 11, 123474, 0);
INSERT INTO `book` VALUES (193, 'test14', 1, '123472//PDF//pic4 (3)20200426142601656', 123472, 1, '2020-04-26', 20, 123474, 1);
INSERT INTO `book` VALUES (194, 'test', 1, '123472//PDF//pic4 (3)20200426143126467', 123472, 0, '2020-04-26', 20, 123473, 2);
INSERT INTO `book` VALUES (195, 'test15', 1, '123472//PDF//e20200426145328696', 123472, 0, '2020-04-26', 60, 1, 2);
INSERT INTO `book` VALUES (196, 'test16', 1, '123472//PDF//pic4 (3)20200426145545198', 123472, 1, '2020-04-26', 80, 123474, 1);
INSERT INTO `book` VALUES (197, 'test17', 1, '123472//PDF//pic4 (3)20200427223803543', 123472, 1, '2020-04-27', 20, 123474, 1);

-- ----------------------------
-- Table structure for book_record
-- ----------------------------
DROP TABLE IF EXISTS `book_record`;
CREATE TABLE `book_record`  (
  `book_record` bigint(20) NOT NULL AUTO_INCREMENT,
  `book_id` bigint(20) NOT NULL,
  `rec_page` int(11) NOT NULL,
  `rec_flag` int(11) NULL DEFAULT NULL,
  `rec_book_date_time` date NULL DEFAULT NULL,
  PRIMARY KEY (`book_record`) USING BTREE,
  INDEX `book_id`(`book_id`) USING BTREE,
  INDEX `book_record`(`book_record`) USING BTREE,
  CONSTRAINT `book_record_ibfk_1` FOREIGN KEY (`book_id`) REFERENCES `book` (`book_id`) ON DELETE RESTRICT ON UPDATE RESTRICT
) ENGINE = InnoDB AUTO_INCREMENT = 485 CHARACTER SET = utf8 COLLATE = utf8_general_ci ROW_FORMAT = Dynamic;

-- ----------------------------
-- Records of book_record
-- ----------------------------
INSERT INTO `book_record` VALUES (433, 148, 1, 1, '2020-04-17');
INSERT INTO `book_record` VALUES (434, 148, 2, 1, '2020-04-17');
INSERT INTO `book_record` VALUES (435, 148, 3, 1, '2020-04-17');
INSERT INTO `book_record` VALUES (436, 149, 1, 0, '2020-04-17');
INSERT INTO `book_record` VALUES (437, 149, 2, 0, '2020-04-17');
INSERT INTO `book_record` VALUES (438, 149, 3, 0, '2020-04-17');
INSERT INTO `book_record` VALUES (439, 150, 1, 0, '2020-04-19');
INSERT INTO `book_record` VALUES (440, 151, 1, 0, '2020-04-19');
INSERT INTO `book_record` VALUES (441, 152, 1, 0, '2020-04-19');
INSERT INTO `book_record` VALUES (442, 153, 1, 0, '2020-04-19');
INSERT INTO `book_record` VALUES (443, 154, 1, 0, '2020-04-19');
INSERT INTO `book_record` VALUES (444, 155, 1, 0, '2020-04-19');
INSERT INTO `book_record` VALUES (445, 156, 1, 0, '2020-04-19');
INSERT INTO `book_record` VALUES (446, 157, 1, 0, '2020-04-19');
INSERT INTO `book_record` VALUES (447, 158, 1, 0, '2020-04-19');
INSERT INTO `book_record` VALUES (448, 159, 1, 0, '2020-04-19');
INSERT INTO `book_record` VALUES (449, 160, 1, 0, '2020-04-19');
INSERT INTO `book_record` VALUES (450, 161, 1, 0, '2020-04-19');
INSERT INTO `book_record` VALUES (451, 162, 1, 0, '2020-04-19');
INSERT INTO `book_record` VALUES (452, 163, 1, 0, '2020-04-19');
INSERT INTO `book_record` VALUES (453, 164, 1, 0, '2020-04-19');
INSERT INTO `book_record` VALUES (454, 165, 1, 0, '2020-04-19');
INSERT INTO `book_record` VALUES (455, 166, 1, 0, '2020-04-19');
INSERT INTO `book_record` VALUES (456, 167, 1, 0, '2020-04-19');
INSERT INTO `book_record` VALUES (457, 168, 1, 0, '2020-04-19');
INSERT INTO `book_record` VALUES (458, 169, 1, 1, '2020-04-21');
INSERT INTO `book_record` VALUES (459, 170, 1, 1, '2020-04-24');
INSERT INTO `book_record` VALUES (460, 171, 1, 1, '2020-04-24');
INSERT INTO `book_record` VALUES (461, 172, 1, 1, '2020-04-24');
INSERT INTO `book_record` VALUES (462, 173, 1, 0, '2020-04-21');
INSERT INTO `book_record` VALUES (463, 174, 1, 1, '2020-04-25');
INSERT INTO `book_record` VALUES (464, 175, 1, 1, '2020-04-24');
INSERT INTO `book_record` VALUES (465, 178, 1, 1, '2020-04-24');
INSERT INTO `book_record` VALUES (466, 179, 1, 1, '2020-04-24');
INSERT INTO `book_record` VALUES (467, 180, 1, 0, '2020-04-24');
INSERT INTO `book_record` VALUES (468, 181, 1, 1, '2020-04-24');
INSERT INTO `book_record` VALUES (469, 182, 1, 1, '2020-04-24');
INSERT INTO `book_record` VALUES (470, 183, 1, 1, '2020-04-25');
INSERT INTO `book_record` VALUES (471, 184, 1, 0, '2020-04-25');
INSERT INTO `book_record` VALUES (472, 185, 1, 0, '2020-04-25');
INSERT INTO `book_record` VALUES (473, 186, 1, 1, '2020-04-27');
INSERT INTO `book_record` VALUES (474, 187, 1, 0, '2020-04-25');
INSERT INTO `book_record` VALUES (475, 188, 1, 1, '2020-04-27');
INSERT INTO `book_record` VALUES (476, 189, 1, 1, '2020-04-26');
INSERT INTO `book_record` VALUES (477, 190, 1, 1, '2020-04-26');
INSERT INTO `book_record` VALUES (478, 191, 1, 1, '2020-04-26');
INSERT INTO `book_record` VALUES (479, 192, 1, 1, '2020-04-26');
INSERT INTO `book_record` VALUES (480, 193, 1, 1, '2020-04-26');
INSERT INTO `book_record` VALUES (481, 194, 1, 0, '2020-04-26');
INSERT INTO `book_record` VALUES (482, 195, 1, 1, '2020-04-26');
INSERT INTO `book_record` VALUES (483, 196, 1, 1, '2020-04-26');
INSERT INTO `book_record` VALUES (484, 197, 1, 1, '2020-04-27');

-- ----------------------------
-- Table structure for book_word
-- ----------------------------
DROP TABLE IF EXISTS `book_word`;
CREATE TABLE `book_word`  (
  `book_word_id` bigint(20) NOT NULL AUTO_INCREMENT,
  `word_id` int(11) NOT NULL,
  `record` bigint(20) NOT NULL,
  `word_url` varchar(254) CHARACTER SET utf8 COLLATE utf8_general_ci NULL DEFAULT NULL,
  PRIMARY KEY (`book_word_id`) USING BTREE,
  INDEX `word_id`(`word_id`) USING BTREE,
  INDEX `book_record`(`record`) USING BTREE,
  CONSTRAINT `book_word_ibfk_1` FOREIGN KEY (`word_id`) REFERENCES `word` (`word_id`) ON DELETE RESTRICT ON UPDATE RESTRICT,
  CONSTRAINT `book_word_ibfk_2` FOREIGN KEY (`record`) REFERENCES `book_record` (`book_record`) ON DELETE RESTRICT ON UPDATE RESTRICT
) ENGINE = InnoDB AUTO_INCREMENT = 1157 CHARACTER SET = utf8 COLLATE = utf8_general_ci ROW_FORMAT = Dynamic;

-- ----------------------------
-- Records of book_word
-- ----------------------------
INSERT INTO `book_word` VALUES (62, 2163, 440, '瞭\\20200419020438280.jpg');
INSERT INTO `book_word` VALUES (63, 2163, 440, '瞭\\20200419020438329.jpg');
INSERT INTO `book_word` VALUES (64, 2163, 440, '瞭\\20200419020438355.jpg');
INSERT INTO `book_word` VALUES (65, 2163, 440, '瞭\\20200419020438407.jpg');
INSERT INTO `book_word` VALUES (66, 572, 440, '啰\\20200419020438447.jpg');
INSERT INTO `book_word` VALUES (67, 2163, 440, '瞭\\20200419020438490.jpg');
INSERT INTO `book_word` VALUES (68, 2163, 440, '瞭\\20200419020438520.jpg');
INSERT INTO `book_word` VALUES (69, 2163, 440, '瞭\\20200419020438547.jpg');
INSERT INTO `book_word` VALUES (70, 2195, 440, '硼\\20200419020438573.jpg');
INSERT INTO `book_word` VALUES (71, 3473, 440, '鹏\\20200419020438610.jpg');
INSERT INTO `book_word` VALUES (72, 2615, 440, '艳\\20200419020438641.jpg');
INSERT INTO `book_word` VALUES (73, 2391, 440, '纵\\20200419020438681.jpg');
INSERT INTO `book_word` VALUES (74, 2391, 440, '纵\\20200419020438717.jpg');
INSERT INTO `book_word` VALUES (75, 2391, 440, '纵\\20200419020438750.jpg');
INSERT INTO `book_word` VALUES (76, 2540, 440, '胧\\20200419020438777.jpg');
INSERT INTO `book_word` VALUES (77, 2116, 440, '皿\\20200419020438810.jpg');
INSERT INTO `book_word` VALUES (78, 612, 440, '四\\20200419020438847.jpg');
INSERT INTO `book_word` VALUES (79, 612, 440, '四\\20200419020438882.jpg');
INSERT INTO `book_word` VALUES (80, 2116, 440, '皿\\20200419020438909.jpg');
INSERT INTO `book_word` VALUES (81, 2116, 440, '皿\\20200419020438937.jpg');
INSERT INTO `book_word` VALUES (82, 2116, 440, '皿\\20200419020438969.jpg');
INSERT INTO `book_word` VALUES (83, 612, 440, '四\\20200419020438997.jpg');
INSERT INTO `book_word` VALUES (84, 612, 440, '四\\2020041902043930.jpg');
INSERT INTO `book_word` VALUES (85, 2116, 440, '皿\\2020041902043964.jpg');
INSERT INTO `book_word` VALUES (86, 612, 440, '四\\2020041902043993.jpg');
INSERT INTO `book_word` VALUES (87, 612, 440, '四\\20200419020439123.jpg');
INSERT INTO `book_word` VALUES (88, 1866, 440, '漓\\20200419020439157.jpg');
INSERT INTO `book_word` VALUES (89, 2036, 440, '瓣\\20200419020439193.jpg');
INSERT INTO `book_word` VALUES (90, 2391, 440, '纵\\20200419020439229.jpg');
INSERT INTO `book_word` VALUES (91, 1911, 440, '烂\\20200419020439250.jpg');
INSERT INTO `book_word` VALUES (92, 2615, 440, '艳\\20200419020439273.jpg');
INSERT INTO `book_word` VALUES (93, 2540, 440, '胧\\20200419020439294.jpg');
INSERT INTO `book_word` VALUES (94, 774, 440, '娜\\20200419020439318.jpg');
INSERT INTO `book_word` VALUES (95, 2428, 440, '绷\\20200419020439346.jpg');
INSERT INTO `book_word` VALUES (96, 1153, 440, '懈\\20200419020439370.jpg');
INSERT INTO `book_word` VALUES (97, 2731, 440, '蕊\\20200419020439392.jpg');
INSERT INTO `book_word` VALUES (98, 389, 440, '协\\20200419020439414.jpg');
INSERT INTO `book_word` VALUES (99, 449, 440, '叫\\20200419020439437.jpg');
INSERT INTO `book_word` VALUES (100, 3191, 440, '金\\20200419020439460.jpg');
INSERT INTO `book_word` VALUES (101, 2314, 440, '等\\20200419020439482.jpg');
INSERT INTO `book_word` VALUES (102, 3031, 440, '跳\\20200419020439507.jpg');
INSERT INTO `book_word` VALUES (103, 66, 440, '二\\20200419020439530.jpg');
INSERT INTO `book_word` VALUES (104, 66, 440, '二\\20200419020439552.jpg');
INSERT INTO `book_word` VALUES (105, 66, 440, '二\\20200419020439573.jpg');
INSERT INTO `book_word` VALUES (106, 66, 440, '二\\20200419020439596.jpg');
INSERT INTO `book_word` VALUES (107, 763, 440, '姚\\20200419020439616.jpg');
INSERT INTO `book_word` VALUES (108, 1866, 440, '漓\\20200419020439639.jpg');
INSERT INTO `book_word` VALUES (109, 3473, 440, '鹏\\20200419020439662.jpg');
INSERT INTO `book_word` VALUES (110, 3356, 440, '鞭\\20200419020439685.jpg');
INSERT INTO `book_word` VALUES (111, 2163, 440, '瞭\\20200419020439711.jpg');
INSERT INTO `book_word` VALUES (112, 184, 440, '俱\\20200419020439735.jpg');
INSERT INTO `book_word` VALUES (113, 1153, 440, '懈\\20200419020439762.jpg');
INSERT INTO `book_word` VALUES (114, 2391, 440, '纵\\20200419020439786.jpg');
INSERT INTO `book_word` VALUES (115, 66, 440, '二\\20200419020439810.jpg');
INSERT INTO `book_word` VALUES (116, 66, 440, '二\\20200419020439832.jpg');
INSERT INTO `book_word` VALUES (117, 66, 440, '二\\20200419020439857.jpg');
INSERT INTO `book_word` VALUES (118, 1348, 440, '摊\\20200419020439881.jpg');
INSERT INTO `book_word` VALUES (119, 2115, 440, '皱\\20200419020439905.jpg');
INSERT INTO `book_word` VALUES (120, 2163, 440, '瞭\\20200419020439929.jpg');
INSERT INTO `book_word` VALUES (121, 2604, 440, '舰\\20200419020439952.jpg');
INSERT INTO `book_word` VALUES (122, 969, 440, '幻\\20200419020439980.jpg');
INSERT INTO `book_word` VALUES (123, 2034, 440, '瓜\\2020041902044006.jpg');
INSERT INTO `book_word` VALUES (124, 1298, 440, '掀\\2020041902044032.jpg');
INSERT INTO `book_word` VALUES (125, 903, 440, '岔\\2020041902044058.jpg');
INSERT INTO `book_word` VALUES (126, 2195, 440, '硼\\2020041902044083.jpg');
INSERT INTO `book_word` VALUES (127, 1355, 440, '撇\\20200419020440106.jpg');
INSERT INTO `book_word` VALUES (128, 2163, 440, '瞭\\20200419020440129.jpg');
INSERT INTO `book_word` VALUES (129, 3474, 440, '鹤\\20200419020440149.jpg');
INSERT INTO `book_word` VALUES (130, 52, 440, '乙\\20200419020440169.jpg');
INSERT INTO `book_word` VALUES (131, 52, 440, '乙\\20200419020440192.jpg');
INSERT INTO `book_word` VALUES (132, 96, 440, '从\\20200419020440208.jpg');
INSERT INTO `book_word` VALUES (133, 2615, 440, '艳\\20200419020440232.jpg');
INSERT INTO `book_word` VALUES (134, 2163, 440, '瞭\\20200419020440252.jpg');
INSERT INTO `book_word` VALUES (135, 2391, 440, '纵\\20200419020440271.jpg');
INSERT INTO `book_word` VALUES (136, 66, 440, '二\\20200419020440290.jpg');
INSERT INTO `book_word` VALUES (137, 2163, 440, '瞭\\20200419020440314.jpg');
INSERT INTO `book_word` VALUES (138, 2763, 440, '蚜\\20200419020440337.jpg');
INSERT INTO `book_word` VALUES (139, 2195, 440, '硼\\20200419020440377.jpg');
INSERT INTO `book_word` VALUES (140, 2380, 440, '红\\20200419020440399.jpg');
INSERT INTO `book_word` VALUES (141, 312, 440, '删\\20200419020440422.jpg');
INSERT INTO `book_word` VALUES (142, 2163, 440, '瞭\\20200419020440453.jpg');
INSERT INTO `book_word` VALUES (143, 2163, 440, '瞭\\20200419020440477.jpg');
INSERT INTO `book_word` VALUES (144, 2391, 440, '纵\\20200419020440501.jpg');
INSERT INTO `book_word` VALUES (145, 695, 440, '士\\20200419020440523.jpg');
INSERT INTO `book_word` VALUES (146, 3050, 440, '躏\\20200419020440550.jpg');
INSERT INTO `book_word` VALUES (147, 2163, 440, '瞭\\20200419020440578.jpg');
INSERT INTO `book_word` VALUES (148, 2163, 440, '瞭\\20200419020440606.jpg');
INSERT INTO `book_word` VALUES (149, 2362, 440, '糊\\20200419020440625.jpg');
INSERT INTO `book_word` VALUES (150, 66, 440, '二\\20200419020440646.jpg');
INSERT INTO `book_word` VALUES (151, 1668, 440, '歼\\20200419020440664.jpg');
INSERT INTO `book_word` VALUES (152, 2036, 440, '瓣\\20200419020440686.jpg');
INSERT INTO `book_word` VALUES (153, 1348, 440, '摊\\20200419020440705.jpg');
INSERT INTO `book_word` VALUES (154, 695, 440, '士\\20200419020440725.jpg');
INSERT INTO `book_word` VALUES (155, 3473, 440, '鹏\\20200419020440750.jpg');
INSERT INTO `book_word` VALUES (156, 2195, 440, '硼\\20200419020440770.jpg');
INSERT INTO `book_word` VALUES (157, 2380, 440, '红\\20200419020440791.jpg');
INSERT INTO `book_word` VALUES (158, 1866, 440, '漓\\20200419020440814.jpg');
INSERT INTO `book_word` VALUES (159, 66, 440, '二\\20200419020440839.jpg');
INSERT INTO `book_word` VALUES (160, 2163, 440, '瞭\\20200419020440865.jpg');
INSERT INTO `book_word` VALUES (161, 2163, 440, '瞭\\20200419020440889.jpg');
INSERT INTO `book_word` VALUES (162, 2163, 440, '瞭\\20200419020440910.jpg');
INSERT INTO `book_word` VALUES (163, 1348, 440, '摊\\20200419020440934.jpg');
INSERT INTO `book_word` VALUES (164, 2391, 440, '纵\\20200419020440959.jpg');
INSERT INTO `book_word` VALUES (165, 646, 440, '坠\\20200419020440987.jpg');
INSERT INTO `book_word` VALUES (166, 969, 440, '幻\\2020041902044156.jpg');
INSERT INTO `book_word` VALUES (167, 646, 440, '坠\\2020041902044179.jpg');
INSERT INTO `book_word` VALUES (168, 39, 440, '么\\20200419020441101.jpg');
INSERT INTO `book_word` VALUES (169, 3473, 440, '鹏\\20200419020441126.jpg');
INSERT INTO `book_word` VALUES (170, 2163, 440, '瞭\\20200419020441154.jpg');
INSERT INTO `book_word` VALUES (171, 2058, 440, '畅\\20200419020441184.jpg');
INSERT INTO `book_word` VALUES (172, 2391, 440, '纵\\20200419020441212.jpg');
INSERT INTO `book_word` VALUES (173, 2391, 440, '纵\\20200419020441236.jpg');
INSERT INTO `book_word` VALUES (174, 2163, 440, '瞭\\20200419020441268.jpg');
INSERT INTO `book_word` VALUES (175, 2163, 440, '瞭\\20200419020441301.jpg');
INSERT INTO `book_word` VALUES (176, 695, 440, '士\\20200419020441326.jpg');
INSERT INTO `book_word` VALUES (177, 2540, 440, '胧\\20200419020441354.jpg');
INSERT INTO `book_word` VALUES (178, 1355, 440, '撇\\20200419020441387.jpg');
INSERT INTO `book_word` VALUES (179, 2380, 440, '红\\20200419020441414.jpg');
INSERT INTO `book_word` VALUES (180, 903, 440, '岔\\20200419020441439.jpg');
INSERT INTO `book_word` VALUES (181, 2195, 440, '硼\\20200419020441464.jpg');
INSERT INTO `book_word` VALUES (182, 66, 440, '二\\20200419020441484.jpg');
INSERT INTO `book_word` VALUES (183, 2391, 440, '纵\\20200419020441502.jpg');
INSERT INTO `book_word` VALUES (184, 2537, 440, '胜\\20200419020441519.jpg');
INSERT INTO `book_word` VALUES (185, 2163, 440, '瞭\\20200419020441541.jpg');
INSERT INTO `book_word` VALUES (186, 66, 440, '二\\20200419020441559.jpg');
INSERT INTO `book_word` VALUES (187, 3473, 440, '鹏\\20200419020441577.jpg');
INSERT INTO `book_word` VALUES (188, 3031, 440, '跳\\20200419020441595.jpg');
INSERT INTO `book_word` VALUES (189, 969, 440, '幻\\20200419020441613.jpg');
INSERT INTO `book_word` VALUES (190, 969, 440, '幻\\20200419020441631.jpg');
INSERT INTO `book_word` VALUES (191, 1298, 440, '掀\\20200419020441650.jpg');
INSERT INTO `book_word` VALUES (192, 3045, 440, '蹦\\20200419020441667.jpg');
INSERT INTO `book_word` VALUES (193, 66, 440, '二\\20200419020441688.jpg');
INSERT INTO `book_word` VALUES (194, 3394, 440, '饥\\20200419020441705.jpg');
INSERT INTO `book_word` VALUES (195, 2391, 440, '纵\\20200419020441725.jpg');
INSERT INTO `book_word` VALUES (196, 2163, 440, '瞭\\20200419020441741.jpg');
INSERT INTO `book_word` VALUES (197, 695, 440, '士\\20200419020441759.jpg');
INSERT INTO `book_word` VALUES (198, 86, 440, '人\\20200419020441777.jpg');
INSERT INTO `book_word` VALUES (199, 3473, 440, '鹏\\20200419020441797.jpg');
INSERT INTO `book_word` VALUES (200, 3031, 440, '跳\\20200419020441815.jpg');
INSERT INTO `book_word` VALUES (201, 646, 440, '坠\\20200419020441835.jpg');
INSERT INTO `book_word` VALUES (202, 3456, 440, '鳞\\20200419020441856.jpg');
INSERT INTO `book_word` VALUES (203, 66, 440, '二\\20200419020441883.jpg');
INSERT INTO `book_word` VALUES (204, 695, 440, '士\\20200419020441908.jpg');
INSERT INTO `book_word` VALUES (205, 66, 440, '二\\20200419020441936.jpg');
INSERT INTO `book_word` VALUES (206, 3473, 440, '鹏\\20200419020441966.jpg');
INSERT INTO `book_word` VALUES (207, 2428, 440, '绷\\20200419020441996.jpg');
INSERT INTO `book_word` VALUES (208, 3473, 440, '鹏\\2020041902044223.jpg');
INSERT INTO `book_word` VALUES (209, 149, 440, '作\\2020041902044248.jpg');
INSERT INTO `book_word` VALUES (210, 2163, 440, '瞭\\2020041902044283.jpg');
INSERT INTO `book_word` VALUES (211, 3473, 440, '鹏\\20200419020442109.jpg');
INSERT INTO `book_word` VALUES (212, 1866, 440, '漓\\20200419020442130.jpg');
INSERT INTO `book_word` VALUES (213, 66, 440, '二\\20200419020442154.jpg');
INSERT INTO `book_word` VALUES (214, 3451, 440, '鲫\\20200419020442175.jpg');
INSERT INTO `book_word` VALUES (215, 106, 440, '以\\20200419020442202.jpg');
INSERT INTO `book_word` VALUES (216, 903, 440, '岔\\20200419020442226.jpg');
INSERT INTO `book_word` VALUES (217, 743, 440, '如\\20200419020442252.jpg');
INSERT INTO `book_word` VALUES (218, 2163, 440, '瞭\\20200419020442279.jpg');
INSERT INTO `book_word` VALUES (219, 6, 440, '三\\20200419020442301.jpg');
INSERT INTO `book_word` VALUES (220, 2163, 440, '瞭\\20200419020442336.jpg');
INSERT INTO `book_word` VALUES (221, 2163, 440, '瞭\\20200419020442362.jpg');
INSERT INTO `book_word` VALUES (222, 1636, 440, '模\\20200419020442389.jpg');
INSERT INTO `book_word` VALUES (223, 1724, 440, '没\\20200419020442421.jpg');
INSERT INTO `book_word` VALUES (224, 2163, 440, '瞭\\20200419020442448.jpg');
INSERT INTO `book_word` VALUES (225, 301, 440, '分\\20200419020442476.jpg');
INSERT INTO `book_word` VALUES (226, 2163, 440, '瞭\\20200419020442504.jpg');
INSERT INTO `book_word` VALUES (227, 910, 440, '岸\\20200419020442524.jpg');
INSERT INTO `book_word` VALUES (228, 1648, 440, '欠\\20200419020442546.jpg');
INSERT INTO `book_word` VALUES (229, 2163, 440, '瞭\\20200419020442569.jpg');
INSERT INTO `book_word` VALUES (230, 2163, 440, '瞭\\20200419020442588.jpg');
INSERT INTO `book_word` VALUES (231, 2163, 440, '瞭\\20200419020442606.jpg');
INSERT INTO `book_word` VALUES (232, 1410, 440, '断\\20200419020442625.jpg');
INSERT INTO `book_word` VALUES (233, 1153, 440, '懈\\20200419020442648.jpg');
INSERT INTO `book_word` VALUES (234, 2163, 440, '瞭\\20200419020442672.jpg');
INSERT INTO `book_word` VALUES (235, 3031, 440, '跳\\20200419020442696.jpg');
INSERT INTO `book_word` VALUES (236, 3451, 440, '鲫\\20200419020442721.jpg');
INSERT INTO `book_word` VALUES (237, 2163, 440, '瞭\\20200419020442741.jpg');
INSERT INTO `book_word` VALUES (238, 3473, 440, '鹏\\20200419020442761.jpg');
INSERT INTO `book_word` VALUES (239, 2163, 440, '瞭\\20200419020442782.jpg');
INSERT INTO `book_word` VALUES (240, 2365, 440, '糙\\20200419020442804.jpg');
INSERT INTO `book_word` VALUES (241, 903, 440, '岔\\20200419020442824.jpg');
INSERT INTO `book_word` VALUES (242, 2058, 440, '畅\\20200419020442843.jpg');
INSERT INTO `book_word` VALUES (243, 2163, 440, '瞭\\20200419020442864.jpg');
INSERT INTO `book_word` VALUES (244, 2362, 440, '糊\\20200419020442884.jpg');
INSERT INTO `book_word` VALUES (245, 312, 440, '删\\20200419020442905.jpg');
INSERT INTO `book_word` VALUES (246, 982, 440, '店\\20200419020442924.jpg');
INSERT INTO `book_word` VALUES (247, 2163, 440, '瞭\\20200419020442950.jpg');
INSERT INTO `book_word` VALUES (248, 1606, 440, '森\\20200419020442971.jpg');
INSERT INTO `book_word` VALUES (249, 2111, 440, '的\\20200419020442992.jpg');
INSERT INTO `book_word` VALUES (250, 2163, 440, '瞭\\2020041902044316.jpg');
INSERT INTO `book_word` VALUES (251, 1692, 440, '氓\\2020041902044338.jpg');
INSERT INTO `book_word` VALUES (252, 611, 440, '囚\\2020041902044367.jpg');
INSERT INTO `book_word` VALUES (253, 2163, 440, '瞭\\2020041902044397.jpg');
INSERT INTO `book_word` VALUES (254, 43, 440, '乍\\20200419020443120.jpg');
INSERT INTO `book_word` VALUES (255, 2163, 440, '瞭\\20200419020443143.jpg');
INSERT INTO `book_word` VALUES (256, 3309, 441, '隐\\2020041902072557.jpg');
INSERT INTO `book_word` VALUES (257, 2174, 441, '石\\2020041902072581.jpg');
INSERT INTO `book_word` VALUES (258, 1572, 441, '桃\\20200419020725108.jpg');
INSERT INTO `book_word` VALUES (259, 1763, 441, '洞\\20200419020725134.jpg');
INSERT INTO `book_word` VALUES (260, 3309, 441, '隐\\20200419020725246.jpg');
INSERT INTO `book_word` VALUES (261, 2207, 441, '碳\\20200419020725263.jpg');
INSERT INTO `book_word` VALUES (262, 2630, 441, '花\\20200419020725284.jpg');
INSERT INTO `book_word` VALUES (263, 629, 441, '在\\20200419020725305.jpg');
INSERT INTO `book_word` VALUES (264, 3391, 441, '飞\\20200419020725325.jpg');
INSERT INTO `book_word` VALUES (265, 2852, 441, '西\\20200419020725355.jpg');
INSERT INTO `book_word` VALUES (266, 878, 441, '尽\\20200419020725375.jpg');
INSERT INTO `book_word` VALUES (267, 1808, 441, '淆\\20200419020725395.jpg');
INSERT INTO `book_word` VALUES (268, 1580, 441, '桥\\20200419020725414.jpg');
INSERT INTO `book_word` VALUES (269, 2061, 441, '畔\\20200419020725434.jpg');
INSERT INTO `book_word` VALUES (270, 1422, 441, '日\\20200419020725453.jpg');
INSERT INTO `book_word` VALUES (271, 1847, 441, '溪\\20200419020725471.jpg');
INSERT INTO `book_word` VALUES (272, 3310, 441, '隔\\20200419020725490.jpg');
INSERT INTO `book_word` VALUES (273, 3262, 441, '问\\20200419020725510.jpg');
INSERT INTO `book_word` VALUES (274, 3308, 441, '随\\20200419020725530.jpg');
INSERT INTO `book_word` VALUES (275, 146, 441, '何\\20200419020725549.jpg');
INSERT INTO `book_word` VALUES (276, 3189, 441, '野\\20200419020725570.jpg');
INSERT INTO `book_word` VALUES (277, 1825, 441, '渔\\20200419020725589.jpg');
INSERT INTO `book_word` VALUES (278, 277, 441, '凉\\20200419020725609.jpg');
INSERT INTO `book_word` VALUES (279, 701, 441, '处\\20200419020725629.jpg');
INSERT INTO `book_word` VALUES (280, 1916, 441, '烟\\20200419020725648.jpg');
INSERT INTO `book_word` VALUES (281, 2609, 441, '船\\20200419020725666.jpg');
INSERT INTO `book_word` VALUES (282, 1700, 441, '水\\20200419020725687.jpg');
INSERT INTO `book_word` VALUES (283, 3309, 441, '隐\\20200419020918348.jpg');
INSERT INTO `book_word` VALUES (284, 2174, 441, '石\\20200419020918366.jpg');
INSERT INTO `book_word` VALUES (285, 1572, 441, '桃\\20200419020918386.jpg');
INSERT INTO `book_word` VALUES (286, 1763, 441, '洞\\20200419020918408.jpg');
INSERT INTO `book_word` VALUES (287, 3309, 441, '隐\\20200419020918428.jpg');
INSERT INTO `book_word` VALUES (288, 2207, 441, '碳\\20200419020918446.jpg');
INSERT INTO `book_word` VALUES (289, 2630, 441, '花\\20200419020918464.jpg');
INSERT INTO `book_word` VALUES (290, 629, 441, '在\\20200419020918482.jpg');
INSERT INTO `book_word` VALUES (291, 3391, 441, '飞\\20200419020918499.jpg');
INSERT INTO `book_word` VALUES (292, 2852, 441, '西\\20200419020918516.jpg');
INSERT INTO `book_word` VALUES (293, 878, 441, '尽\\20200419020918532.jpg');
INSERT INTO `book_word` VALUES (294, 1808, 441, '淆\\20200419020918550.jpg');
INSERT INTO `book_word` VALUES (295, 1580, 441, '桥\\20200419020918570.jpg');
INSERT INTO `book_word` VALUES (296, 2061, 441, '畔\\20200419020918590.jpg');
INSERT INTO `book_word` VALUES (297, 1422, 441, '日\\20200419020918610.jpg');
INSERT INTO `book_word` VALUES (298, 1847, 441, '溪\\20200419020918629.jpg');
INSERT INTO `book_word` VALUES (299, 3310, 441, '隔\\20200419020918649.jpg');
INSERT INTO `book_word` VALUES (300, 3262, 441, '问\\20200419020918668.jpg');
INSERT INTO `book_word` VALUES (301, 3308, 441, '随\\20200419020918687.jpg');
INSERT INTO `book_word` VALUES (302, 146, 441, '何\\20200419020918706.jpg');
INSERT INTO `book_word` VALUES (303, 3189, 441, '野\\20200419020918726.jpg');
INSERT INTO `book_word` VALUES (304, 1825, 441, '渔\\20200419020918746.jpg');
INSERT INTO `book_word` VALUES (305, 277, 441, '凉\\20200419020918767.jpg');
INSERT INTO `book_word` VALUES (306, 701, 441, '处\\20200419020918786.jpg');
INSERT INTO `book_word` VALUES (307, 1916, 441, '烟\\20200419020918809.jpg');
INSERT INTO `book_word` VALUES (308, 2609, 441, '船\\20200419020918827.jpg');
INSERT INTO `book_word` VALUES (309, 1700, 441, '水\\20200419020918847.jpg');
INSERT INTO `book_word` VALUES (310, 3309, 458, '隐\\20200421201619993.jpg');
INSERT INTO `book_word` VALUES (311, 2174, 458, '石\\2020042120162023.jpg');
INSERT INTO `book_word` VALUES (312, 1572, 458, '桃\\2020042120162051.jpg');
INSERT INTO `book_word` VALUES (313, 1763, 458, '洞\\2020042120162080.jpg');
INSERT INTO `book_word` VALUES (314, 3309, 458, '隐\\20200421201620104.jpg');
INSERT INTO `book_word` VALUES (315, 2207, 458, '碳\\20200421201620125.jpg');
INSERT INTO `book_word` VALUES (316, 2630, 458, '花\\20200421201620149.jpg');
INSERT INTO `book_word` VALUES (317, 629, 458, '在\\20200421201620177.jpg');
INSERT INTO `book_word` VALUES (318, 3391, 458, '飞\\20200421201620201.jpg');
INSERT INTO `book_word` VALUES (319, 2852, 458, '西\\20200421201620229.jpg');
INSERT INTO `book_word` VALUES (320, 878, 458, '尽\\20200421201620255.jpg');
INSERT INTO `book_word` VALUES (321, 1808, 458, '淆\\20200421201620280.jpg');
INSERT INTO `book_word` VALUES (322, 1580, 458, '桥\\20200421201620305.jpg');
INSERT INTO `book_word` VALUES (323, 2061, 458, '畔\\20200421201620332.jpg');
INSERT INTO `book_word` VALUES (324, 1422, 458, '日\\20200421201620364.jpg');
INSERT INTO `book_word` VALUES (325, 1847, 458, '溪\\20200421201620392.jpg');
INSERT INTO `book_word` VALUES (326, 3310, 458, '隔\\20200421201620422.jpg');
INSERT INTO `book_word` VALUES (327, 3262, 458, '问\\20200421201620452.jpg');
INSERT INTO `book_word` VALUES (328, 3308, 458, '随\\20200421201620480.jpg');
INSERT INTO `book_word` VALUES (329, 146, 458, '何\\20200421201620508.jpg');
INSERT INTO `book_word` VALUES (330, 3189, 458, '野\\20200421201620536.jpg');
INSERT INTO `book_word` VALUES (331, 1825, 458, '渔\\20200421201620562.jpg');
INSERT INTO `book_word` VALUES (332, 277, 458, '凉\\20200421201620586.jpg');
INSERT INTO `book_word` VALUES (333, 701, 458, '处\\20200421201620610.jpg');
INSERT INTO `book_word` VALUES (334, 1916, 458, '烟\\20200421201620634.jpg');
INSERT INTO `book_word` VALUES (335, 2609, 458, '船\\20200421201620658.jpg');
INSERT INTO `book_word` VALUES (336, 1700, 458, '水\\20200421201620680.jpg');
INSERT INTO `book_word` VALUES (337, 3309, 458, '隐\\2020042120221172.jpg');
INSERT INTO `book_word` VALUES (338, 2174, 458, '石\\2020042120221197.jpg');
INSERT INTO `book_word` VALUES (339, 1572, 458, '桃\\20200421202211120.jpg');
INSERT INTO `book_word` VALUES (340, 1763, 458, '洞\\20200421202211152.jpg');
INSERT INTO `book_word` VALUES (341, 3309, 458, '隐\\20200421202211353.jpg');
INSERT INTO `book_word` VALUES (342, 2207, 458, '碳\\20200421202211378.jpg');
INSERT INTO `book_word` VALUES (343, 2630, 458, '花\\20200421202211405.jpg');
INSERT INTO `book_word` VALUES (344, 629, 458, '在\\20200421202211430.jpg');
INSERT INTO `book_word` VALUES (345, 3391, 458, '飞\\20200421202211455.jpg');
INSERT INTO `book_word` VALUES (346, 2852, 458, '西\\20200421202211479.jpg');
INSERT INTO `book_word` VALUES (347, 878, 458, '尽\\20200421202211503.jpg');
INSERT INTO `book_word` VALUES (348, 1808, 458, '淆\\20200421202211528.jpg');
INSERT INTO `book_word` VALUES (349, 1580, 458, '桥\\20200421202211551.jpg');
INSERT INTO `book_word` VALUES (350, 2061, 458, '畔\\20200421202211576.jpg');
INSERT INTO `book_word` VALUES (351, 1422, 458, '日\\20200421202211600.jpg');
INSERT INTO `book_word` VALUES (352, 1847, 458, '溪\\20200421202211624.jpg');
INSERT INTO `book_word` VALUES (353, 3310, 458, '隔\\20200421202211647.jpg');
INSERT INTO `book_word` VALUES (354, 3262, 458, '问\\20200421202211671.jpg');
INSERT INTO `book_word` VALUES (355, 3308, 458, '随\\20200421202211695.jpg');
INSERT INTO `book_word` VALUES (356, 146, 458, '何\\20200421202211716.jpg');
INSERT INTO `book_word` VALUES (357, 3189, 458, '野\\20200421202211739.jpg');
INSERT INTO `book_word` VALUES (358, 1825, 458, '渔\\20200421202211761.jpg');
INSERT INTO `book_word` VALUES (359, 277, 458, '凉\\20200421202211781.jpg');
INSERT INTO `book_word` VALUES (360, 701, 458, '处\\20200421202211801.jpg');
INSERT INTO `book_word` VALUES (361, 1916, 458, '烟\\20200421202211821.jpg');
INSERT INTO `book_word` VALUES (362, 2609, 458, '船\\20200421202211840.jpg');
INSERT INTO `book_word` VALUES (363, 1700, 458, '水\\20200421202211866.jpg');
INSERT INTO `book_word` VALUES (364, 3309, 464, '隐\\20200424023126454.jpg');
INSERT INTO `book_word` VALUES (365, 2174, 464, '石\\20200424023126507.jpg');
INSERT INTO `book_word` VALUES (366, 1572, 464, '桃\\20200424023126517.jpg');
INSERT INTO `book_word` VALUES (367, 1763, 464, '洞\\20200424023126523.jpg');
INSERT INTO `book_word` VALUES (368, 3309, 464, '隐\\20200424023126531.jpg');
INSERT INTO `book_word` VALUES (369, 2207, 464, '碳\\20200424023126539.jpg');
INSERT INTO `book_word` VALUES (370, 2630, 464, '花\\20200424023126546.jpg');
INSERT INTO `book_word` VALUES (371, 629, 464, '在\\20200424023126552.jpg');
INSERT INTO `book_word` VALUES (372, 3391, 464, '飞\\20200424023126562.jpg');
INSERT INTO `book_word` VALUES (373, 2852, 464, '西\\20200424023126569.jpg');
INSERT INTO `book_word` VALUES (374, 878, 464, '尽\\20200424023126575.jpg');
INSERT INTO `book_word` VALUES (375, 1808, 464, '淆\\20200424023126583.jpg');
INSERT INTO `book_word` VALUES (376, 1580, 464, '桥\\20200424023126595.jpg');
INSERT INTO `book_word` VALUES (377, 2061, 464, '畔\\20200424023126602.jpg');
INSERT INTO `book_word` VALUES (378, 1422, 464, '日\\20200424023126608.jpg');
INSERT INTO `book_word` VALUES (379, 1847, 464, '溪\\20200424023126618.jpg');
INSERT INTO `book_word` VALUES (380, 3310, 464, '隔\\20200424023126627.jpg');
INSERT INTO `book_word` VALUES (381, 3262, 464, '问\\20200424023126633.jpg');
INSERT INTO `book_word` VALUES (382, 3308, 464, '随\\20200424023126640.jpg');
INSERT INTO `book_word` VALUES (383, 146, 464, '何\\20200424023126647.jpg');
INSERT INTO `book_word` VALUES (384, 3189, 464, '野\\20200424023126653.jpg');
INSERT INTO `book_word` VALUES (385, 1825, 464, '渔\\20200424023126659.jpg');
INSERT INTO `book_word` VALUES (386, 277, 464, '凉\\20200424023126665.jpg');
INSERT INTO `book_word` VALUES (387, 701, 464, '处\\20200424023126672.jpg');
INSERT INTO `book_word` VALUES (388, 1916, 464, '烟\\20200424023126679.jpg');
INSERT INTO `book_word` VALUES (389, 2609, 464, '船\\20200424023126685.jpg');
INSERT INTO `book_word` VALUES (390, 1700, 464, '水\\20200424023126692.jpg');
INSERT INTO `book_word` VALUES (391, 3309, 465, '隐\\20200424030704665.jpg');
INSERT INTO `book_word` VALUES (392, 2174, 465, '石\\20200424030704675.jpg');
INSERT INTO `book_word` VALUES (393, 1572, 465, '桃\\20200424030704680.jpg');
INSERT INTO `book_word` VALUES (394, 1763, 465, '洞\\20200424030704687.jpg');
INSERT INTO `book_word` VALUES (395, 3309, 465, '隐\\20200424030704694.jpg');
INSERT INTO `book_word` VALUES (396, 2207, 465, '碳\\20200424030704700.jpg');
INSERT INTO `book_word` VALUES (397, 2630, 465, '花\\20200424030704709.jpg');
INSERT INTO `book_word` VALUES (398, 629, 465, '在\\20200424030704714.jpg');
INSERT INTO `book_word` VALUES (399, 3391, 465, '飞\\20200424030704720.jpg');
INSERT INTO `book_word` VALUES (400, 2852, 465, '西\\20200424030704727.jpg');
INSERT INTO `book_word` VALUES (401, 878, 465, '尽\\20200424030704733.jpg');
INSERT INTO `book_word` VALUES (402, 1808, 465, '淆\\20200424030704739.jpg');
INSERT INTO `book_word` VALUES (403, 1580, 465, '桥\\20200424030704747.jpg');
INSERT INTO `book_word` VALUES (404, 2061, 465, '畔\\20200424030704753.jpg');
INSERT INTO `book_word` VALUES (405, 1422, 465, '日\\20200424030704760.jpg');
INSERT INTO `book_word` VALUES (406, 1847, 465, '溪\\20200424030704766.jpg');
INSERT INTO `book_word` VALUES (407, 3310, 465, '隔\\20200424030704772.jpg');
INSERT INTO `book_word` VALUES (408, 3262, 465, '问\\20200424030704779.jpg');
INSERT INTO `book_word` VALUES (409, 3308, 465, '随\\20200424030704786.jpg');
INSERT INTO `book_word` VALUES (410, 146, 465, '何\\20200424030704793.jpg');
INSERT INTO `book_word` VALUES (411, 3189, 465, '野\\20200424030704801.jpg');
INSERT INTO `book_word` VALUES (412, 1825, 465, '渔\\20200424030704808.jpg');
INSERT INTO `book_word` VALUES (413, 277, 465, '凉\\20200424030704815.jpg');
INSERT INTO `book_word` VALUES (414, 701, 465, '处\\20200424030704820.jpg');
INSERT INTO `book_word` VALUES (415, 1916, 465, '烟\\20200424030704829.jpg');
INSERT INTO `book_word` VALUES (416, 2609, 465, '船\\20200424030704835.jpg');
INSERT INTO `book_word` VALUES (417, 1700, 465, '水\\20200424030704842.jpg');
INSERT INTO `book_word` VALUES (418, 3309, 460, '隐\\2020042403071958.jpg');
INSERT INTO `book_word` VALUES (419, 2174, 460, '石\\2020042403071964.jpg');
INSERT INTO `book_word` VALUES (420, 1572, 460, '桃\\2020042403071969.jpg');
INSERT INTO `book_word` VALUES (421, 1763, 460, '洞\\2020042403071974.jpg');
INSERT INTO `book_word` VALUES (422, 3309, 460, '隐\\2020042403071980.jpg');
INSERT INTO `book_word` VALUES (423, 2207, 460, '碳\\2020042403071985.jpg');
INSERT INTO `book_word` VALUES (424, 2630, 460, '花\\2020042403071991.jpg');
INSERT INTO `book_word` VALUES (425, 629, 460, '在\\2020042403071996.jpg');
INSERT INTO `book_word` VALUES (426, 3391, 460, '飞\\20200424030719101.jpg');
INSERT INTO `book_word` VALUES (427, 2852, 460, '西\\20200424030719107.jpg');
INSERT INTO `book_word` VALUES (428, 878, 460, '尽\\20200424030719112.jpg');
INSERT INTO `book_word` VALUES (429, 1808, 460, '淆\\20200424030719117.jpg');
INSERT INTO `book_word` VALUES (430, 1580, 460, '桥\\20200424030719123.jpg');
INSERT INTO `book_word` VALUES (431, 2061, 460, '畔\\20200424030719129.jpg');
INSERT INTO `book_word` VALUES (432, 1422, 460, '日\\20200424030719133.jpg');
INSERT INTO `book_word` VALUES (433, 1847, 460, '溪\\20200424030719139.jpg');
INSERT INTO `book_word` VALUES (434, 3310, 460, '隔\\20200424030719147.jpg');
INSERT INTO `book_word` VALUES (435, 3262, 460, '问\\20200424030719152.jpg');
INSERT INTO `book_word` VALUES (436, 3308, 460, '随\\20200424030719158.jpg');
INSERT INTO `book_word` VALUES (437, 146, 460, '何\\20200424030719164.jpg');
INSERT INTO `book_word` VALUES (438, 3189, 460, '野\\20200424030719169.jpg');
INSERT INTO `book_word` VALUES (439, 1825, 460, '渔\\20200424030719175.jpg');
INSERT INTO `book_word` VALUES (440, 277, 460, '凉\\20200424030719179.jpg');
INSERT INTO `book_word` VALUES (441, 701, 460, '处\\20200424030719184.jpg');
INSERT INTO `book_word` VALUES (442, 1916, 460, '烟\\20200424030719189.jpg');
INSERT INTO `book_word` VALUES (443, 2609, 460, '船\\20200424030719194.jpg');
INSERT INTO `book_word` VALUES (444, 1700, 460, '水\\20200424030719199.jpg');
INSERT INTO `book_word` VALUES (445, 3309, 466, '隐\\20200424111758433.jpg');
INSERT INTO `book_word` VALUES (446, 2174, 466, '石\\20200424111758444.jpg');
INSERT INTO `book_word` VALUES (447, 1572, 466, '桃\\20200424111758449.jpg');
INSERT INTO `book_word` VALUES (448, 1763, 466, '洞\\20200424111758457.jpg');
INSERT INTO `book_word` VALUES (449, 3309, 466, '隐\\20200424111758464.jpg');
INSERT INTO `book_word` VALUES (450, 2207, 466, '碳\\20200424111758472.jpg');
INSERT INTO `book_word` VALUES (451, 2630, 466, '花\\20200424111758478.jpg');
INSERT INTO `book_word` VALUES (452, 629, 466, '在\\20200424111758483.jpg');
INSERT INTO `book_word` VALUES (453, 3391, 466, '飞\\20200424111758492.jpg');
INSERT INTO `book_word` VALUES (454, 2852, 466, '西\\20200424111758498.jpg');
INSERT INTO `book_word` VALUES (455, 878, 466, '尽\\20200424111758505.jpg');
INSERT INTO `book_word` VALUES (456, 1808, 466, '淆\\20200424111758514.jpg');
INSERT INTO `book_word` VALUES (457, 1580, 466, '桥\\20200424111758524.jpg');
INSERT INTO `book_word` VALUES (458, 2061, 466, '畔\\20200424111758530.jpg');
INSERT INTO `book_word` VALUES (459, 1422, 466, '日\\20200424111758539.jpg');
INSERT INTO `book_word` VALUES (460, 1847, 466, '溪\\20200424111758546.jpg');
INSERT INTO `book_word` VALUES (461, 3310, 466, '隔\\20200424111758553.jpg');
INSERT INTO `book_word` VALUES (462, 3262, 466, '问\\20200424111758561.jpg');
INSERT INTO `book_word` VALUES (463, 3308, 466, '随\\20200424111758567.jpg');
INSERT INTO `book_word` VALUES (464, 146, 466, '何\\20200424111758575.jpg');
INSERT INTO `book_word` VALUES (465, 3189, 466, '野\\20200424111758581.jpg');
INSERT INTO `book_word` VALUES (466, 1825, 466, '渔\\20200424111758589.jpg');
INSERT INTO `book_word` VALUES (467, 277, 466, '凉\\20200424111758595.jpg');
INSERT INTO `book_word` VALUES (468, 701, 466, '处\\20200424111758712.jpg');
INSERT INTO `book_word` VALUES (469, 1916, 466, '烟\\20200424111758722.jpg');
INSERT INTO `book_word` VALUES (470, 2609, 466, '船\\20200424111758731.jpg');
INSERT INTO `book_word` VALUES (471, 1700, 466, '水\\20200424111758740.jpg');
INSERT INTO `book_word` VALUES (472, 3309, 459, '隐\\20200424114839969.jpg');
INSERT INTO `book_word` VALUES (473, 2174, 459, '石\\20200424114840160.jpg');
INSERT INTO `book_word` VALUES (474, 1572, 459, '桃\\20200424114840195.jpg');
INSERT INTO `book_word` VALUES (475, 1763, 459, '洞\\20200424114840211.jpg');
INSERT INTO `book_word` VALUES (476, 3309, 459, '隐\\20200424114840223.jpg');
INSERT INTO `book_word` VALUES (477, 2207, 459, '碳\\20200424114840232.jpg');
INSERT INTO `book_word` VALUES (478, 2630, 459, '花\\20200424114840243.jpg');
INSERT INTO `book_word` VALUES (479, 629, 459, '在\\20200424114840251.jpg');
INSERT INTO `book_word` VALUES (480, 3391, 459, '飞\\20200424114840260.jpg');
INSERT INTO `book_word` VALUES (481, 2852, 459, '西\\20200424114840267.jpg');
INSERT INTO `book_word` VALUES (482, 878, 459, '尽\\20200424114840280.jpg');
INSERT INTO `book_word` VALUES (483, 1808, 459, '淆\\20200424114840289.jpg');
INSERT INTO `book_word` VALUES (484, 1580, 459, '桥\\20200424114840299.jpg');
INSERT INTO `book_word` VALUES (485, 2061, 459, '畔\\20200424114840312.jpg');
INSERT INTO `book_word` VALUES (486, 1422, 459, '日\\20200424114840325.jpg');
INSERT INTO `book_word` VALUES (487, 1847, 459, '溪\\20200424114840331.jpg');
INSERT INTO `book_word` VALUES (488, 3310, 459, '隔\\20200424114840341.jpg');
INSERT INTO `book_word` VALUES (489, 3262, 459, '问\\20200424114840353.jpg');
INSERT INTO `book_word` VALUES (490, 3308, 459, '随\\20200424114840359.jpg');
INSERT INTO `book_word` VALUES (491, 146, 459, '何\\20200424114840366.jpg');
INSERT INTO `book_word` VALUES (492, 3189, 459, '野\\20200424114840376.jpg');
INSERT INTO `book_word` VALUES (493, 1825, 459, '渔\\20200424114840383.jpg');
INSERT INTO `book_word` VALUES (494, 277, 459, '凉\\20200424114840393.jpg');
INSERT INTO `book_word` VALUES (495, 701, 459, '处\\20200424114840400.jpg');
INSERT INTO `book_word` VALUES (496, 1916, 459, '烟\\20200424114840409.jpg');
INSERT INTO `book_word` VALUES (497, 2609, 459, '船\\20200424114840416.jpg');
INSERT INTO `book_word` VALUES (498, 1700, 459, '水\\20200424114840428.jpg');
INSERT INTO `book_word` VALUES (499, 3309, 468, '隐\\20200424114902911.jpg');
INSERT INTO `book_word` VALUES (500, 2174, 468, '石\\20200424114902918.jpg');
INSERT INTO `book_word` VALUES (501, 1572, 468, '桃\\20200424114902924.jpg');
INSERT INTO `book_word` VALUES (502, 1763, 468, '洞\\20200424114902929.jpg');
INSERT INTO `book_word` VALUES (503, 3309, 468, '隐\\20200424114902936.jpg');
INSERT INTO `book_word` VALUES (504, 2207, 468, '碳\\20200424114902941.jpg');
INSERT INTO `book_word` VALUES (505, 2630, 468, '花\\20200424114902948.jpg');
INSERT INTO `book_word` VALUES (506, 629, 468, '在\\20200424114902954.jpg');
INSERT INTO `book_word` VALUES (507, 3391, 468, '飞\\20200424114902959.jpg');
INSERT INTO `book_word` VALUES (508, 2852, 468, '西\\20200424114902966.jpg');
INSERT INTO `book_word` VALUES (509, 878, 468, '尽\\20200424114902971.jpg');
INSERT INTO `book_word` VALUES (510, 1808, 468, '淆\\20200424114902977.jpg');
INSERT INTO `book_word` VALUES (511, 1580, 468, '桥\\20200424114902984.jpg');
INSERT INTO `book_word` VALUES (512, 2061, 468, '畔\\20200424114902989.jpg');
INSERT INTO `book_word` VALUES (513, 1422, 468, '日\\20200424114902996.jpg');
INSERT INTO `book_word` VALUES (514, 1847, 468, '溪\\2020042411490302.jpg');
INSERT INTO `book_word` VALUES (515, 3310, 468, '隔\\2020042411490308.jpg');
INSERT INTO `book_word` VALUES (516, 3262, 468, '问\\2020042411490315.jpg');
INSERT INTO `book_word` VALUES (517, 3308, 468, '随\\2020042411490321.jpg');
INSERT INTO `book_word` VALUES (518, 146, 468, '何\\2020042411490326.jpg');
INSERT INTO `book_word` VALUES (519, 3189, 468, '野\\2020042411490333.jpg');
INSERT INTO `book_word` VALUES (520, 1825, 468, '渔\\2020042411490340.jpg');
INSERT INTO `book_word` VALUES (521, 277, 468, '凉\\2020042411490347.jpg');
INSERT INTO `book_word` VALUES (522, 701, 468, '处\\2020042411490354.jpg');
INSERT INTO `book_word` VALUES (523, 1916, 468, '烟\\2020042411490360.jpg');
INSERT INTO `book_word` VALUES (524, 2609, 468, '船\\2020042411490371.jpg');
INSERT INTO `book_word` VALUES (525, 1700, 468, '水\\2020042411490379.jpg');
INSERT INTO `book_word` VALUES (526, 3309, 469, '隐\\20200424222533822.jpg');
INSERT INTO `book_word` VALUES (527, 2174, 469, '石\\20200424222533890.jpg');
INSERT INTO `book_word` VALUES (528, 1572, 469, '桃\\20200424222533959.jpg');
INSERT INTO `book_word` VALUES (529, 1763, 469, '洞\\20200424222533966.jpg');
INSERT INTO `book_word` VALUES (530, 3309, 469, '隐\\20200424222533995.jpg');
INSERT INTO `book_word` VALUES (531, 2207, 469, '碳\\2020042422253407.jpg');
INSERT INTO `book_word` VALUES (532, 2630, 469, '花\\2020042422253419.jpg');
INSERT INTO `book_word` VALUES (533, 629, 469, '在\\2020042422253486.jpg');
INSERT INTO `book_word` VALUES (534, 3391, 469, '飞\\2020042422253498.jpg');
INSERT INTO `book_word` VALUES (535, 2852, 469, '西\\20200424222534106.jpg');
INSERT INTO `book_word` VALUES (536, 878, 469, '尽\\20200424222534114.jpg');
INSERT INTO `book_word` VALUES (537, 1808, 469, '淆\\20200424222534180.jpg');
INSERT INTO `book_word` VALUES (538, 1580, 469, '桥\\20200424222534195.jpg');
INSERT INTO `book_word` VALUES (539, 2061, 469, '畔\\20200424222534210.jpg');
INSERT INTO `book_word` VALUES (540, 1422, 469, '日\\20200424222534221.jpg');
INSERT INTO `book_word` VALUES (541, 1847, 469, '溪\\20200424222534290.jpg');
INSERT INTO `book_word` VALUES (542, 3310, 469, '隔\\20200424222534301.jpg');
INSERT INTO `book_word` VALUES (543, 3262, 469, '问\\20200424222534310.jpg');
INSERT INTO `book_word` VALUES (544, 3308, 469, '随\\20200424222534319.jpg');
INSERT INTO `book_word` VALUES (545, 146, 469, '何\\20200424222534386.jpg');
INSERT INTO `book_word` VALUES (546, 3189, 469, '野\\20200424222534392.jpg');
INSERT INTO `book_word` VALUES (547, 1825, 469, '渔\\20200424222534397.jpg');
INSERT INTO `book_word` VALUES (548, 277, 469, '凉\\20200424222534403.jpg');
INSERT INTO `book_word` VALUES (549, 701, 469, '处\\20200424222534463.jpg');
INSERT INTO `book_word` VALUES (550, 1916, 469, '烟\\20200424222534469.jpg');
INSERT INTO `book_word` VALUES (551, 2609, 469, '船\\20200424222534475.jpg');
INSERT INTO `book_word` VALUES (552, 1700, 469, '水\\20200424222534481.jpg');
INSERT INTO `book_word` VALUES (553, 3309, 461, '隐\\2020042422260073.jpg');
INSERT INTO `book_word` VALUES (554, 2174, 461, '石\\2020042422260079.jpg');
INSERT INTO `book_word` VALUES (555, 1572, 461, '桃\\2020042422260085.jpg');
INSERT INTO `book_word` VALUES (556, 1763, 461, '洞\\2020042422260089.jpg');
INSERT INTO `book_word` VALUES (557, 3309, 461, '隐\\2020042422260096.jpg');
INSERT INTO `book_word` VALUES (558, 2207, 461, '碳\\20200424222600104.jpg');
INSERT INTO `book_word` VALUES (559, 2630, 461, '花\\20200424222600111.jpg');
INSERT INTO `book_word` VALUES (560, 629, 461, '在\\20200424222600116.jpg');
INSERT INTO `book_word` VALUES (561, 3391, 461, '飞\\20200424222600120.jpg');
INSERT INTO `book_word` VALUES (562, 2852, 461, '西\\20200424222600127.jpg');
INSERT INTO `book_word` VALUES (563, 878, 461, '尽\\20200424222600132.jpg');
INSERT INTO `book_word` VALUES (564, 1808, 461, '淆\\20200424222600137.jpg');
INSERT INTO `book_word` VALUES (565, 1580, 461, '桥\\20200424222600142.jpg');
INSERT INTO `book_word` VALUES (566, 2061, 461, '畔\\20200424222600148.jpg');
INSERT INTO `book_word` VALUES (567, 1422, 461, '日\\20200424222600153.jpg');
INSERT INTO `book_word` VALUES (568, 1847, 461, '溪\\20200424222600157.jpg');
INSERT INTO `book_word` VALUES (569, 3310, 461, '隔\\20200424222600163.jpg');
INSERT INTO `book_word` VALUES (570, 3262, 461, '问\\20200424222600167.jpg');
INSERT INTO `book_word` VALUES (571, 3308, 461, '随\\20200424222600171.jpg');
INSERT INTO `book_word` VALUES (572, 146, 461, '何\\20200424222600179.jpg');
INSERT INTO `book_word` VALUES (573, 3189, 461, '野\\20200424222600202.jpg');
INSERT INTO `book_word` VALUES (574, 1825, 461, '渔\\20200424222600210.jpg');
INSERT INTO `book_word` VALUES (575, 277, 461, '凉\\20200424222600215.jpg');
INSERT INTO `book_word` VALUES (576, 701, 461, '处\\20200424222600219.jpg');
INSERT INTO `book_word` VALUES (577, 1916, 461, '烟\\20200424222600225.jpg');
INSERT INTO `book_word` VALUES (578, 2609, 461, '船\\20200424222600230.jpg');
INSERT INTO `book_word` VALUES (579, 1700, 461, '水\\20200424222600235.jpg');
INSERT INTO `book_word` VALUES (580, 2163, 463, '瞭\\20200425013537609.jpg');
INSERT INTO `book_word` VALUES (581, 2163, 463, '瞭\\20200425013537620.jpg');
INSERT INTO `book_word` VALUES (582, 2163, 463, '瞭\\20200425013537628.jpg');
INSERT INTO `book_word` VALUES (583, 2163, 463, '瞭\\20200425013537634.jpg');
INSERT INTO `book_word` VALUES (584, 572, 463, '啰\\20200425013537641.jpg');
INSERT INTO `book_word` VALUES (585, 2163, 463, '瞭\\20200425013537648.jpg');
INSERT INTO `book_word` VALUES (586, 2163, 463, '瞭\\20200425013537657.jpg');
INSERT INTO `book_word` VALUES (587, 2163, 463, '瞭\\20200425013537663.jpg');
INSERT INTO `book_word` VALUES (588, 2195, 463, '硼\\20200425013537669.jpg');
INSERT INTO `book_word` VALUES (589, 3473, 463, '鹏\\20200425013537675.jpg');
INSERT INTO `book_word` VALUES (590, 2615, 463, '艳\\20200425013537680.jpg');
INSERT INTO `book_word` VALUES (591, 2391, 463, '纵\\20200425013537688.jpg');
INSERT INTO `book_word` VALUES (592, 2391, 463, '纵\\20200425013537702.jpg');
INSERT INTO `book_word` VALUES (593, 2391, 463, '纵\\20200425013537709.jpg');
INSERT INTO `book_word` VALUES (594, 2540, 463, '胧\\20200425013537715.jpg');
INSERT INTO `book_word` VALUES (595, 2116, 463, '皿\\20200425013537722.jpg');
INSERT INTO `book_word` VALUES (596, 612, 463, '四\\20200425013537729.jpg');
INSERT INTO `book_word` VALUES (597, 612, 463, '四\\20200425013537735.jpg');
INSERT INTO `book_word` VALUES (598, 2116, 463, '皿\\20200425013537740.jpg');
INSERT INTO `book_word` VALUES (599, 2116, 463, '皿\\20200425013537746.jpg');
INSERT INTO `book_word` VALUES (600, 2116, 463, '皿\\20200425013537752.jpg');
INSERT INTO `book_word` VALUES (601, 612, 463, '四\\20200425013537759.jpg');
INSERT INTO `book_word` VALUES (602, 612, 463, '四\\20200425013537764.jpg');
INSERT INTO `book_word` VALUES (603, 2116, 463, '皿\\20200425013537771.jpg');
INSERT INTO `book_word` VALUES (604, 612, 463, '四\\20200425013537776.jpg');
INSERT INTO `book_word` VALUES (605, 612, 463, '四\\20200425013537781.jpg');
INSERT INTO `book_word` VALUES (606, 1866, 463, '漓\\20200425013537787.jpg');
INSERT INTO `book_word` VALUES (607, 2036, 463, '瓣\\20200425013537793.jpg');
INSERT INTO `book_word` VALUES (608, 2391, 463, '纵\\20200425013537798.jpg');
INSERT INTO `book_word` VALUES (609, 1911, 463, '烂\\20200425013537803.jpg');
INSERT INTO `book_word` VALUES (610, 2615, 463, '艳\\20200425013537809.jpg');
INSERT INTO `book_word` VALUES (611, 2540, 463, '胧\\20200425013537814.jpg');
INSERT INTO `book_word` VALUES (612, 774, 463, '娜\\20200425013537819.jpg');
INSERT INTO `book_word` VALUES (613, 2428, 463, '绷\\20200425013537824.jpg');
INSERT INTO `book_word` VALUES (614, 1153, 463, '懈\\20200425013537829.jpg');
INSERT INTO `book_word` VALUES (615, 2731, 463, '蕊\\20200425013537836.jpg');
INSERT INTO `book_word` VALUES (616, 389, 463, '协\\20200425013537841.jpg');
INSERT INTO `book_word` VALUES (617, 449, 463, '叫\\20200425013537847.jpg');
INSERT INTO `book_word` VALUES (618, 3191, 463, '金\\20200425013537853.jpg');
INSERT INTO `book_word` VALUES (619, 2314, 463, '等\\20200425013537858.jpg');
INSERT INTO `book_word` VALUES (620, 3031, 463, '跳\\20200425013537863.jpg');
INSERT INTO `book_word` VALUES (621, 66, 463, '二\\20200425013537868.jpg');
INSERT INTO `book_word` VALUES (622, 66, 463, '二\\20200425013537874.jpg');
INSERT INTO `book_word` VALUES (623, 66, 463, '二\\20200425013537879.jpg');
INSERT INTO `book_word` VALUES (624, 66, 463, '二\\20200425013537884.jpg');
INSERT INTO `book_word` VALUES (625, 763, 463, '姚\\20200425013537889.jpg');
INSERT INTO `book_word` VALUES (626, 1866, 463, '漓\\20200425013537894.jpg');
INSERT INTO `book_word` VALUES (627, 3473, 463, '鹏\\20200425013537900.jpg');
INSERT INTO `book_word` VALUES (628, 3356, 463, '鞭\\20200425013537905.jpg');
INSERT INTO `book_word` VALUES (629, 2163, 463, '瞭\\20200425013537915.jpg');
INSERT INTO `book_word` VALUES (630, 184, 463, '俱\\20200425013537921.jpg');
INSERT INTO `book_word` VALUES (631, 1153, 463, '懈\\20200425013537927.jpg');
INSERT INTO `book_word` VALUES (632, 2391, 463, '纵\\20200425013537932.jpg');
INSERT INTO `book_word` VALUES (633, 66, 463, '二\\20200425013537937.jpg');
INSERT INTO `book_word` VALUES (634, 66, 463, '二\\20200425013537942.jpg');
INSERT INTO `book_word` VALUES (635, 66, 463, '二\\20200425013537948.jpg');
INSERT INTO `book_word` VALUES (636, 1348, 463, '摊\\20200425013537953.jpg');
INSERT INTO `book_word` VALUES (637, 2115, 463, '皱\\20200425013537959.jpg');
INSERT INTO `book_word` VALUES (638, 2163, 463, '瞭\\20200425013537968.jpg');
INSERT INTO `book_word` VALUES (639, 2604, 463, '舰\\20200425013537974.jpg');
INSERT INTO `book_word` VALUES (640, 969, 463, '幻\\20200425013537979.jpg');
INSERT INTO `book_word` VALUES (641, 2034, 463, '瓜\\20200425013537984.jpg');
INSERT INTO `book_word` VALUES (642, 1298, 463, '掀\\20200425013537990.jpg');
INSERT INTO `book_word` VALUES (643, 903, 463, '岔\\20200425013537997.jpg');
INSERT INTO `book_word` VALUES (644, 2195, 463, '硼\\2020042501353803.jpg');
INSERT INTO `book_word` VALUES (645, 1355, 463, '撇\\2020042501353808.jpg');
INSERT INTO `book_word` VALUES (646, 2163, 463, '瞭\\2020042501353814.jpg');
INSERT INTO `book_word` VALUES (647, 3474, 463, '鹤\\2020042501353819.jpg');
INSERT INTO `book_word` VALUES (648, 52, 463, '乙\\2020042501353825.jpg');
INSERT INTO `book_word` VALUES (649, 52, 463, '乙\\2020042501353830.jpg');
INSERT INTO `book_word` VALUES (650, 96, 463, '从\\2020042501353835.jpg');
INSERT INTO `book_word` VALUES (651, 2615, 463, '艳\\2020042501353841.jpg');
INSERT INTO `book_word` VALUES (652, 2163, 463, '瞭\\2020042501353846.jpg');
INSERT INTO `book_word` VALUES (653, 2391, 463, '纵\\2020042501353851.jpg');
INSERT INTO `book_word` VALUES (654, 66, 463, '二\\2020042501353857.jpg');
INSERT INTO `book_word` VALUES (655, 2163, 463, '瞭\\2020042501353863.jpg');
INSERT INTO `book_word` VALUES (656, 2763, 463, '蚜\\2020042501353869.jpg');
INSERT INTO `book_word` VALUES (657, 2195, 463, '硼\\2020042501353873.jpg');
INSERT INTO `book_word` VALUES (658, 2380, 463, '红\\2020042501353878.jpg');
INSERT INTO `book_word` VALUES (659, 312, 463, '删\\2020042501353884.jpg');
INSERT INTO `book_word` VALUES (660, 2163, 463, '瞭\\2020042501353889.jpg');
INSERT INTO `book_word` VALUES (661, 2163, 463, '瞭\\2020042501353895.jpg');
INSERT INTO `book_word` VALUES (662, 2391, 463, '纵\\20200425013538100.jpg');
INSERT INTO `book_word` VALUES (663, 695, 463, '士\\20200425013538106.jpg');
INSERT INTO `book_word` VALUES (664, 3050, 463, '躏\\20200425013538109.jpg');
INSERT INTO `book_word` VALUES (665, 2163, 463, '瞭\\20200425013538114.jpg');
INSERT INTO `book_word` VALUES (666, 2163, 463, '瞭\\20200425013538121.jpg');
INSERT INTO `book_word` VALUES (667, 2362, 463, '糊\\20200425013538126.jpg');
INSERT INTO `book_word` VALUES (668, 66, 463, '二\\20200425013538132.jpg');
INSERT INTO `book_word` VALUES (669, 1668, 463, '歼\\20200425013538137.jpg');
INSERT INTO `book_word` VALUES (670, 2036, 463, '瓣\\20200425013538143.jpg');
INSERT INTO `book_word` VALUES (671, 1348, 463, '摊\\20200425013538147.jpg');
INSERT INTO `book_word` VALUES (672, 695, 463, '士\\20200425013538153.jpg');
INSERT INTO `book_word` VALUES (673, 3473, 463, '鹏\\20200425013538157.jpg');
INSERT INTO `book_word` VALUES (674, 2195, 463, '硼\\20200425013538162.jpg');
INSERT INTO `book_word` VALUES (675, 2380, 463, '红\\20200425013538166.jpg');
INSERT INTO `book_word` VALUES (676, 1866, 463, '漓\\20200425013538172.jpg');
INSERT INTO `book_word` VALUES (677, 66, 463, '二\\20200425013538176.jpg');
INSERT INTO `book_word` VALUES (678, 2163, 463, '瞭\\20200425013538182.jpg');
INSERT INTO `book_word` VALUES (679, 2163, 463, '瞭\\20200425013538187.jpg');
INSERT INTO `book_word` VALUES (680, 2163, 463, '瞭\\20200425013538192.jpg');
INSERT INTO `book_word` VALUES (681, 1348, 463, '摊\\20200425013538196.jpg');
INSERT INTO `book_word` VALUES (682, 2391, 463, '纵\\20200425013538202.jpg');
INSERT INTO `book_word` VALUES (683, 646, 463, '坠\\20200425013538207.jpg');
INSERT INTO `book_word` VALUES (684, 969, 463, '幻\\20200425013538213.jpg');
INSERT INTO `book_word` VALUES (685, 646, 463, '坠\\20200425013538218.jpg');
INSERT INTO `book_word` VALUES (686, 39, 463, '么\\20200425013538223.jpg');
INSERT INTO `book_word` VALUES (687, 3473, 463, '鹏\\20200425013538229.jpg');
INSERT INTO `book_word` VALUES (688, 2163, 463, '瞭\\20200425013538234.jpg');
INSERT INTO `book_word` VALUES (689, 2058, 463, '畅\\20200425013538239.jpg');
INSERT INTO `book_word` VALUES (690, 2391, 463, '纵\\20200425013538245.jpg');
INSERT INTO `book_word` VALUES (691, 2391, 463, '纵\\20200425013538250.jpg');
INSERT INTO `book_word` VALUES (692, 2163, 463, '瞭\\20200425013538256.jpg');
INSERT INTO `book_word` VALUES (693, 2163, 463, '瞭\\20200425013538261.jpg');
INSERT INTO `book_word` VALUES (694, 695, 463, '士\\20200425013538266.jpg');
INSERT INTO `book_word` VALUES (695, 2540, 463, '胧\\20200425013538271.jpg');
INSERT INTO `book_word` VALUES (696, 1355, 463, '撇\\20200425013538276.jpg');
INSERT INTO `book_word` VALUES (697, 2380, 463, '红\\20200425013538281.jpg');
INSERT INTO `book_word` VALUES (698, 903, 463, '岔\\20200425013538289.jpg');
INSERT INTO `book_word` VALUES (699, 2195, 463, '硼\\20200425013538295.jpg');
INSERT INTO `book_word` VALUES (700, 66, 463, '二\\20200425013538300.jpg');
INSERT INTO `book_word` VALUES (701, 2391, 463, '纵\\20200425013538306.jpg');
INSERT INTO `book_word` VALUES (702, 2537, 463, '胜\\20200425013538312.jpg');
INSERT INTO `book_word` VALUES (703, 2163, 463, '瞭\\20200425013538324.jpg');
INSERT INTO `book_word` VALUES (704, 66, 463, '二\\20200425013538333.jpg');
INSERT INTO `book_word` VALUES (705, 3473, 463, '鹏\\20200425013538343.jpg');
INSERT INTO `book_word` VALUES (706, 3031, 463, '跳\\20200425013538353.jpg');
INSERT INTO `book_word` VALUES (707, 969, 463, '幻\\20200425013538361.jpg');
INSERT INTO `book_word` VALUES (708, 969, 463, '幻\\20200425013538366.jpg');
INSERT INTO `book_word` VALUES (709, 1298, 463, '掀\\20200425013538371.jpg');
INSERT INTO `book_word` VALUES (710, 3045, 463, '蹦\\20200425013538376.jpg');
INSERT INTO `book_word` VALUES (711, 66, 463, '二\\20200425013538381.jpg');
INSERT INTO `book_word` VALUES (712, 3394, 463, '饥\\20200425013538386.jpg');
INSERT INTO `book_word` VALUES (713, 2391, 463, '纵\\20200425013538391.jpg');
INSERT INTO `book_word` VALUES (714, 2163, 463, '瞭\\20200425013538395.jpg');
INSERT INTO `book_word` VALUES (715, 695, 463, '士\\20200425013538400.jpg');
INSERT INTO `book_word` VALUES (716, 86, 463, '人\\20200425013538405.jpg');
INSERT INTO `book_word` VALUES (717, 3473, 463, '鹏\\20200425013538410.jpg');
INSERT INTO `book_word` VALUES (718, 3031, 463, '跳\\20200425013538419.jpg');
INSERT INTO `book_word` VALUES (719, 646, 463, '坠\\20200425013538425.jpg');
INSERT INTO `book_word` VALUES (720, 3456, 463, '鳞\\20200425013538429.jpg');
INSERT INTO `book_word` VALUES (721, 66, 463, '二\\20200425013538435.jpg');
INSERT INTO `book_word` VALUES (722, 695, 463, '士\\20200425013538440.jpg');
INSERT INTO `book_word` VALUES (723, 66, 463, '二\\20200425013538445.jpg');
INSERT INTO `book_word` VALUES (724, 3473, 463, '鹏\\20200425013538450.jpg');
INSERT INTO `book_word` VALUES (725, 2428, 463, '绷\\20200425013538456.jpg');
INSERT INTO `book_word` VALUES (726, 3473, 463, '鹏\\20200425013538461.jpg');
INSERT INTO `book_word` VALUES (727, 149, 463, '作\\20200425013538466.jpg');
INSERT INTO `book_word` VALUES (728, 2163, 463, '瞭\\20200425013538472.jpg');
INSERT INTO `book_word` VALUES (729, 3473, 463, '鹏\\20200425013538477.jpg');
INSERT INTO `book_word` VALUES (730, 1866, 463, '漓\\20200425013538482.jpg');
INSERT INTO `book_word` VALUES (731, 66, 463, '二\\20200425013538486.jpg');
INSERT INTO `book_word` VALUES (732, 3451, 463, '鲫\\20200425013538491.jpg');
INSERT INTO `book_word` VALUES (733, 106, 463, '以\\20200425013538496.jpg');
INSERT INTO `book_word` VALUES (734, 903, 463, '岔\\20200425013538501.jpg');
INSERT INTO `book_word` VALUES (735, 743, 463, '如\\20200425013538506.jpg');
INSERT INTO `book_word` VALUES (736, 2163, 463, '瞭\\20200425013538511.jpg');
INSERT INTO `book_word` VALUES (737, 6, 463, '三\\20200425013538516.jpg');
INSERT INTO `book_word` VALUES (738, 2163, 463, '瞭\\20200425013538522.jpg');
INSERT INTO `book_word` VALUES (739, 2163, 463, '瞭\\20200425013538526.jpg');
INSERT INTO `book_word` VALUES (740, 1636, 463, '模\\20200425013538531.jpg');
INSERT INTO `book_word` VALUES (741, 1724, 463, '没\\20200425013538536.jpg');
INSERT INTO `book_word` VALUES (742, 2163, 463, '瞭\\20200425013538542.jpg');
INSERT INTO `book_word` VALUES (743, 301, 463, '分\\20200425013538547.jpg');
INSERT INTO `book_word` VALUES (744, 2163, 463, '瞭\\20200425013538552.jpg');
INSERT INTO `book_word` VALUES (745, 910, 463, '岸\\20200425013538558.jpg');
INSERT INTO `book_word` VALUES (746, 1648, 463, '欠\\20200425013538563.jpg');
INSERT INTO `book_word` VALUES (747, 2163, 463, '瞭\\20200425013538569.jpg');
INSERT INTO `book_word` VALUES (748, 2163, 463, '瞭\\20200425013538574.jpg');
INSERT INTO `book_word` VALUES (749, 2163, 463, '瞭\\20200425013538579.jpg');
INSERT INTO `book_word` VALUES (750, 1410, 463, '断\\20200425013538584.jpg');
INSERT INTO `book_word` VALUES (751, 1153, 463, '懈\\20200425013538590.jpg');
INSERT INTO `book_word` VALUES (752, 2163, 463, '瞭\\20200425013538594.jpg');
INSERT INTO `book_word` VALUES (753, 3031, 463, '跳\\20200425013538599.jpg');
INSERT INTO `book_word` VALUES (754, 3451, 463, '鲫\\20200425013538604.jpg');
INSERT INTO `book_word` VALUES (755, 2163, 463, '瞭\\20200425013538609.jpg');
INSERT INTO `book_word` VALUES (756, 3473, 463, '鹏\\20200425013538614.jpg');
INSERT INTO `book_word` VALUES (757, 2163, 463, '瞭\\20200425013538619.jpg');
INSERT INTO `book_word` VALUES (758, 2365, 463, '糙\\20200425013538624.jpg');
INSERT INTO `book_word` VALUES (759, 903, 463, '岔\\20200425013538630.jpg');
INSERT INTO `book_word` VALUES (760, 2058, 463, '畅\\20200425013538635.jpg');
INSERT INTO `book_word` VALUES (761, 2163, 463, '瞭\\20200425013538641.jpg');
INSERT INTO `book_word` VALUES (762, 2362, 463, '糊\\20200425013538646.jpg');
INSERT INTO `book_word` VALUES (763, 312, 463, '删\\20200425013538652.jpg');
INSERT INTO `book_word` VALUES (764, 982, 463, '店\\20200425013538657.jpg');
INSERT INTO `book_word` VALUES (765, 2163, 463, '瞭\\20200425013538663.jpg');
INSERT INTO `book_word` VALUES (766, 1606, 463, '森\\20200425013538668.jpg');
INSERT INTO `book_word` VALUES (767, 2111, 463, '的\\20200425013538674.jpg');
INSERT INTO `book_word` VALUES (768, 2163, 463, '瞭\\20200425013538682.jpg');
INSERT INTO `book_word` VALUES (769, 1692, 463, '氓\\20200425013538688.jpg');
INSERT INTO `book_word` VALUES (770, 611, 463, '囚\\20200425013538697.jpg');
INSERT INTO `book_word` VALUES (771, 2163, 463, '瞭\\20200425013538703.jpg');
INSERT INTO `book_word` VALUES (772, 43, 463, '乍\\20200425013538713.jpg');
INSERT INTO `book_word` VALUES (773, 2163, 463, '瞭\\20200425013538820.jpg');
INSERT INTO `book_word` VALUES (774, 3309, 470, '隐\\20200425013807868.jpg');
INSERT INTO `book_word` VALUES (775, 2174, 470, '石\\20200425013807873.jpg');
INSERT INTO `book_word` VALUES (776, 1572, 470, '桃\\20200425013807878.jpg');
INSERT INTO `book_word` VALUES (777, 1763, 470, '洞\\20200425013807882.jpg');
INSERT INTO `book_word` VALUES (778, 3309, 470, '隐\\20200425013807888.jpg');
INSERT INTO `book_word` VALUES (779, 2207, 470, '碳\\20200425013807893.jpg');
INSERT INTO `book_word` VALUES (780, 2630, 470, '花\\20200425013807897.jpg');
INSERT INTO `book_word` VALUES (781, 629, 470, '在\\20200425013807902.jpg');
INSERT INTO `book_word` VALUES (782, 3391, 470, '飞\\20200425013807907.jpg');
INSERT INTO `book_word` VALUES (783, 2852, 470, '西\\20200425013807911.jpg');
INSERT INTO `book_word` VALUES (784, 878, 470, '尽\\20200425013807916.jpg');
INSERT INTO `book_word` VALUES (785, 1808, 470, '淆\\20200425013807922.jpg');
INSERT INTO `book_word` VALUES (786, 1580, 470, '桥\\20200425013807926.jpg');
INSERT INTO `book_word` VALUES (787, 2061, 470, '畔\\20200425013807930.jpg');
INSERT INTO `book_word` VALUES (788, 1422, 470, '日\\20200425013807935.jpg');
INSERT INTO `book_word` VALUES (789, 1847, 470, '溪\\20200425013807940.jpg');
INSERT INTO `book_word` VALUES (790, 3310, 470, '隔\\20200425013807945.jpg');
INSERT INTO `book_word` VALUES (791, 3262, 470, '问\\20200425013807949.jpg');
INSERT INTO `book_word` VALUES (792, 3308, 470, '随\\20200425013807955.jpg');
INSERT INTO `book_word` VALUES (793, 146, 470, '何\\20200425013807959.jpg');
INSERT INTO `book_word` VALUES (794, 3189, 470, '野\\20200425013807963.jpg');
INSERT INTO `book_word` VALUES (795, 1825, 470, '渔\\20200425013807968.jpg');
INSERT INTO `book_word` VALUES (796, 277, 470, '凉\\20200425013807973.jpg');
INSERT INTO `book_word` VALUES (797, 701, 470, '处\\20200425013807977.jpg');
INSERT INTO `book_word` VALUES (798, 1916, 470, '烟\\20200425013807981.jpg');
INSERT INTO `book_word` VALUES (799, 2609, 470, '船\\20200425013807985.jpg');
INSERT INTO `book_word` VALUES (800, 1700, 470, '水\\20200425013807991.jpg');
INSERT INTO `book_word` VALUES (801, 3309, 476, '隐\\20200426054315304.jpg');
INSERT INTO `book_word` VALUES (802, 2174, 476, '石\\20200426054315380.jpg');
INSERT INTO `book_word` VALUES (803, 1572, 476, '桃\\20200426054315431.jpg');
INSERT INTO `book_word` VALUES (804, 1763, 476, '洞\\20200426054315440.jpg');
INSERT INTO `book_word` VALUES (805, 3309, 476, '隐\\20200426054315477.jpg');
INSERT INTO `book_word` VALUES (806, 2207, 476, '碳\\20200426054315482.jpg');
INSERT INTO `book_word` VALUES (807, 2630, 476, '花\\20200426054315489.jpg');
INSERT INTO `book_word` VALUES (808, 629, 476, '在\\20200426054315557.jpg');
INSERT INTO `book_word` VALUES (809, 3391, 476, '飞\\20200426054315564.jpg');
INSERT INTO `book_word` VALUES (810, 2852, 476, '西\\20200426054315572.jpg');
INSERT INTO `book_word` VALUES (811, 878, 476, '尽\\20200426054315578.jpg');
INSERT INTO `book_word` VALUES (812, 1808, 476, '淆\\20200426054315648.jpg');
INSERT INTO `book_word` VALUES (813, 1580, 476, '桥\\20200426054315655.jpg');
INSERT INTO `book_word` VALUES (814, 2061, 476, '畔\\20200426054315662.jpg');
INSERT INTO `book_word` VALUES (815, 1422, 476, '日\\20200426054315670.jpg');
INSERT INTO `book_word` VALUES (816, 1847, 476, '溪\\20200426054315732.jpg');
INSERT INTO `book_word` VALUES (817, 3310, 476, '隔\\20200426054315747.jpg');
INSERT INTO `book_word` VALUES (818, 3262, 476, '问\\20200426054315762.jpg');
INSERT INTO `book_word` VALUES (819, 3308, 476, '随\\20200426054315772.jpg');
INSERT INTO `book_word` VALUES (820, 146, 476, '何\\20200426054315843.jpg');
INSERT INTO `book_word` VALUES (821, 3189, 476, '野\\20200426054315850.jpg');
INSERT INTO `book_word` VALUES (822, 1825, 476, '渔\\20200426054315854.jpg');
INSERT INTO `book_word` VALUES (823, 277, 476, '凉\\20200426054315861.jpg');
INSERT INTO `book_word` VALUES (824, 701, 476, '处\\20200426054315939.jpg');
INSERT INTO `book_word` VALUES (825, 1916, 476, '烟\\20200426054315953.jpg');
INSERT INTO `book_word` VALUES (826, 2609, 476, '船\\20200426054315967.jpg');
INSERT INTO `book_word` VALUES (827, 1700, 476, '水\\20200426054315981.jpg');
INSERT INTO `book_word` VALUES (828, 3309, 477, '隐\\20200426055040207.jpg');
INSERT INTO `book_word` VALUES (829, 2174, 477, '石\\20200426055040218.jpg');
INSERT INTO `book_word` VALUES (830, 1572, 477, '桃\\20200426055040225.jpg');
INSERT INTO `book_word` VALUES (831, 1763, 477, '洞\\20200426055040230.jpg');
INSERT INTO `book_word` VALUES (832, 3309, 477, '隐\\20200426055040234.jpg');
INSERT INTO `book_word` VALUES (833, 2207, 477, '碳\\20200426055040241.jpg');
INSERT INTO `book_word` VALUES (834, 2630, 477, '花\\20200426055040247.jpg');
INSERT INTO `book_word` VALUES (835, 629, 477, '在\\20200426055040252.jpg');
INSERT INTO `book_word` VALUES (836, 3391, 477, '飞\\20200426055040259.jpg');
INSERT INTO `book_word` VALUES (837, 2852, 477, '西\\20200426055040265.jpg');
INSERT INTO `book_word` VALUES (838, 878, 477, '尽\\20200426055040270.jpg');
INSERT INTO `book_word` VALUES (839, 1808, 477, '淆\\20200426055040277.jpg');
INSERT INTO `book_word` VALUES (840, 1580, 477, '桥\\20200426055040281.jpg');
INSERT INTO `book_word` VALUES (841, 2061, 477, '畔\\20200426055040286.jpg');
INSERT INTO `book_word` VALUES (842, 1422, 477, '日\\20200426055040293.jpg');
INSERT INTO `book_word` VALUES (843, 1847, 477, '溪\\20200426055040299.jpg');
INSERT INTO `book_word` VALUES (844, 3310, 477, '隔\\20200426055040304.jpg');
INSERT INTO `book_word` VALUES (845, 3262, 477, '问\\20200426055040311.jpg');
INSERT INTO `book_word` VALUES (846, 3308, 477, '随\\20200426055040316.jpg');
INSERT INTO `book_word` VALUES (847, 146, 477, '何\\20200426055040321.jpg');
INSERT INTO `book_word` VALUES (848, 3189, 477, '野\\20200426055040328.jpg');
INSERT INTO `book_word` VALUES (849, 1825, 477, '渔\\20200426055040333.jpg');
INSERT INTO `book_word` VALUES (850, 277, 477, '凉\\20200426055040338.jpg');
INSERT INTO `book_word` VALUES (851, 701, 477, '处\\20200426055040346.jpg');
INSERT INTO `book_word` VALUES (852, 1916, 477, '烟\\20200426055040351.jpg');
INSERT INTO `book_word` VALUES (853, 2609, 477, '船\\20200426055040358.jpg');
INSERT INTO `book_word` VALUES (854, 1700, 477, '水\\20200426055040363.jpg');
INSERT INTO `book_word` VALUES (855, 3309, 478, '隐\\20200426055455180.jpg');
INSERT INTO `book_word` VALUES (856, 2174, 478, '石\\20200426055455187.jpg');
INSERT INTO `book_word` VALUES (857, 1572, 478, '桃\\20200426055455195.jpg');
INSERT INTO `book_word` VALUES (858, 1763, 478, '洞\\20200426055455201.jpg');
INSERT INTO `book_word` VALUES (859, 3309, 478, '隐\\20200426055455207.jpg');
INSERT INTO `book_word` VALUES (860, 2207, 478, '碳\\20200426055455214.jpg');
INSERT INTO `book_word` VALUES (861, 2630, 478, '花\\20200426055455219.jpg');
INSERT INTO `book_word` VALUES (862, 629, 478, '在\\20200426055455226.jpg');
INSERT INTO `book_word` VALUES (863, 3391, 478, '飞\\20200426055455233.jpg');
INSERT INTO `book_word` VALUES (864, 2852, 478, '西\\20200426055455247.jpg');
INSERT INTO `book_word` VALUES (865, 878, 478, '尽\\20200426055455256.jpg');
INSERT INTO `book_word` VALUES (866, 1808, 478, '淆\\20200426055455266.jpg');
INSERT INTO `book_word` VALUES (867, 1580, 478, '桥\\20200426055455275.jpg');
INSERT INTO `book_word` VALUES (868, 2061, 478, '畔\\20200426055455285.jpg');
INSERT INTO `book_word` VALUES (869, 1422, 478, '日\\20200426055455291.jpg');
INSERT INTO `book_word` VALUES (870, 1847, 478, '溪\\20200426055455297.jpg');
INSERT INTO `book_word` VALUES (871, 3310, 478, '隔\\20200426055455302.jpg');
INSERT INTO `book_word` VALUES (872, 3262, 478, '问\\20200426055455307.jpg');
INSERT INTO `book_word` VALUES (873, 3308, 478, '随\\20200426055455312.jpg');
INSERT INTO `book_word` VALUES (874, 146, 478, '何\\20200426055455317.jpg');
INSERT INTO `book_word` VALUES (875, 3189, 478, '野\\20200426055455323.jpg');
INSERT INTO `book_word` VALUES (876, 1825, 478, '渔\\20200426055455329.jpg');
INSERT INTO `book_word` VALUES (877, 277, 478, '凉\\20200426055455333.jpg');
INSERT INTO `book_word` VALUES (878, 701, 478, '处\\20200426055455338.jpg');
INSERT INTO `book_word` VALUES (879, 1916, 478, '烟\\20200426055455342.jpg');
INSERT INTO `book_word` VALUES (880, 2609, 478, '船\\20200426055455346.jpg');
INSERT INTO `book_word` VALUES (881, 1700, 478, '水\\20200426055455350.jpg');
INSERT INTO `book_word` VALUES (882, 3309, 479, '隐\\20200426060534219.jpg');
INSERT INTO `book_word` VALUES (883, 2174, 479, '石\\20200426060534226.jpg');
INSERT INTO `book_word` VALUES (884, 1572, 479, '桃\\20200426060534232.jpg');
INSERT INTO `book_word` VALUES (885, 1763, 479, '洞\\20200426060534238.jpg');
INSERT INTO `book_word` VALUES (886, 3309, 479, '隐\\20200426060534243.jpg');
INSERT INTO `book_word` VALUES (887, 2207, 479, '碳\\20200426060534249.jpg');
INSERT INTO `book_word` VALUES (888, 2630, 479, '花\\20200426060534255.jpg');
INSERT INTO `book_word` VALUES (889, 629, 479, '在\\20200426060534260.jpg');
INSERT INTO `book_word` VALUES (890, 3391, 479, '飞\\20200426060534267.jpg');
INSERT INTO `book_word` VALUES (891, 2852, 479, '西\\20200426060534273.jpg');
INSERT INTO `book_word` VALUES (892, 878, 479, '尽\\20200426060534278.jpg');
INSERT INTO `book_word` VALUES (893, 1808, 479, '淆\\20200426060534285.jpg');
INSERT INTO `book_word` VALUES (894, 1580, 479, '桥\\20200426060534291.jpg');
INSERT INTO `book_word` VALUES (895, 2061, 479, '畔\\20200426060534295.jpg');
INSERT INTO `book_word` VALUES (896, 1422, 479, '日\\20200426060534302.jpg');
INSERT INTO `book_word` VALUES (897, 1847, 479, '溪\\20200426060534307.jpg');
INSERT INTO `book_word` VALUES (898, 3310, 479, '隔\\20200426060534312.jpg');
INSERT INTO `book_word` VALUES (899, 3262, 479, '问\\20200426060534318.jpg');
INSERT INTO `book_word` VALUES (900, 3308, 479, '随\\20200426060534323.jpg');
INSERT INTO `book_word` VALUES (901, 146, 479, '何\\20200426060534328.jpg');
INSERT INTO `book_word` VALUES (902, 3189, 479, '野\\20200426060534334.jpg');
INSERT INTO `book_word` VALUES (903, 1825, 479, '渔\\20200426060534339.jpg');
INSERT INTO `book_word` VALUES (904, 277, 479, '凉\\20200426060534344.jpg');
INSERT INTO `book_word` VALUES (905, 701, 479, '处\\20200426060534350.jpg');
INSERT INTO `book_word` VALUES (906, 1916, 479, '烟\\20200426060534355.jpg');
INSERT INTO `book_word` VALUES (907, 2609, 479, '船\\20200426060534360.jpg');
INSERT INTO `book_word` VALUES (908, 1700, 479, '水\\20200426060534365.jpg');
INSERT INTO `book_word` VALUES (909, 3309, 480, '隐\\20200426143339709.jpg');
INSERT INTO `book_word` VALUES (910, 2174, 480, '石\\20200426143339750.jpg');
INSERT INTO `book_word` VALUES (911, 1572, 480, '桃\\20200426143339816.jpg');
INSERT INTO `book_word` VALUES (912, 1763, 480, '洞\\20200426143339837.jpg');
INSERT INTO `book_word` VALUES (913, 3309, 480, '隐\\20200426143339847.jpg');
INSERT INTO `book_word` VALUES (914, 2207, 480, '碳\\20200426143339854.jpg');
INSERT INTO `book_word` VALUES (915, 2630, 480, '花\\20200426143339870.jpg');
INSERT INTO `book_word` VALUES (916, 629, 480, '在\\20200426143339876.jpg');
INSERT INTO `book_word` VALUES (917, 3391, 480, '飞\\20200426143339882.jpg');
INSERT INTO `book_word` VALUES (918, 2852, 480, '西\\20200426143339888.jpg');
INSERT INTO `book_word` VALUES (919, 878, 480, '尽\\20200426143339894.jpg');
INSERT INTO `book_word` VALUES (920, 1808, 480, '淆\\20200426143339901.jpg');
INSERT INTO `book_word` VALUES (921, 1580, 480, '桥\\20200426143339908.jpg');
INSERT INTO `book_word` VALUES (922, 2061, 480, '畔\\20200426143339914.jpg');
INSERT INTO `book_word` VALUES (923, 1422, 480, '日\\20200426143339921.jpg');
INSERT INTO `book_word` VALUES (924, 1847, 480, '溪\\20200426143339931.jpg');
INSERT INTO `book_word` VALUES (925, 3310, 480, '隔\\20200426143339939.jpg');
INSERT INTO `book_word` VALUES (926, 3262, 480, '问\\20200426143339945.jpg');
INSERT INTO `book_word` VALUES (927, 3308, 480, '随\\20200426143339951.jpg');
INSERT INTO `book_word` VALUES (928, 146, 480, '何\\20200426143339956.jpg');
INSERT INTO `book_word` VALUES (929, 3189, 480, '野\\20200426143339963.jpg');
INSERT INTO `book_word` VALUES (930, 1825, 480, '渔\\20200426143339969.jpg');
INSERT INTO `book_word` VALUES (931, 277, 480, '凉\\20200426143339975.jpg');
INSERT INTO `book_word` VALUES (932, 701, 480, '处\\20200426143339981.jpg');
INSERT INTO `book_word` VALUES (933, 1916, 480, '烟\\20200426143339987.jpg');
INSERT INTO `book_word` VALUES (934, 2609, 480, '船\\20200426143339993.jpg');
INSERT INTO `book_word` VALUES (935, 1700, 480, '水\\20200426143339998.jpg');
INSERT INTO `book_word` VALUES (936, 2163, 482, '瞭\\20200426145417799.jpg');
INSERT INTO `book_word` VALUES (937, 2163, 482, '瞭\\20200426145417964.jpg');
INSERT INTO `book_word` VALUES (938, 2163, 482, '瞭\\20200426145417969.jpg');
INSERT INTO `book_word` VALUES (939, 2163, 482, '瞭\\20200426145417975.jpg');
INSERT INTO `book_word` VALUES (940, 572, 482, '啰\\20200426145417981.jpg');
INSERT INTO `book_word` VALUES (941, 2163, 482, '瞭\\2020042614541819.jpg');
INSERT INTO `book_word` VALUES (942, 2163, 482, '瞭\\2020042614541824.jpg');
INSERT INTO `book_word` VALUES (943, 2163, 482, '瞭\\2020042614541830.jpg');
INSERT INTO `book_word` VALUES (944, 2195, 482, '硼\\2020042614541834.jpg');
INSERT INTO `book_word` VALUES (945, 3473, 482, '鹏\\2020042614541839.jpg');
INSERT INTO `book_word` VALUES (946, 2615, 482, '艳\\2020042614541854.jpg');
INSERT INTO `book_word` VALUES (947, 2391, 482, '纵\\2020042614541866.jpg');
INSERT INTO `book_word` VALUES (948, 2391, 482, '纵\\2020042614541884.jpg');
INSERT INTO `book_word` VALUES (949, 2391, 482, '纵\\2020042614541891.jpg');
INSERT INTO `book_word` VALUES (950, 2540, 482, '胧\\2020042614541897.jpg');
INSERT INTO `book_word` VALUES (951, 2116, 482, '皿\\20200426145418103.jpg');
INSERT INTO `book_word` VALUES (952, 612, 482, '四\\20200426145418109.jpg');
INSERT INTO `book_word` VALUES (953, 612, 482, '四\\20200426145418150.jpg');
INSERT INTO `book_word` VALUES (954, 2116, 482, '皿\\20200426145418155.jpg');
INSERT INTO `book_word` VALUES (955, 2116, 482, '皿\\20200426145418163.jpg');
INSERT INTO `book_word` VALUES (956, 2116, 482, '皿\\20200426145418168.jpg');
INSERT INTO `book_word` VALUES (957, 612, 482, '四\\20200426145418174.jpg');
INSERT INTO `book_word` VALUES (958, 612, 482, '四\\20200426145418179.jpg');
INSERT INTO `book_word` VALUES (959, 2116, 482, '皿\\20200426145418184.jpg');
INSERT INTO `book_word` VALUES (960, 612, 482, '四\\20200426145418189.jpg');
INSERT INTO `book_word` VALUES (961, 612, 482, '四\\20200426145418193.jpg');
INSERT INTO `book_word` VALUES (962, 1866, 482, '漓\\20200426145418199.jpg');
INSERT INTO `book_word` VALUES (963, 2036, 482, '瓣\\20200426145418204.jpg');
INSERT INTO `book_word` VALUES (964, 2391, 482, '纵\\20200426145418208.jpg');
INSERT INTO `book_word` VALUES (965, 1911, 482, '烂\\20200426145418213.jpg');
INSERT INTO `book_word` VALUES (966, 2615, 482, '艳\\20200426145418218.jpg');
INSERT INTO `book_word` VALUES (967, 2540, 482, '胧\\20200426145418223.jpg');
INSERT INTO `book_word` VALUES (968, 774, 482, '娜\\20200426145418229.jpg');
INSERT INTO `book_word` VALUES (969, 2428, 482, '绷\\20200426145418261.jpg');
INSERT INTO `book_word` VALUES (970, 1153, 482, '懈\\20200426145418266.jpg');
INSERT INTO `book_word` VALUES (971, 2731, 482, '蕊\\20200426145418271.jpg');
INSERT INTO `book_word` VALUES (972, 389, 482, '协\\20200426145418285.jpg');
INSERT INTO `book_word` VALUES (973, 449, 482, '叫\\20200426145418310.jpg');
INSERT INTO `book_word` VALUES (974, 3191, 482, '金\\20200426145418319.jpg');
INSERT INTO `book_word` VALUES (975, 2314, 482, '等\\20200426145418328.jpg');
INSERT INTO `book_word` VALUES (976, 3031, 482, '跳\\20200426145418338.jpg');
INSERT INTO `book_word` VALUES (977, 66, 482, '二\\20200426145418345.jpg');
INSERT INTO `book_word` VALUES (978, 66, 482, '二\\20200426145418363.jpg');
INSERT INTO `book_word` VALUES (979, 66, 482, '二\\20200426145418369.jpg');
INSERT INTO `book_word` VALUES (980, 66, 482, '二\\20200426145418376.jpg');
INSERT INTO `book_word` VALUES (981, 763, 482, '姚\\20200426145418381.jpg');
INSERT INTO `book_word` VALUES (982, 1866, 482, '漓\\20200426145418386.jpg');
INSERT INTO `book_word` VALUES (983, 3473, 482, '鹏\\20200426145418393.jpg');
INSERT INTO `book_word` VALUES (984, 3356, 482, '鞭\\20200426145418398.jpg');
INSERT INTO `book_word` VALUES (985, 2163, 482, '瞭\\20200426145418402.jpg');
INSERT INTO `book_word` VALUES (986, 184, 482, '俱\\20200426145418408.jpg');
INSERT INTO `book_word` VALUES (987, 1153, 482, '懈\\20200426145418413.jpg');
INSERT INTO `book_word` VALUES (988, 2391, 482, '纵\\20200426145418417.jpg');
INSERT INTO `book_word` VALUES (989, 66, 482, '二\\20200426145418424.jpg');
INSERT INTO `book_word` VALUES (990, 66, 482, '二\\20200426145418428.jpg');
INSERT INTO `book_word` VALUES (991, 66, 482, '二\\20200426145418438.jpg');
INSERT INTO `book_word` VALUES (992, 1348, 482, '摊\\20200426145418443.jpg');
INSERT INTO `book_word` VALUES (993, 2115, 482, '皱\\20200426145418448.jpg');
INSERT INTO `book_word` VALUES (994, 2163, 482, '瞭\\20200426145418453.jpg');
INSERT INTO `book_word` VALUES (995, 2604, 482, '舰\\20200426145418458.jpg');
INSERT INTO `book_word` VALUES (996, 969, 482, '幻\\20200426145418464.jpg');
INSERT INTO `book_word` VALUES (997, 2034, 482, '瓜\\20200426145418469.jpg');
INSERT INTO `book_word` VALUES (998, 1298, 482, '掀\\20200426145418474.jpg');
INSERT INTO `book_word` VALUES (999, 903, 482, '岔\\20200426145418479.jpg');
INSERT INTO `book_word` VALUES (1000, 2195, 482, '硼\\20200426145418484.jpg');
INSERT INTO `book_word` VALUES (1001, 1355, 482, '撇\\20200426145418490.jpg');
INSERT INTO `book_word` VALUES (1002, 2163, 482, '瞭\\20200426145418495.jpg');
INSERT INTO `book_word` VALUES (1003, 3474, 482, '鹤\\20200426145418500.jpg');
INSERT INTO `book_word` VALUES (1004, 52, 482, '乙\\20200426145418506.jpg');
INSERT INTO `book_word` VALUES (1005, 52, 482, '乙\\20200426145418511.jpg');
INSERT INTO `book_word` VALUES (1006, 96, 482, '从\\20200426145418516.jpg');
INSERT INTO `book_word` VALUES (1007, 2615, 482, '艳\\20200426145418521.jpg');
INSERT INTO `book_word` VALUES (1008, 2163, 482, '瞭\\20200426145418526.jpg');
INSERT INTO `book_word` VALUES (1009, 2391, 482, '纵\\20200426145418530.jpg');
INSERT INTO `book_word` VALUES (1010, 66, 482, '二\\20200426145418534.jpg');
INSERT INTO `book_word` VALUES (1011, 2163, 482, '瞭\\20200426145418539.jpg');
INSERT INTO `book_word` VALUES (1012, 2763, 482, '蚜\\20200426145418543.jpg');
INSERT INTO `book_word` VALUES (1013, 2195, 482, '硼\\20200426145418547.jpg');
INSERT INTO `book_word` VALUES (1014, 2380, 482, '红\\20200426145418551.jpg');
INSERT INTO `book_word` VALUES (1015, 312, 482, '删\\20200426145418555.jpg');
INSERT INTO `book_word` VALUES (1016, 2163, 482, '瞭\\20200426145418559.jpg');
INSERT INTO `book_word` VALUES (1017, 2163, 482, '瞭\\20200426145418564.jpg');
INSERT INTO `book_word` VALUES (1018, 2391, 482, '纵\\20200426145418568.jpg');
INSERT INTO `book_word` VALUES (1019, 695, 482, '士\\20200426145418572.jpg');
INSERT INTO `book_word` VALUES (1020, 3050, 482, '躏\\20200426145418577.jpg');
INSERT INTO `book_word` VALUES (1021, 2163, 482, '瞭\\20200426145418582.jpg');
INSERT INTO `book_word` VALUES (1022, 2163, 482, '瞭\\20200426145418586.jpg');
INSERT INTO `book_word` VALUES (1023, 2362, 482, '糊\\20200426145418590.jpg');
INSERT INTO `book_word` VALUES (1024, 66, 482, '二\\20200426145418594.jpg');
INSERT INTO `book_word` VALUES (1025, 1668, 482, '歼\\20200426145418598.jpg');
INSERT INTO `book_word` VALUES (1026, 2036, 482, '瓣\\20200426145418602.jpg');
INSERT INTO `book_word` VALUES (1027, 1348, 482, '摊\\20200426145418606.jpg');
INSERT INTO `book_word` VALUES (1028, 695, 482, '士\\20200426145418610.jpg');
INSERT INTO `book_word` VALUES (1029, 3473, 482, '鹏\\20200426145418614.jpg');
INSERT INTO `book_word` VALUES (1030, 2195, 482, '硼\\20200426145418618.jpg');
INSERT INTO `book_word` VALUES (1031, 2380, 482, '红\\20200426145418623.jpg');
INSERT INTO `book_word` VALUES (1032, 1866, 482, '漓\\20200426145418628.jpg');
INSERT INTO `book_word` VALUES (1033, 66, 482, '二\\20200426145418632.jpg');
INSERT INTO `book_word` VALUES (1034, 2163, 482, '瞭\\20200426145418637.jpg');
INSERT INTO `book_word` VALUES (1035, 2163, 482, '瞭\\20200426145418641.jpg');
INSERT INTO `book_word` VALUES (1036, 2163, 482, '瞭\\20200426145418646.jpg');
INSERT INTO `book_word` VALUES (1037, 1348, 482, '摊\\20200426145418650.jpg');
INSERT INTO `book_word` VALUES (1038, 2391, 482, '纵\\20200426145418655.jpg');
INSERT INTO `book_word` VALUES (1039, 646, 482, '坠\\20200426145418659.jpg');
INSERT INTO `book_word` VALUES (1040, 969, 482, '幻\\20200426145418664.jpg');
INSERT INTO `book_word` VALUES (1041, 646, 482, '坠\\20200426145418669.jpg');
INSERT INTO `book_word` VALUES (1042, 39, 482, '么\\20200426145418675.jpg');
INSERT INTO `book_word` VALUES (1043, 3473, 482, '鹏\\20200426145418680.jpg');
INSERT INTO `book_word` VALUES (1044, 2163, 482, '瞭\\20200426145418684.jpg');
INSERT INTO `book_word` VALUES (1045, 2058, 482, '畅\\20200426145418688.jpg');
INSERT INTO `book_word` VALUES (1046, 2391, 482, '纵\\20200426145418692.jpg');
INSERT INTO `book_word` VALUES (1047, 2391, 482, '纵\\20200426145418696.jpg');
INSERT INTO `book_word` VALUES (1048, 2163, 482, '瞭\\20200426145418699.jpg');
INSERT INTO `book_word` VALUES (1049, 2163, 482, '瞭\\20200426145418704.jpg');
INSERT INTO `book_word` VALUES (1050, 695, 482, '士\\20200426145418708.jpg');
INSERT INTO `book_word` VALUES (1051, 2540, 482, '胧\\20200426145418712.jpg');
INSERT INTO `book_word` VALUES (1052, 1355, 482, '撇\\20200426145418716.jpg');
INSERT INTO `book_word` VALUES (1053, 2380, 482, '红\\20200426145418720.jpg');
INSERT INTO `book_word` VALUES (1054, 903, 482, '岔\\20200426145418724.jpg');
INSERT INTO `book_word` VALUES (1055, 2195, 482, '硼\\20200426145418729.jpg');
INSERT INTO `book_word` VALUES (1056, 66, 482, '二\\20200426145418733.jpg');
INSERT INTO `book_word` VALUES (1057, 2391, 482, '纵\\20200426145418738.jpg');
INSERT INTO `book_word` VALUES (1058, 2537, 482, '胜\\20200426145418743.jpg');
INSERT INTO `book_word` VALUES (1059, 2163, 482, '瞭\\20200426145418748.jpg');
INSERT INTO `book_word` VALUES (1060, 66, 482, '二\\20200426145418752.jpg');
INSERT INTO `book_word` VALUES (1061, 3473, 482, '鹏\\20200426145418758.jpg');
INSERT INTO `book_word` VALUES (1062, 3031, 482, '跳\\20200426145418762.jpg');
INSERT INTO `book_word` VALUES (1063, 969, 482, '幻\\20200426145418766.jpg');
INSERT INTO `book_word` VALUES (1064, 969, 482, '幻\\20200426145418770.jpg');
INSERT INTO `book_word` VALUES (1065, 1298, 482, '掀\\20200426145418778.jpg');
INSERT INTO `book_word` VALUES (1066, 3045, 482, '蹦\\20200426145418784.jpg');
INSERT INTO `book_word` VALUES (1067, 66, 482, '二\\20200426145418789.jpg');
INSERT INTO `book_word` VALUES (1068, 3394, 482, '饥\\20200426145418793.jpg');
INSERT INTO `book_word` VALUES (1069, 2391, 482, '纵\\20200426145418798.jpg');
INSERT INTO `book_word` VALUES (1070, 2163, 482, '瞭\\20200426145418802.jpg');
INSERT INTO `book_word` VALUES (1071, 695, 482, '士\\20200426145418806.jpg');
INSERT INTO `book_word` VALUES (1072, 86, 482, '人\\20200426145418810.jpg');
INSERT INTO `book_word` VALUES (1073, 3473, 482, '鹏\\20200426145418814.jpg');
INSERT INTO `book_word` VALUES (1074, 3031, 482, '跳\\20200426145418818.jpg');
INSERT INTO `book_word` VALUES (1075, 646, 482, '坠\\20200426145418822.jpg');
INSERT INTO `book_word` VALUES (1076, 3456, 482, '鳞\\20200426145418827.jpg');
INSERT INTO `book_word` VALUES (1077, 66, 482, '二\\20200426145418831.jpg');
INSERT INTO `book_word` VALUES (1078, 695, 482, '士\\20200426145418835.jpg');
INSERT INTO `book_word` VALUES (1079, 66, 482, '二\\20200426145418838.jpg');
INSERT INTO `book_word` VALUES (1080, 3473, 482, '鹏\\20200426145418842.jpg');
INSERT INTO `book_word` VALUES (1081, 2428, 482, '绷\\20200426145418846.jpg');
INSERT INTO `book_word` VALUES (1082, 3473, 482, '鹏\\20200426145418850.jpg');
INSERT INTO `book_word` VALUES (1083, 149, 482, '作\\20200426145418854.jpg');
INSERT INTO `book_word` VALUES (1084, 2163, 482, '瞭\\20200426145418858.jpg');
INSERT INTO `book_word` VALUES (1085, 3473, 482, '鹏\\20200426145418863.jpg');
INSERT INTO `book_word` VALUES (1086, 1866, 482, '漓\\20200426145418867.jpg');
INSERT INTO `book_word` VALUES (1087, 66, 482, '二\\20200426145418871.jpg');
INSERT INTO `book_word` VALUES (1088, 3451, 482, '鲫\\20200426145418876.jpg');
INSERT INTO `book_word` VALUES (1089, 106, 482, '以\\20200426145418880.jpg');
INSERT INTO `book_word` VALUES (1090, 903, 482, '岔\\20200426145418884.jpg');
INSERT INTO `book_word` VALUES (1091, 743, 482, '如\\20200426145418888.jpg');
INSERT INTO `book_word` VALUES (1092, 2163, 482, '瞭\\20200426145418894.jpg');
INSERT INTO `book_word` VALUES (1093, 6, 482, '三\\20200426145418898.jpg');
INSERT INTO `book_word` VALUES (1094, 2163, 482, '瞭\\20200426145418901.jpg');
INSERT INTO `book_word` VALUES (1095, 2163, 482, '瞭\\20200426145418906.jpg');
INSERT INTO `book_word` VALUES (1096, 1636, 482, '模\\20200426145418911.jpg');
INSERT INTO `book_word` VALUES (1097, 1724, 482, '没\\20200426145418916.jpg');
INSERT INTO `book_word` VALUES (1098, 2163, 482, '瞭\\20200426145418922.jpg');
INSERT INTO `book_word` VALUES (1099, 301, 482, '分\\20200426145418928.jpg');
INSERT INTO `book_word` VALUES (1100, 2163, 482, '瞭\\20200426145418933.jpg');
INSERT INTO `book_word` VALUES (1101, 910, 482, '岸\\20200426145418938.jpg');
INSERT INTO `book_word` VALUES (1102, 1648, 482, '欠\\20200426145418942.jpg');
INSERT INTO `book_word` VALUES (1103, 2163, 482, '瞭\\20200426145418947.jpg');
INSERT INTO `book_word` VALUES (1104, 2163, 482, '瞭\\20200426145418952.jpg');
INSERT INTO `book_word` VALUES (1105, 2163, 482, '瞭\\20200426145418956.jpg');
INSERT INTO `book_word` VALUES (1106, 1410, 482, '断\\20200426145418960.jpg');
INSERT INTO `book_word` VALUES (1107, 1153, 482, '懈\\20200426145418966.jpg');
INSERT INTO `book_word` VALUES (1108, 2163, 482, '瞭\\20200426145418971.jpg');
INSERT INTO `book_word` VALUES (1109, 3031, 482, '跳\\20200426145418975.jpg');
INSERT INTO `book_word` VALUES (1110, 3451, 482, '鲫\\20200426145418979.jpg');
INSERT INTO `book_word` VALUES (1111, 2163, 482, '瞭\\20200426145418984.jpg');
INSERT INTO `book_word` VALUES (1112, 3473, 482, '鹏\\20200426145418988.jpg');
INSERT INTO `book_word` VALUES (1113, 2163, 482, '瞭\\20200426145418993.jpg');
INSERT INTO `book_word` VALUES (1114, 2365, 482, '糙\\20200426145418997.jpg');
INSERT INTO `book_word` VALUES (1115, 903, 482, '岔\\2020042614541901.jpg');
INSERT INTO `book_word` VALUES (1116, 2058, 482, '畅\\2020042614541906.jpg');
INSERT INTO `book_word` VALUES (1117, 2163, 482, '瞭\\2020042614541912.jpg');
INSERT INTO `book_word` VALUES (1118, 2362, 482, '糊\\2020042614541916.jpg');
INSERT INTO `book_word` VALUES (1119, 312, 482, '删\\2020042614541921.jpg');
INSERT INTO `book_word` VALUES (1120, 982, 482, '店\\2020042614541927.jpg');
INSERT INTO `book_word` VALUES (1121, 2163, 482, '瞭\\2020042614541931.jpg');
INSERT INTO `book_word` VALUES (1122, 1606, 482, '森\\2020042614541936.jpg');
INSERT INTO `book_word` VALUES (1123, 2111, 482, '的\\2020042614541943.jpg');
INSERT INTO `book_word` VALUES (1124, 2163, 482, '瞭\\2020042614541947.jpg');
INSERT INTO `book_word` VALUES (1125, 1692, 482, '氓\\2020042614541952.jpg');
INSERT INTO `book_word` VALUES (1126, 611, 482, '囚\\2020042614541958.jpg');
INSERT INTO `book_word` VALUES (1127, 2163, 482, '瞭\\2020042614541963.jpg');
INSERT INTO `book_word` VALUES (1128, 43, 482, '乍\\2020042614541969.jpg');
INSERT INTO `book_word` VALUES (1129, 2163, 482, '瞭\\2020042614541975.jpg');
INSERT INTO `book_word` VALUES (1130, 3309, 483, '隐\\20200426145611364.jpg');
INSERT INTO `book_word` VALUES (1131, 2174, 483, '石\\20200426145611369.jpg');
INSERT INTO `book_word` VALUES (1132, 1572, 483, '桃\\20200426145611373.jpg');
INSERT INTO `book_word` VALUES (1133, 1763, 483, '洞\\20200426145611377.jpg');
INSERT INTO `book_word` VALUES (1134, 3309, 483, '隐\\20200426145611381.jpg');
INSERT INTO `book_word` VALUES (1135, 2207, 483, '碳\\20200426145611387.jpg');
INSERT INTO `book_word` VALUES (1136, 2630, 483, '花\\20200426145611391.jpg');
INSERT INTO `book_word` VALUES (1137, 629, 483, '在\\20200426145611395.jpg');
INSERT INTO `book_word` VALUES (1138, 3391, 483, '飞\\20200426145611399.jpg');
INSERT INTO `book_word` VALUES (1139, 2852, 483, '西\\20200426145611405.jpg');
INSERT INTO `book_word` VALUES (1140, 878, 483, '尽\\20200426145611409.jpg');
INSERT INTO `book_word` VALUES (1141, 1808, 483, '淆\\20200426145611413.jpg');
INSERT INTO `book_word` VALUES (1142, 1580, 483, '桥\\20200426145611419.jpg');
INSERT INTO `book_word` VALUES (1143, 2061, 483, '畔\\20200426145611424.jpg');
INSERT INTO `book_word` VALUES (1144, 1422, 483, '日\\20200426145611428.jpg');
INSERT INTO `book_word` VALUES (1145, 1847, 483, '溪\\20200426145611432.jpg');
INSERT INTO `book_word` VALUES (1146, 3310, 483, '隔\\20200426145611437.jpg');
INSERT INTO `book_word` VALUES (1147, 3262, 483, '问\\20200426145611442.jpg');
INSERT INTO `book_word` VALUES (1148, 3308, 483, '随\\20200426145611446.jpg');
INSERT INTO `book_word` VALUES (1149, 146, 483, '何\\20200426145611452.jpg');
INSERT INTO `book_word` VALUES (1150, 3189, 483, '野\\20200426145611457.jpg');
INSERT INTO `book_word` VALUES (1151, 1825, 483, '渔\\20200426145611462.jpg');
INSERT INTO `book_word` VALUES (1152, 277, 483, '凉\\20200426145611467.jpg');
INSERT INTO `book_word` VALUES (1153, 701, 483, '处\\20200426145611475.jpg');
INSERT INTO `book_word` VALUES (1154, 1916, 483, '烟\\20200426145611481.jpg');
INSERT INTO `book_word` VALUES (1155, 2609, 483, '船\\20200426145611486.jpg');
INSERT INTO `book_word` VALUES (1156, 1700, 483, '水\\20200426145611491.jpg');

-- ----------------------------
-- Table structure for photo_record
-- ----------------------------
DROP TABLE IF EXISTS `photo_record`;
CREATE TABLE `photo_record`  (
  `record` bigint(20) NOT NULL AUTO_INCREMENT,
  `userID` bigint(20) NOT NULL,
  `date_time` date NULL DEFAULT NULL,
  `record_url` varchar(254) CHARACTER SET utf8 COLLATE utf8_general_ci NULL DEFAULT NULL,
  `recognized` int(1) NULL DEFAULT NULL,
  PRIMARY KEY (`record`) USING BTREE,
  INDEX `userID`(`userID`) USING BTREE,
  INDEX `record`(`record`) USING BTREE,
  CONSTRAINT `photo_record_ibfk_1` FOREIGN KEY (`userID`) REFERENCES `users` (`userID`) ON DELETE RESTRICT ON UPDATE RESTRICT
) ENGINE = InnoDB AUTO_INCREMENT = 145 CHARACTER SET = utf8 COLLATE = utf8_general_ci ROW_FORMAT = Dynamic;

-- ----------------------------
-- Records of photo_record
-- ----------------------------
INSERT INTO `photo_record` VALUES (121, 123473, '2020-04-19', '123473//jpg//sliver20200419021031836.jpg', 1);
INSERT INTO `photo_record` VALUES (122, 123473, '2020-04-19', '123473//jpg//sliver20200419021520880.jpg', 1);
INSERT INTO `photo_record` VALUES (123, 123473, '2020-04-19', '123473//jpg//sliver20200419022310141.jpg', 1);
INSERT INTO `photo_record` VALUES (124, 123473, '2020-04-19', '123473//jpg//sliver20200419030944798.jpg', 1);
INSERT INTO `photo_record` VALUES (125, 123473, '2020-04-19', '123473//jpg//sliver20200419165549400.jpg', 1);
INSERT INTO `photo_record` VALUES (126, 123473, '2020-04-19', '123473//jpg//sliver20200419172332103.jpg', 1);
INSERT INTO `photo_record` VALUES (127, 123473, '2020-04-19', '123473//jpg//sliver20200419173110340.jpg', 1);
INSERT INTO `photo_record` VALUES (128, 123473, '2020-04-19', '123473//jpg//sliver20200419173236431.jpg', 1);
INSERT INTO `photo_record` VALUES (129, 123473, '2020-04-19', '123473//jpg//sliver20200419224515132.jpg', 1);
INSERT INTO `photo_record` VALUES (130, 123473, '2020-04-19', '123473//jpg//sliver20200419225119595.jpg', 1);
INSERT INTO `photo_record` VALUES (131, 123473, '2020-04-19', '123473//jpg//sliver20200419225521858.jpg', 1);
INSERT INTO `photo_record` VALUES (132, 123473, '2020-04-19', '123473//jpg//sliver20200419225738299.jpg', 1);
INSERT INTO `photo_record` VALUES (133, 123473, '2020-04-19', '123473//jpg//sliver20200419230157434.jpg', 1);
INSERT INTO `photo_record` VALUES (134, 123474, '2020-04-23', '123474//jpg//sliver20200423191155264.jpg', 0);
INSERT INTO `photo_record` VALUES (135, 123474, '2020-04-23', '123474//jpg//sliver20200423191203166.jpg', 0);
INSERT INTO `photo_record` VALUES (136, 123474, '2020-04-23', '123474//jpg//sliver20200423191208412.jpg', 0);
INSERT INTO `photo_record` VALUES (137, 123474, '2020-04-23', '123474//jpg//sliver20200423191213678.jpg', 0);
INSERT INTO `photo_record` VALUES (138, 123474, '2020-04-23', '123474//jpg//sliver20200423191219280.jpg', 0);
INSERT INTO `photo_record` VALUES (139, 123474, '2020-04-23', '123474//jpg//sliver20200423191224378.jpg', 0);
INSERT INTO `photo_record` VALUES (140, 123474, '2020-04-23', '123474//jpg//sliver20200423191229269.jpg', 0);
INSERT INTO `photo_record` VALUES (141, 123474, '2020-04-23', '123474//jpg//sliver20200423191241969.jpg', 0);
INSERT INTO `photo_record` VALUES (142, 123474, '2020-04-23', '123474//jpg//sliver20200423191247362.jpg', 0);
INSERT INTO `photo_record` VALUES (143, 123474, '2020-04-24', '123474//jpg//sliver20200424114913711.jpg', 1);
INSERT INTO `photo_record` VALUES (144, 123474, '2020-04-27', '123474//jpg//sliver20200427224034658.jpg', 1);

-- ----------------------------
-- Table structure for photo_word
-- ----------------------------
DROP TABLE IF EXISTS `photo_word`;
CREATE TABLE `photo_word`  (
  `photo_word_record` bigint(20) NOT NULL AUTO_INCREMENT,
  `word_id` int(11) NOT NULL,
  `photo_record` bigint(20) NOT NULL,
  `word_url` varchar(254) CHARACTER SET utf8 COLLATE utf8_general_ci NULL DEFAULT NULL,
  PRIMARY KEY (`photo_word_record`) USING BTREE,
  INDEX `wordID`(`word_id`) USING BTREE,
  INDEX `photo_record`(`photo_record`) USING BTREE,
  CONSTRAINT `photo_word_ibfk_1` FOREIGN KEY (`word_id`) REFERENCES `word` (`word_id`) ON DELETE RESTRICT ON UPDATE RESTRICT,
  CONSTRAINT `photo_word_ibfk_2` FOREIGN KEY (`photo_record`) REFERENCES `photo_record` (`record`) ON DELETE RESTRICT ON UPDATE RESTRICT
) ENGINE = InnoDB AUTO_INCREMENT = 337 CHARACTER SET = utf8 COLLATE = utf8_general_ci ROW_FORMAT = Dynamic;

-- ----------------------------
-- Records of photo_word
-- ----------------------------
INSERT INTO `photo_word` VALUES (1, 3309, 128, '隐\\20200419173244920.jpg');
INSERT INTO `photo_word` VALUES (2, 471, 128, '名\\20200419173244990.jpg');
INSERT INTO `photo_word` VALUES (3, 1539, 128, '枷\\20200419173244997.jpg');
INSERT INTO `photo_word` VALUES (4, 1763, 128, '洞\\2020041917324539.jpg');
INSERT INTO `photo_word` VALUES (5, 3309, 128, '隐\\2020041917324585.jpg');
INSERT INTO `photo_word` VALUES (6, 2953, 128, '豫\\2020041917324598.jpg');
INSERT INTO `photo_word` VALUES (7, 2630, 128, '花\\20200419173245105.jpg');
INSERT INTO `photo_word` VALUES (8, 629, 128, '在\\20200419173245111.jpg');
INSERT INTO `photo_word` VALUES (9, 3391, 128, '飞\\20200419173245116.jpg');
INSERT INTO `photo_word` VALUES (10, 3118, 128, '逆\\20200419173245125.jpg');
INSERT INTO `photo_word` VALUES (11, 2057, 128, '画\\20200419173245131.jpg');
INSERT INTO `photo_word` VALUES (12, 1735, 128, '沼\\20200419173245139.jpg');
INSERT INTO `photo_word` VALUES (13, 1580, 128, '桥\\20200419173245143.jpg');
INSERT INTO `photo_word` VALUES (14, 2019, 128, '班\\20200419173245148.jpg');
INSERT INTO `photo_word` VALUES (15, 365, 128, '勾\\20200419173245154.jpg');
INSERT INTO `photo_word` VALUES (16, 2469, 128, '羹\\20200419173245161.jpg');
INSERT INTO `photo_word` VALUES (17, 3310, 128, '隔\\20200419173245167.jpg');
INSERT INTO `photo_word` VALUES (18, 3262, 128, '问\\20200419173245172.jpg');
INSERT INTO `photo_word` VALUES (19, 3308, 128, '随\\20200419173245176.jpg');
INSERT INTO `photo_word` VALUES (20, 2812, 128, '行\\20200419173245182.jpg');
INSERT INTO `photo_word` VALUES (21, 2163, 128, '瞭\\20200419173245188.jpg');
INSERT INTO `photo_word` VALUES (22, 3485, 128, '黔\\20200419173245227.jpg');
INSERT INTO `photo_word` VALUES (23, 1748, 128, '泣\\20200419173245232.jpg');
INSERT INTO `photo_word` VALUES (24, 1787, 128, '浸\\20200419173245238.jpg');
INSERT INTO `photo_word` VALUES (25, 3309, 127, '隐\\20200419173733925.jpg');
INSERT INTO `photo_word` VALUES (26, 471, 127, '名\\20200419173733932.jpg');
INSERT INTO `photo_word` VALUES (27, 1604, 127, '棚\\20200419173733938.jpg');
INSERT INTO `photo_word` VALUES (28, 1763, 127, '洞\\20200419173733944.jpg');
INSERT INTO `photo_word` VALUES (29, 3309, 127, '隐\\20200419173733950.jpg');
INSERT INTO `photo_word` VALUES (30, 2257, 127, '移\\20200419173733955.jpg');
INSERT INTO `photo_word` VALUES (31, 2630, 127, '花\\20200419173733963.jpg');
INSERT INTO `photo_word` VALUES (32, 2260, 127, '程\\20200419173733969.jpg');
INSERT INTO `photo_word` VALUES (33, 3391, 127, '飞\\20200419173733979.jpg');
INSERT INTO `photo_word` VALUES (34, 2765, 127, '蚤\\20200419173733984.jpg');
INSERT INTO `photo_word` VALUES (35, 2057, 127, '画\\20200419173733989.jpg');
INSERT INTO `photo_word` VALUES (36, 1751, 127, '泪\\20200419173733996.jpg');
INSERT INTO `photo_word` VALUES (37, 1580, 127, '桥\\2020041917373400.jpg');
INSERT INTO `photo_word` VALUES (38, 2019, 127, '班\\2020041917373405.jpg');
INSERT INTO `photo_word` VALUES (39, 2380, 127, '红\\2020041917373411.jpg');
INSERT INTO `photo_word` VALUES (40, 1847, 127, '溪\\2020041917373440.jpg');
INSERT INTO `photo_word` VALUES (41, 3310, 127, '隔\\2020041917373447.jpg');
INSERT INTO `photo_word` VALUES (42, 3262, 127, '问\\2020041917373452.jpg');
INSERT INTO `photo_word` VALUES (43, 3308, 127, '随\\2020041917373457.jpg');
INSERT INTO `photo_word` VALUES (44, 2812, 127, '行\\2020041917373463.jpg');
INSERT INTO `photo_word` VALUES (45, 2163, 127, '瞭\\2020041917373469.jpg');
INSERT INTO `photo_word` VALUES (46, 3485, 127, '黔\\2020041917373475.jpg');
INSERT INTO `photo_word` VALUES (47, 1748, 127, '泣\\2020041917373487.jpg');
INSERT INTO `photo_word` VALUES (48, 1787, 127, '浸\\2020041917373492.jpg');
INSERT INTO `photo_word` VALUES (49, 3309, 122, '隐\\20200419210031824.jpg');
INSERT INTO `photo_word` VALUES (50, 2174, 122, '石\\20200419210031888.jpg');
INSERT INTO `photo_word` VALUES (51, 1604, 122, '棚\\20200419210031910.jpg');
INSERT INTO `photo_word` VALUES (52, 1763, 122, '洞\\20200419210031935.jpg');
INSERT INTO `photo_word` VALUES (53, 3309, 122, '隐\\20200419210031953.jpg');
INSERT INTO `photo_word` VALUES (54, 2257, 122, '移\\20200419210031959.jpg');
INSERT INTO `photo_word` VALUES (55, 2630, 122, '花\\20200419210031964.jpg');
INSERT INTO `photo_word` VALUES (56, 2260, 122, '程\\20200419210031970.jpg');
INSERT INTO `photo_word` VALUES (57, 3391, 122, '飞\\20200419210031979.jpg');
INSERT INTO `photo_word` VALUES (58, 3118, 122, '逆\\20200419210031996.jpg');
INSERT INTO `photo_word` VALUES (59, 2057, 122, '画\\2020041921003203.jpg');
INSERT INTO `photo_word` VALUES (60, 1751, 122, '泪\\2020041921003209.jpg');
INSERT INTO `photo_word` VALUES (61, 1580, 122, '桥\\2020041921003215.jpg');
INSERT INTO `photo_word` VALUES (62, 2019, 122, '班\\2020041921003222.jpg');
INSERT INTO `photo_word` VALUES (63, 365, 122, '勾\\2020041921003228.jpg');
INSERT INTO `photo_word` VALUES (64, 1847, 122, '溪\\2020041921003235.jpg');
INSERT INTO `photo_word` VALUES (65, 3310, 122, '隔\\2020041921003241.jpg');
INSERT INTO `photo_word` VALUES (66, 3262, 122, '问\\2020041921003247.jpg');
INSERT INTO `photo_word` VALUES (67, 3308, 122, '随\\2020041921003253.jpg');
INSERT INTO `photo_word` VALUES (68, 2812, 122, '行\\2020041921003258.jpg');
INSERT INTO `photo_word` VALUES (69, 2163, 122, '瞭\\2020041921003263.jpg');
INSERT INTO `photo_word` VALUES (70, 3485, 122, '黔\\20200419210032109.jpg');
INSERT INTO `photo_word` VALUES (71, 1724, 122, '没\\20200419210032114.jpg');
INSERT INTO `photo_word` VALUES (72, 1787, 122, '浸\\20200419210032119.jpg');
INSERT INTO `photo_word` VALUES (73, 3309, 123, '隐\\2020041922142614.jpg');
INSERT INTO `photo_word` VALUES (74, 2174, 123, '石\\2020041922142621.jpg');
INSERT INTO `photo_word` VALUES (75, 1604, 123, '棚\\2020041922142633.jpg');
INSERT INTO `photo_word` VALUES (76, 1763, 123, '洞\\2020041922142638.jpg');
INSERT INTO `photo_word` VALUES (77, 3309, 123, '隐\\2020041922142647.jpg');
INSERT INTO `photo_word` VALUES (78, 2257, 123, '移\\2020041922142652.jpg');
INSERT INTO `photo_word` VALUES (79, 2630, 123, '花\\2020041922142658.jpg');
INSERT INTO `photo_word` VALUES (80, 2260, 123, '程\\2020041922142665.jpg');
INSERT INTO `photo_word` VALUES (81, 3391, 123, '飞\\2020041922142671.jpg');
INSERT INTO `photo_word` VALUES (82, 3118, 123, '逆\\2020041922142677.jpg');
INSERT INTO `photo_word` VALUES (83, 2057, 123, '画\\2020041922142684.jpg');
INSERT INTO `photo_word` VALUES (84, 1751, 123, '泪\\2020041922142690.jpg');
INSERT INTO `photo_word` VALUES (85, 1580, 123, '桥\\2020041922142698.jpg');
INSERT INTO `photo_word` VALUES (86, 2019, 123, '班\\20200419221426104.jpg');
INSERT INTO `photo_word` VALUES (87, 365, 123, '勾\\20200419221426111.jpg');
INSERT INTO `photo_word` VALUES (88, 1847, 123, '溪\\20200419221426119.jpg');
INSERT INTO `photo_word` VALUES (89, 3310, 123, '隔\\20200419221426125.jpg');
INSERT INTO `photo_word` VALUES (90, 3262, 123, '问\\20200419221426132.jpg');
INSERT INTO `photo_word` VALUES (91, 3308, 123, '随\\20200419221426137.jpg');
INSERT INTO `photo_word` VALUES (92, 2812, 123, '行\\20200419221426142.jpg');
INSERT INTO `photo_word` VALUES (93, 2163, 123, '瞭\\20200419221426151.jpg');
INSERT INTO `photo_word` VALUES (94, 3485, 123, '黔\\20200419221426156.jpg');
INSERT INTO `photo_word` VALUES (95, 1724, 123, '没\\20200419221426162.jpg');
INSERT INTO `photo_word` VALUES (96, 1787, 123, '浸\\20200419221426166.jpg');
INSERT INTO `photo_word` VALUES (97, 3309, 121, '隐\\20200419221843673.jpg');
INSERT INTO `photo_word` VALUES (98, 471, 121, '名\\20200419221843687.jpg');
INSERT INTO `photo_word` VALUES (99, 1604, 121, '棚\\20200419221843696.jpg');
INSERT INTO `photo_word` VALUES (100, 1763, 121, '洞\\20200419221843700.jpg');
INSERT INTO `photo_word` VALUES (101, 3309, 121, '隐\\20200419221843706.jpg');
INSERT INTO `photo_word` VALUES (102, 2257, 121, '移\\20200419221843712.jpg');
INSERT INTO `photo_word` VALUES (103, 2630, 121, '花\\20200419221843717.jpg');
INSERT INTO `photo_word` VALUES (104, 2260, 121, '程\\20200419221843723.jpg');
INSERT INTO `photo_word` VALUES (105, 3391, 121, '飞\\20200419221843728.jpg');
INSERT INTO `photo_word` VALUES (106, 2765, 121, '蚤\\20200419221843732.jpg');
INSERT INTO `photo_word` VALUES (107, 2057, 121, '画\\20200419221843739.jpg');
INSERT INTO `photo_word` VALUES (108, 1751, 121, '泪\\20200419221843743.jpg');
INSERT INTO `photo_word` VALUES (109, 1580, 121, '桥\\20200419221843748.jpg');
INSERT INTO `photo_word` VALUES (110, 2019, 121, '班\\20200419221843754.jpg');
INSERT INTO `photo_word` VALUES (111, 2380, 121, '红\\20200419221843760.jpg');
INSERT INTO `photo_word` VALUES (112, 1847, 121, '溪\\20200419221843776.jpg');
INSERT INTO `photo_word` VALUES (113, 3310, 121, '隔\\20200419221843782.jpg');
INSERT INTO `photo_word` VALUES (114, 3262, 121, '问\\20200419221843789.jpg');
INSERT INTO `photo_word` VALUES (115, 3308, 121, '随\\20200419221843793.jpg');
INSERT INTO `photo_word` VALUES (116, 2812, 121, '行\\20200419221843797.jpg');
INSERT INTO `photo_word` VALUES (117, 2163, 121, '瞭\\20200419221843802.jpg');
INSERT INTO `photo_word` VALUES (118, 3485, 121, '黔\\20200419221843807.jpg');
INSERT INTO `photo_word` VALUES (119, 1748, 121, '泣\\20200419221843812.jpg');
INSERT INTO `photo_word` VALUES (120, 1787, 121, '浸\\20200419221843817.jpg');
INSERT INTO `photo_word` VALUES (121, 3309, 124, '隐\\20200419222221186.jpg');
INSERT INTO `photo_word` VALUES (122, 471, 124, '名\\20200419222221193.jpg');
INSERT INTO `photo_word` VALUES (123, 1604, 124, '棚\\20200419222221204.jpg');
INSERT INTO `photo_word` VALUES (124, 1763, 124, '洞\\20200419222221210.jpg');
INSERT INTO `photo_word` VALUES (125, 3309, 124, '隐\\20200419222221215.jpg');
INSERT INTO `photo_word` VALUES (126, 2257, 124, '移\\20200419222221220.jpg');
INSERT INTO `photo_word` VALUES (127, 2630, 124, '花\\20200419222221225.jpg');
INSERT INTO `photo_word` VALUES (128, 2260, 124, '程\\20200419222221230.jpg');
INSERT INTO `photo_word` VALUES (129, 3391, 124, '飞\\20200419222221236.jpg');
INSERT INTO `photo_word` VALUES (130, 2765, 124, '蚤\\20200419222221242.jpg');
INSERT INTO `photo_word` VALUES (131, 2057, 124, '画\\20200419222221248.jpg');
INSERT INTO `photo_word` VALUES (132, 1751, 124, '泪\\20200419222221254.jpg');
INSERT INTO `photo_word` VALUES (133, 1580, 124, '桥\\20200419222221261.jpg');
INSERT INTO `photo_word` VALUES (134, 2019, 124, '班\\20200419222221265.jpg');
INSERT INTO `photo_word` VALUES (135, 2380, 124, '红\\20200419222221272.jpg');
INSERT INTO `photo_word` VALUES (136, 1847, 124, '溪\\20200419222221279.jpg');
INSERT INTO `photo_word` VALUES (137, 3310, 124, '隔\\20200419222221285.jpg');
INSERT INTO `photo_word` VALUES (138, 3262, 124, '问\\20200419222221292.jpg');
INSERT INTO `photo_word` VALUES (139, 3308, 124, '随\\20200419222221298.jpg');
INSERT INTO `photo_word` VALUES (140, 2812, 124, '行\\20200419222221304.jpg');
INSERT INTO `photo_word` VALUES (141, 2163, 124, '瞭\\20200419222221370.jpg');
INSERT INTO `photo_word` VALUES (142, 3485, 124, '黔\\20200419222221376.jpg');
INSERT INTO `photo_word` VALUES (143, 1748, 124, '泣\\20200419222221382.jpg');
INSERT INTO `photo_word` VALUES (144, 1787, 124, '浸\\20200419222221388.jpg');
INSERT INTO `photo_word` VALUES (145, 3309, 125, '隐\\20200419222644213.jpg');
INSERT INTO `photo_word` VALUES (146, 471, 125, '名\\20200419222644222.jpg');
INSERT INTO `photo_word` VALUES (147, 1604, 125, '棚\\20200419222644234.jpg');
INSERT INTO `photo_word` VALUES (148, 1763, 125, '洞\\20200419222644241.jpg');
INSERT INTO `photo_word` VALUES (149, 3309, 125, '隐\\20200419222644246.jpg');
INSERT INTO `photo_word` VALUES (150, 2257, 125, '移\\20200419222644253.jpg');
INSERT INTO `photo_word` VALUES (151, 2630, 125, '花\\20200419222644259.jpg');
INSERT INTO `photo_word` VALUES (152, 2260, 125, '程\\20200419222644267.jpg');
INSERT INTO `photo_word` VALUES (153, 3391, 125, '飞\\20200419222644273.jpg');
INSERT INTO `photo_word` VALUES (154, 2765, 125, '蚤\\20200419222644279.jpg');
INSERT INTO `photo_word` VALUES (155, 2057, 125, '画\\20200419222644286.jpg');
INSERT INTO `photo_word` VALUES (156, 1751, 125, '泪\\20200419222644290.jpg');
INSERT INTO `photo_word` VALUES (157, 1580, 125, '桥\\20200419222644301.jpg');
INSERT INTO `photo_word` VALUES (158, 2019, 125, '班\\20200419222644306.jpg');
INSERT INTO `photo_word` VALUES (159, 2380, 125, '红\\20200419222644310.jpg');
INSERT INTO `photo_word` VALUES (160, 1847, 125, '溪\\20200419222644318.jpg');
INSERT INTO `photo_word` VALUES (161, 3310, 125, '隔\\20200419222644324.jpg');
INSERT INTO `photo_word` VALUES (162, 3262, 125, '问\\20200419222644329.jpg');
INSERT INTO `photo_word` VALUES (163, 3308, 125, '随\\20200419222644336.jpg');
INSERT INTO `photo_word` VALUES (164, 2812, 125, '行\\20200419222644341.jpg');
INSERT INTO `photo_word` VALUES (165, 2163, 125, '瞭\\20200419222644346.jpg');
INSERT INTO `photo_word` VALUES (166, 3485, 125, '黔\\20200419222644353.jpg');
INSERT INTO `photo_word` VALUES (167, 1748, 125, '泣\\20200419222644358.jpg');
INSERT INTO `photo_word` VALUES (168, 1787, 125, '浸\\20200419222644363.jpg');
INSERT INTO `photo_word` VALUES (169, 3309, 126, '隐\\20200419223020735.jpg');
INSERT INTO `photo_word` VALUES (170, 471, 126, '名\\20200419223020742.jpg');
INSERT INTO `photo_word` VALUES (171, 1604, 126, '棚\\20200419223020751.jpg');
INSERT INTO `photo_word` VALUES (172, 1763, 126, '洞\\20200419223020763.jpg');
INSERT INTO `photo_word` VALUES (173, 3309, 126, '隐\\20200419223020773.jpg');
INSERT INTO `photo_word` VALUES (174, 2257, 126, '移\\20200419223020783.jpg');
INSERT INTO `photo_word` VALUES (175, 2630, 126, '花\\20200419223020793.jpg');
INSERT INTO `photo_word` VALUES (176, 2260, 126, '程\\20200419223020802.jpg');
INSERT INTO `photo_word` VALUES (177, 3391, 126, '飞\\20200419223020807.jpg');
INSERT INTO `photo_word` VALUES (178, 2765, 126, '蚤\\20200419223020812.jpg');
INSERT INTO `photo_word` VALUES (179, 2057, 126, '画\\20200419223020821.jpg');
INSERT INTO `photo_word` VALUES (180, 1751, 126, '泪\\20200419223020827.jpg');
INSERT INTO `photo_word` VALUES (181, 1580, 126, '桥\\20200419223020839.jpg');
INSERT INTO `photo_word` VALUES (182, 2019, 126, '班\\20200419223020844.jpg');
INSERT INTO `photo_word` VALUES (183, 2380, 126, '红\\20200419223020850.jpg');
INSERT INTO `photo_word` VALUES (184, 1847, 126, '溪\\20200419223020856.jpg');
INSERT INTO `photo_word` VALUES (185, 3310, 126, '隔\\20200419223020862.jpg');
INSERT INTO `photo_word` VALUES (186, 3262, 126, '问\\20200419223020869.jpg');
INSERT INTO `photo_word` VALUES (187, 3308, 126, '随\\20200419223020874.jpg');
INSERT INTO `photo_word` VALUES (188, 2812, 126, '行\\20200419223020879.jpg');
INSERT INTO `photo_word` VALUES (189, 2163, 126, '瞭\\20200419223020885.jpg');
INSERT INTO `photo_word` VALUES (190, 3485, 126, '黔\\20200419223020890.jpg');
INSERT INTO `photo_word` VALUES (191, 1748, 126, '泣\\20200419223020895.jpg');
INSERT INTO `photo_word` VALUES (192, 1787, 126, '浸\\20200419223020901.jpg');
INSERT INTO `photo_word` VALUES (193, 3309, 129, '隐\\20200419224521406.jpg');
INSERT INTO `photo_word` VALUES (194, 471, 129, '名\\20200419224521420.jpg');
INSERT INTO `photo_word` VALUES (195, 1539, 129, '枷\\20200419224521429.jpg');
INSERT INTO `photo_word` VALUES (196, 1763, 129, '洞\\20200419224521438.jpg');
INSERT INTO `photo_word` VALUES (197, 3309, 129, '隐\\20200419224521454.jpg');
INSERT INTO `photo_word` VALUES (198, 2953, 129, '豫\\20200419224521461.jpg');
INSERT INTO `photo_word` VALUES (199, 2630, 129, '花\\20200419224521467.jpg');
INSERT INTO `photo_word` VALUES (200, 629, 129, '在\\20200419224521473.jpg');
INSERT INTO `photo_word` VALUES (201, 3391, 129, '飞\\20200419224521482.jpg');
INSERT INTO `photo_word` VALUES (202, 3118, 129, '逆\\20200419224521487.jpg');
INSERT INTO `photo_word` VALUES (203, 2057, 129, '画\\20200419224521493.jpg');
INSERT INTO `photo_word` VALUES (204, 1735, 129, '沼\\20200419224521500.jpg');
INSERT INTO `photo_word` VALUES (205, 1580, 129, '桥\\20200419224521505.jpg');
INSERT INTO `photo_word` VALUES (206, 2019, 129, '班\\20200419224521511.jpg');
INSERT INTO `photo_word` VALUES (207, 365, 129, '勾\\20200419224521516.jpg');
INSERT INTO `photo_word` VALUES (208, 2469, 129, '羹\\20200419224521523.jpg');
INSERT INTO `photo_word` VALUES (209, 3310, 129, '隔\\20200419224521528.jpg');
INSERT INTO `photo_word` VALUES (210, 3262, 129, '问\\20200419224521535.jpg');
INSERT INTO `photo_word` VALUES (211, 3308, 129, '随\\20200419224521540.jpg');
INSERT INTO `photo_word` VALUES (212, 2812, 129, '行\\20200419224521545.jpg');
INSERT INTO `photo_word` VALUES (213, 2163, 129, '瞭\\20200419224521550.jpg');
INSERT INTO `photo_word` VALUES (214, 3485, 129, '黔\\20200419224521555.jpg');
INSERT INTO `photo_word` VALUES (215, 1748, 129, '泣\\20200419224521560.jpg');
INSERT INTO `photo_word` VALUES (216, 1787, 129, '浸\\20200419224521565.jpg');
INSERT INTO `photo_word` VALUES (217, 3309, 130, '隐\\20200419225125769.jpg');
INSERT INTO `photo_word` VALUES (218, 471, 130, '名\\20200419225125776.jpg');
INSERT INTO `photo_word` VALUES (219, 1539, 130, '枷\\20200419225125781.jpg');
INSERT INTO `photo_word` VALUES (220, 1763, 130, '洞\\20200419225125786.jpg');
INSERT INTO `photo_word` VALUES (221, 3309, 130, '隐\\20200419225125792.jpg');
INSERT INTO `photo_word` VALUES (222, 2953, 130, '豫\\20200419225125798.jpg');
INSERT INTO `photo_word` VALUES (223, 2630, 130, '花\\20200419225125803.jpg');
INSERT INTO `photo_word` VALUES (224, 629, 130, '在\\20200419225125809.jpg');
INSERT INTO `photo_word` VALUES (225, 3391, 130, '飞\\20200419225125814.jpg');
INSERT INTO `photo_word` VALUES (226, 3118, 130, '逆\\20200419225125821.jpg');
INSERT INTO `photo_word` VALUES (227, 2057, 130, '画\\20200419225125826.jpg');
INSERT INTO `photo_word` VALUES (228, 1735, 130, '沼\\20200419225125831.jpg');
INSERT INTO `photo_word` VALUES (229, 1580, 130, '桥\\20200419225125840.jpg');
INSERT INTO `photo_word` VALUES (230, 2019, 130, '班\\20200419225125846.jpg');
INSERT INTO `photo_word` VALUES (231, 365, 130, '勾\\20200419225125853.jpg');
INSERT INTO `photo_word` VALUES (232, 2469, 130, '羹\\20200419225125860.jpg');
INSERT INTO `photo_word` VALUES (233, 3310, 130, '隔\\20200419225125866.jpg');
INSERT INTO `photo_word` VALUES (234, 3262, 130, '问\\20200419225125871.jpg');
INSERT INTO `photo_word` VALUES (235, 3308, 130, '随\\20200419225125877.jpg');
INSERT INTO `photo_word` VALUES (236, 2812, 130, '行\\20200419225125881.jpg');
INSERT INTO `photo_word` VALUES (237, 2163, 130, '瞭\\20200419225125886.jpg');
INSERT INTO `photo_word` VALUES (238, 3485, 130, '黔\\20200419225125891.jpg');
INSERT INTO `photo_word` VALUES (239, 1748, 130, '泣\\20200419225125895.jpg');
INSERT INTO `photo_word` VALUES (240, 1787, 130, '浸\\20200419225125900.jpg');
INSERT INTO `photo_word` VALUES (241, 3309, 131, '隐\\20200419225528495.jpg');
INSERT INTO `photo_word` VALUES (242, 471, 131, '名\\20200419225528501.jpg');
INSERT INTO `photo_word` VALUES (243, 1539, 131, '枷\\20200419225528507.jpg');
INSERT INTO `photo_word` VALUES (244, 1763, 131, '洞\\20200419225528513.jpg');
INSERT INTO `photo_word` VALUES (245, 3309, 131, '隐\\20200419225528526.jpg');
INSERT INTO `photo_word` VALUES (246, 2953, 131, '豫\\20200419225528533.jpg');
INSERT INTO `photo_word` VALUES (247, 2630, 131, '花\\20200419225528539.jpg');
INSERT INTO `photo_word` VALUES (248, 629, 131, '在\\20200419225528545.jpg');
INSERT INTO `photo_word` VALUES (249, 3391, 131, '飞\\20200419225528550.jpg');
INSERT INTO `photo_word` VALUES (250, 3118, 131, '逆\\20200419225528556.jpg');
INSERT INTO `photo_word` VALUES (251, 2057, 131, '画\\20200419225528566.jpg');
INSERT INTO `photo_word` VALUES (252, 1735, 131, '沼\\20200419225528573.jpg');
INSERT INTO `photo_word` VALUES (253, 1580, 131, '桥\\20200419225528578.jpg');
INSERT INTO `photo_word` VALUES (254, 2019, 131, '班\\20200419225528583.jpg');
INSERT INTO `photo_word` VALUES (255, 365, 131, '勾\\20200419225528589.jpg');
INSERT INTO `photo_word` VALUES (256, 2469, 131, '羹\\20200419225528596.jpg');
INSERT INTO `photo_word` VALUES (257, 3310, 131, '隔\\20200419225528602.jpg');
INSERT INTO `photo_word` VALUES (258, 3262, 131, '问\\20200419225528609.jpg');
INSERT INTO `photo_word` VALUES (259, 3308, 131, '随\\20200419225528614.jpg');
INSERT INTO `photo_word` VALUES (260, 2812, 131, '行\\20200419225528620.jpg');
INSERT INTO `photo_word` VALUES (261, 2163, 131, '瞭\\20200419225528628.jpg');
INSERT INTO `photo_word` VALUES (262, 3485, 131, '黔\\20200419225528633.jpg');
INSERT INTO `photo_word` VALUES (263, 1748, 131, '泣\\20200419225528639.jpg');
INSERT INTO `photo_word` VALUES (264, 1787, 131, '浸\\20200419225528645.jpg');
INSERT INTO `photo_word` VALUES (265, 3309, 132, '隐\\20200419225743895.jpg');
INSERT INTO `photo_word` VALUES (266, 471, 132, '名\\20200419225743900.jpg');
INSERT INTO `photo_word` VALUES (267, 1539, 132, '枷\\20200419225743910.jpg');
INSERT INTO `photo_word` VALUES (268, 1763, 132, '洞\\20200419225743915.jpg');
INSERT INTO `photo_word` VALUES (269, 3309, 132, '隐\\20200419225743927.jpg');
INSERT INTO `photo_word` VALUES (270, 2953, 132, '豫\\20200419225743933.jpg');
INSERT INTO `photo_word` VALUES (271, 2630, 132, '花\\20200419225743939.jpg');
INSERT INTO `photo_word` VALUES (272, 629, 132, '在\\20200419225743946.jpg');
INSERT INTO `photo_word` VALUES (273, 3391, 132, '飞\\20200419225743951.jpg');
INSERT INTO `photo_word` VALUES (274, 3118, 132, '逆\\20200419225743956.jpg');
INSERT INTO `photo_word` VALUES (275, 2057, 132, '画\\20200419225743963.jpg');
INSERT INTO `photo_word` VALUES (276, 1735, 132, '沼\\20200419225743970.jpg');
INSERT INTO `photo_word` VALUES (277, 1580, 132, '桥\\20200419225743976.jpg');
INSERT INTO `photo_word` VALUES (278, 2019, 132, '班\\20200419225743981.jpg');
INSERT INTO `photo_word` VALUES (279, 365, 132, '勾\\20200419225743986.jpg');
INSERT INTO `photo_word` VALUES (280, 2469, 132, '羹\\20200419225743994.jpg');
INSERT INTO `photo_word` VALUES (281, 3310, 132, '隔\\20200419225743999.jpg');
INSERT INTO `photo_word` VALUES (282, 3262, 132, '问\\2020041922574405.jpg');
INSERT INTO `photo_word` VALUES (283, 3308, 132, '随\\2020041922574412.jpg');
INSERT INTO `photo_word` VALUES (284, 2812, 132, '行\\2020041922574417.jpg');
INSERT INTO `photo_word` VALUES (285, 2163, 132, '瞭\\2020041922574423.jpg');
INSERT INTO `photo_word` VALUES (286, 3485, 132, '黔\\2020041922574429.jpg');
INSERT INTO `photo_word` VALUES (287, 1748, 132, '泣\\2020041922574435.jpg');
INSERT INTO `photo_word` VALUES (288, 1787, 132, '浸\\2020041922574442.jpg');
INSERT INTO `photo_word` VALUES (289, 3309, 133, '隐\\20200419230205458.jpg');
INSERT INTO `photo_word` VALUES (290, 471, 133, '名\\20200419230205466.jpg');
INSERT INTO `photo_word` VALUES (291, 1539, 133, '枷\\20200419230205473.jpg');
INSERT INTO `photo_word` VALUES (292, 1763, 133, '洞\\20200419230205479.jpg');
INSERT INTO `photo_word` VALUES (293, 3309, 133, '隐\\20200419230205491.jpg');
INSERT INTO `photo_word` VALUES (294, 2953, 133, '豫\\20200419230205498.jpg');
INSERT INTO `photo_word` VALUES (295, 2630, 133, '花\\20200419230205506.jpg');
INSERT INTO `photo_word` VALUES (296, 629, 133, '在\\20200419230205516.jpg');
INSERT INTO `photo_word` VALUES (297, 3391, 133, '飞\\20200419230205523.jpg');
INSERT INTO `photo_word` VALUES (298, 3118, 133, '逆\\20200419230205529.jpg');
INSERT INTO `photo_word` VALUES (299, 2057, 133, '画\\20200419230205536.jpg');
INSERT INTO `photo_word` VALUES (300, 1735, 133, '沼\\20200419230205543.jpg');
INSERT INTO `photo_word` VALUES (301, 1580, 133, '桥\\20200419230205550.jpg');
INSERT INTO `photo_word` VALUES (302, 2019, 133, '班\\20200419230205557.jpg');
INSERT INTO `photo_word` VALUES (303, 365, 133, '勾\\20200419230205563.jpg');
INSERT INTO `photo_word` VALUES (304, 2469, 133, '羹\\20200419230205571.jpg');
INSERT INTO `photo_word` VALUES (305, 3310, 133, '隔\\20200419230205577.jpg');
INSERT INTO `photo_word` VALUES (306, 3262, 133, '问\\20200419230205583.jpg');
INSERT INTO `photo_word` VALUES (307, 3308, 133, '随\\20200419230205590.jpg');
INSERT INTO `photo_word` VALUES (308, 2812, 133, '行\\20200419230205595.jpg');
INSERT INTO `photo_word` VALUES (309, 2163, 133, '瞭\\20200419230205602.jpg');
INSERT INTO `photo_word` VALUES (310, 3485, 133, '黔\\20200419230205607.jpg');
INSERT INTO `photo_word` VALUES (311, 1748, 133, '泣\\20200419230205613.jpg');
INSERT INTO `photo_word` VALUES (312, 1787, 133, '浸\\20200419230205619.jpg');
INSERT INTO `photo_word` VALUES (313, 3309, 143, '隐\\20200424114919120.jpg');
INSERT INTO `photo_word` VALUES (314, 471, 143, '名\\20200424114919131.jpg');
INSERT INTO `photo_word` VALUES (315, 1539, 143, '枷\\20200424114919136.jpg');
INSERT INTO `photo_word` VALUES (316, 1763, 143, '洞\\20200424114919143.jpg');
INSERT INTO `photo_word` VALUES (317, 3309, 143, '隐\\20200424114919150.jpg');
INSERT INTO `photo_word` VALUES (318, 2953, 143, '豫\\20200424114919155.jpg');
INSERT INTO `photo_word` VALUES (319, 2630, 143, '花\\20200424114919162.jpg');
INSERT INTO `photo_word` VALUES (320, 629, 143, '在\\20200424114919168.jpg');
INSERT INTO `photo_word` VALUES (321, 3391, 143, '飞\\20200424114919173.jpg');
INSERT INTO `photo_word` VALUES (322, 3118, 143, '逆\\20200424114919180.jpg');
INSERT INTO `photo_word` VALUES (323, 2057, 143, '画\\20200424114919191.jpg');
INSERT INTO `photo_word` VALUES (324, 1735, 143, '沼\\20200424114919200.jpg');
INSERT INTO `photo_word` VALUES (325, 1580, 143, '桥\\20200424114919211.jpg');
INSERT INTO `photo_word` VALUES (326, 2019, 143, '班\\20200424114919217.jpg');
INSERT INTO `photo_word` VALUES (327, 365, 143, '勾\\20200424114919222.jpg');
INSERT INTO `photo_word` VALUES (328, 2469, 143, '羹\\20200424114919228.jpg');
INSERT INTO `photo_word` VALUES (329, 3310, 143, '隔\\20200424114919234.jpg');
INSERT INTO `photo_word` VALUES (330, 3262, 143, '问\\20200424114919238.jpg');
INSERT INTO `photo_word` VALUES (331, 3308, 143, '随\\20200424114919243.jpg');
INSERT INTO `photo_word` VALUES (332, 2812, 143, '行\\20200424114919249.jpg');
INSERT INTO `photo_word` VALUES (333, 2163, 143, '瞭\\20200424114919253.jpg');
INSERT INTO `photo_word` VALUES (334, 3485, 143, '黔\\20200424114919258.jpg');
INSERT INTO `photo_word` VALUES (335, 1748, 143, '泣\\20200424114919266.jpg');
INSERT INTO `photo_word` VALUES (336, 1787, 143, '浸\\20200424114919270.jpg');

-- ----------------------------
-- Table structure for reply
-- ----------------------------
DROP TABLE IF EXISTS `reply`;
CREATE TABLE `reply`  (
  `replyID` bigint(20) NOT NULL AUTO_INCREMENT,
  `userID` bigint(20) NOT NULL,
  `resourceID` bigint(20) NOT NULL,
  `replyDate` timestamp(0) NOT NULL DEFAULT CURRENT_TIMESTAMP ON UPDATE CURRENT_TIMESTAMP(0),
  `replyContent` text CHARACTER SET utf8 COLLATE utf8_general_ci NOT NULL,
  PRIMARY KEY (`replyID`) USING BTREE,
  INDEX `reply_ibfk_1`(`userID`) USING BTREE,
  INDEX `reply_ibfk_2`(`resourceID`) USING BTREE,
  CONSTRAINT `reply_ibfk_1` FOREIGN KEY (`userID`) REFERENCES `users` (`userID`) ON DELETE RESTRICT ON UPDATE RESTRICT,
  CONSTRAINT `reply_ibfk_2` FOREIGN KEY (`resourceID`) REFERENCES `resource` (`resourceId`) ON DELETE RESTRICT ON UPDATE RESTRICT
) ENGINE = InnoDB AUTO_INCREMENT = 1 CHARACTER SET = utf8 COLLATE = utf8_general_ci ROW_FORMAT = Compact;

-- ----------------------------
-- Table structure for resource
-- ----------------------------
DROP TABLE IF EXISTS `resource`;
CREATE TABLE `resource`  (
  `resourceId` bigint(20) NOT NULL AUTO_INCREMENT,
  `userId` bigint(20) NOT NULL,
  `resourceDate` timestamp(0) NOT NULL DEFAULT CURRENT_TIMESTAMP ON UPDATE CURRENT_TIMESTAMP(0),
  `resourceName` varchar(255) CHARACTER SET utf8 COLLATE utf8_general_ci NOT NULL,
  `resourceUrl` varchar(255) CHARACTER SET utf8 COLLATE utf8_general_ci NOT NULL,
  `resourceDescription` varchar(255) CHARACTER SET utf8 COLLATE utf8_general_ci NOT NULL,
  `resourceCredit` int(10) NOT NULL,
  PRIMARY KEY (`resourceId`) USING BTREE,
  INDEX `resource_ibfk_1`(`userId`) USING BTREE,
  CONSTRAINT `resource_ibfk_1` FOREIGN KEY (`userId`) REFERENCES `users` (`userID`) ON DELETE RESTRICT ON UPDATE RESTRICT
) ENGINE = InnoDB AUTO_INCREMENT = 1 CHARACTER SET = utf8 COLLATE = utf8_general_ci ROW_FORMAT = Compact;

-- ----------------------------
-- Table structure for users
-- ----------------------------
DROP TABLE IF EXISTS `users`;
CREATE TABLE `users`  (
  `userID` bigint(20) NOT NULL AUTO_INCREMENT,
  `password` varchar(254) CHARACTER SET utf8 COLLATE utf8_general_ci NOT NULL,
  `phonenumber` varchar(254) CHARACTER SET utf8 COLLATE utf8_general_ci NOT NULL,
  `regDate` date NULL DEFAULT NULL,
  `isVIP` int(11) NULL DEFAULT NULL,
  `money` double NULL DEFAULT NULL,
  `money_wait` double NULL DEFAULT NULL,
  `book` int(11) NULL DEFAULT NULL,
  `photo` int(11) NULL DEFAULT NULL,
  `adminFlag` int(255) NULL DEFAULT NULL,
  `sex` int(255) NULL DEFAULT NULL,
  `age` int(255) NULL DEFAULT NULL,
  `name` varchar(255) CHARACTER SET utf8 COLLATE utf8_general_ci NULL DEFAULT NULL,
  `occupation` varchar(255) CHARACTER SET utf8 COLLATE utf8_general_ci NULL DEFAULT NULL,
  `lastLoginTime` datetime(0) NULL DEFAULT NULL,
  `loginNum` int(11) NULL DEFAULT NULL,
  PRIMARY KEY (`userID`, `phonenumber`) USING BTREE,
  UNIQUE INDEX `userID`(`userID`) USING BTREE,
  UNIQUE INDEX `phonenumber`(`phonenumber`) USING BTREE
) ENGINE = InnoDB AUTO_INCREMENT = 123477 CHARACTER SET = utf8 COLLATE = utf8_general_ci ROW_FORMAT = Dynamic;

-- ----------------------------
-- Records of users
-- ----------------------------
INSERT INTO `users` VALUES (123470, '000000', '000001', '2020-04-17', 0, 0, 0, 2, 0, 0, 1, 12, '刘', '0', '2020-04-22 21:25:29', 1);
INSERT INTO `users` VALUES (123471, '123456', '123456', '2020-04-17', 0, 0, 0, 0, 0, 0, 0, 15, '李', '0', '2020-04-07 21:25:32', 1);
INSERT INTO `users` VALUES (123472, '123456', '15068859335', '2020-04-19', 0, 0, 0, 18, 0, 1, 0, 0, '0', '0', '2020-04-27 22:41:16', 60);
INSERT INTO `users` VALUES (123473, '12345', '15068859336', '2020-04-19', 0, 0, 0, 18, 13, 0, 1, 24, '李四', '汉语言老师', '2020-04-23 18:18:24', 2);
INSERT INTO `users` VALUES (123474, '123456', '15068859337', '2020-04-21', 0, 20, 0, 9, 11, 0, 1, 24, '李四', '汉语言老师', '2020-04-27 22:41:36', 87);
INSERT INTO `users` VALUES (123475, '123456', '15068859338', '2020-04-22', 0, 0, 0, 0, 0, 0, 3, 0, '0', '0', '2020-04-23 18:18:13', 4);
INSERT INTO `users` VALUES (123476, '123456', '15068859339', '2020-04-24', 0, 0, 0, 1, 0, 0, 1, 23, '李四', '汉语言老师', '2020-04-24 11:16:22', 2);

-- ----------------------------
-- Table structure for word
-- ----------------------------
DROP TABLE IF EXISTS `word`;
CREATE TABLE `word`  (
  `word_id` int(11) NOT NULL AUTO_INCREMENT,
  `word` varchar(254) CHARACTER SET utf8 COLLATE utf8_general_ci NOT NULL,
  PRIMARY KEY (`word_id`) USING BTREE,
  UNIQUE INDEX `No`(`word_id`) USING BTREE,
  UNIQUE INDEX `word`(`word`) USING BTREE
) ENGINE = InnoDB AUTO_INCREMENT = 3496 CHARACTER SET = utf8 COLLATE = utf8_general_ci ROW_FORMAT = Dynamic;

-- ----------------------------
-- Records of word
-- ----------------------------
INSERT INTO `word` VALUES (1, '一');
INSERT INTO `word` VALUES (2, '丁');
INSERT INTO `word` VALUES (3, '七');
INSERT INTO `word` VALUES (4, '万');
INSERT INTO `word` VALUES (5, '丈');
INSERT INTO `word` VALUES (6, '三');
INSERT INTO `word` VALUES (7, '上');
INSERT INTO `word` VALUES (8, '下');
INSERT INTO `word` VALUES (9, '不');
INSERT INTO `word` VALUES (10, '与');
INSERT INTO `word` VALUES (11, '丐');
INSERT INTO `word` VALUES (12, '丑');
INSERT INTO `word` VALUES (13, '专');
INSERT INTO `word` VALUES (14, '且');
INSERT INTO `word` VALUES (15, '世');
INSERT INTO `word` VALUES (16, '丘');
INSERT INTO `word` VALUES (17, '丙');
INSERT INTO `word` VALUES (18, '业');
INSERT INTO `word` VALUES (19, '丛');
INSERT INTO `word` VALUES (20, '东');
INSERT INTO `word` VALUES (21, '丝');
INSERT INTO `word` VALUES (22, '丢');
INSERT INTO `word` VALUES (23, '两');
INSERT INTO `word` VALUES (24, '严');
INSERT INTO `word` VALUES (25, '丧');
INSERT INTO `word` VALUES (26, '个');
INSERT INTO `word` VALUES (27, '中');
INSERT INTO `word` VALUES (28, '丰');
INSERT INTO `word` VALUES (29, '串');
INSERT INTO `word` VALUES (30, '临');
INSERT INTO `word` VALUES (31, '丸');
INSERT INTO `word` VALUES (32, '丹');
INSERT INTO `word` VALUES (33, '为');
INSERT INTO `word` VALUES (34, '主');
INSERT INTO `word` VALUES (35, '丽');
INSERT INTO `word` VALUES (36, '举');
INSERT INTO `word` VALUES (37, '乃');
INSERT INTO `word` VALUES (38, '久');
INSERT INTO `word` VALUES (39, '么');
INSERT INTO `word` VALUES (40, '义');
INSERT INTO `word` VALUES (41, '之');
INSERT INTO `word` VALUES (42, '乌');
INSERT INTO `word` VALUES (43, '乍');
INSERT INTO `word` VALUES (44, '乎');
INSERT INTO `word` VALUES (45, '乏');
INSERT INTO `word` VALUES (46, '乐');
INSERT INTO `word` VALUES (47, '乒');
INSERT INTO `word` VALUES (48, '乓');
INSERT INTO `word` VALUES (49, '乔');
INSERT INTO `word` VALUES (50, '乖');
INSERT INTO `word` VALUES (51, '乘');
INSERT INTO `word` VALUES (52, '乙');
INSERT INTO `word` VALUES (53, '九');
INSERT INTO `word` VALUES (54, '乞');
INSERT INTO `word` VALUES (55, '也');
INSERT INTO `word` VALUES (56, '习');
INSERT INTO `word` VALUES (57, '乡');
INSERT INTO `word` VALUES (58, '书');
INSERT INTO `word` VALUES (59, '买');
INSERT INTO `word` VALUES (60, '乱');
INSERT INTO `word` VALUES (61, '乳');
INSERT INTO `word` VALUES (62, '了');
INSERT INTO `word` VALUES (63, '予');
INSERT INTO `word` VALUES (64, '争');
INSERT INTO `word` VALUES (65, '事');
INSERT INTO `word` VALUES (66, '二');
INSERT INTO `word` VALUES (67, '于');
INSERT INTO `word` VALUES (68, '亏');
INSERT INTO `word` VALUES (69, '云');
INSERT INTO `word` VALUES (70, '互');
INSERT INTO `word` VALUES (71, '五');
INSERT INTO `word` VALUES (72, '井');
INSERT INTO `word` VALUES (73, '亚');
INSERT INTO `word` VALUES (74, '些');
INSERT INTO `word` VALUES (75, '亡');
INSERT INTO `word` VALUES (76, '交');
INSERT INTO `word` VALUES (77, '亥');
INSERT INTO `word` VALUES (78, '亦');
INSERT INTO `word` VALUES (79, '产');
INSERT INTO `word` VALUES (80, '亩');
INSERT INTO `word` VALUES (81, '享');
INSERT INTO `word` VALUES (82, '京');
INSERT INTO `word` VALUES (83, '亭');
INSERT INTO `word` VALUES (84, '亮');
INSERT INTO `word` VALUES (85, '亲');
INSERT INTO `word` VALUES (86, '人');
INSERT INTO `word` VALUES (87, '亿');
INSERT INTO `word` VALUES (88, '什');
INSERT INTO `word` VALUES (89, '仁');
INSERT INTO `word` VALUES (90, '仅');
INSERT INTO `word` VALUES (91, '仆');
INSERT INTO `word` VALUES (92, '仇');
INSERT INTO `word` VALUES (93, '今');
INSERT INTO `word` VALUES (94, '介');
INSERT INTO `word` VALUES (95, '仍');
INSERT INTO `word` VALUES (96, '从');
INSERT INTO `word` VALUES (97, '仑');
INSERT INTO `word` VALUES (98, '仓');
INSERT INTO `word` VALUES (99, '仔');
INSERT INTO `word` VALUES (100, '他');
INSERT INTO `word` VALUES (101, '仗');
INSERT INTO `word` VALUES (102, '付');
INSERT INTO `word` VALUES (103, '仙');
INSERT INTO `word` VALUES (104, '代');
INSERT INTO `word` VALUES (105, '令');
INSERT INTO `word` VALUES (106, '以');
INSERT INTO `word` VALUES (107, '仪');
INSERT INTO `word` VALUES (108, '们');
INSERT INTO `word` VALUES (109, '仰');
INSERT INTO `word` VALUES (110, '仲');
INSERT INTO `word` VALUES (111, '件');
INSERT INTO `word` VALUES (112, '价');
INSERT INTO `word` VALUES (113, '任');
INSERT INTO `word` VALUES (114, '份');
INSERT INTO `word` VALUES (115, '仿');
INSERT INTO `word` VALUES (116, '企');
INSERT INTO `word` VALUES (117, '伊');
INSERT INTO `word` VALUES (118, '伍');
INSERT INTO `word` VALUES (119, '伏');
INSERT INTO `word` VALUES (120, '伐');
INSERT INTO `word` VALUES (121, '休');
INSERT INTO `word` VALUES (122, '众');
INSERT INTO `word` VALUES (123, '优');
INSERT INTO `word` VALUES (124, '伙');
INSERT INTO `word` VALUES (125, '会');
INSERT INTO `word` VALUES (126, '伞');
INSERT INTO `word` VALUES (127, '伟');
INSERT INTO `word` VALUES (128, '传');
INSERT INTO `word` VALUES (129, '伤');
INSERT INTO `word` VALUES (130, '伦');
INSERT INTO `word` VALUES (131, '伪');
INSERT INTO `word` VALUES (132, '伯');
INSERT INTO `word` VALUES (133, '估');
INSERT INTO `word` VALUES (134, '伴');
INSERT INTO `word` VALUES (135, '伶');
INSERT INTO `word` VALUES (136, '伸');
INSERT INTO `word` VALUES (137, '伺');
INSERT INTO `word` VALUES (138, '似');
INSERT INTO `word` VALUES (139, '佃');
INSERT INTO `word` VALUES (140, '但');
INSERT INTO `word` VALUES (141, '位');
INSERT INTO `word` VALUES (142, '低');
INSERT INTO `word` VALUES (143, '住');
INSERT INTO `word` VALUES (144, '佑');
INSERT INTO `word` VALUES (145, '体');
INSERT INTO `word` VALUES (146, '何');
INSERT INTO `word` VALUES (147, '余');
INSERT INTO `word` VALUES (148, '佛');
INSERT INTO `word` VALUES (149, '作');
INSERT INTO `word` VALUES (150, '你');
INSERT INTO `word` VALUES (151, '佣');
INSERT INTO `word` VALUES (152, '佩');
INSERT INTO `word` VALUES (153, '佳');
INSERT INTO `word` VALUES (154, '使');
INSERT INTO `word` VALUES (155, '侄');
INSERT INTO `word` VALUES (156, '侈');
INSERT INTO `word` VALUES (157, '例');
INSERT INTO `word` VALUES (158, '侍');
INSERT INTO `word` VALUES (159, '供');
INSERT INTO `word` VALUES (160, '依');
INSERT INTO `word` VALUES (161, '侠');
INSERT INTO `word` VALUES (162, '侣');
INSERT INTO `word` VALUES (163, '侥');
INSERT INTO `word` VALUES (164, '侦');
INSERT INTO `word` VALUES (165, '侧');
INSERT INTO `word` VALUES (166, '侨');
INSERT INTO `word` VALUES (167, '侮');
INSERT INTO `word` VALUES (168, '侯');
INSERT INTO `word` VALUES (169, '侵');
INSERT INTO `word` VALUES (170, '便');
INSERT INTO `word` VALUES (171, '促');
INSERT INTO `word` VALUES (172, '俄');
INSERT INTO `word` VALUES (173, '俊');
INSERT INTO `word` VALUES (174, '俏');
INSERT INTO `word` VALUES (175, '俐');
INSERT INTO `word` VALUES (176, '俗');
INSERT INTO `word` VALUES (177, '俘');
INSERT INTO `word` VALUES (178, '保');
INSERT INTO `word` VALUES (179, '信');
INSERT INTO `word` VALUES (180, '俩');
INSERT INTO `word` VALUES (181, '俭');
INSERT INTO `word` VALUES (182, '修');
INSERT INTO `word` VALUES (183, '俯');
INSERT INTO `word` VALUES (184, '俱');
INSERT INTO `word` VALUES (185, '俺');
INSERT INTO `word` VALUES (186, '倍');
INSERT INTO `word` VALUES (187, '倒');
INSERT INTO `word` VALUES (188, '倔');
INSERT INTO `word` VALUES (189, '倘');
INSERT INTO `word` VALUES (190, '候');
INSERT INTO `word` VALUES (191, '倚');
INSERT INTO `word` VALUES (192, '借');
INSERT INTO `word` VALUES (193, '倡');
INSERT INTO `word` VALUES (194, '倦');
INSERT INTO `word` VALUES (195, '债');
INSERT INTO `word` VALUES (196, '值');
INSERT INTO `word` VALUES (197, '倾');
INSERT INTO `word` VALUES (198, '假');
INSERT INTO `word` VALUES (199, '偎');
INSERT INTO `word` VALUES (200, '偏');
INSERT INTO `word` VALUES (201, '做');
INSERT INTO `word` VALUES (202, '停');
INSERT INTO `word` VALUES (203, '健');
INSERT INTO `word` VALUES (204, '偶');
INSERT INTO `word` VALUES (205, '偷');
INSERT INTO `word` VALUES (206, '偿');
INSERT INTO `word` VALUES (207, '傀');
INSERT INTO `word` VALUES (208, '傅');
INSERT INTO `word` VALUES (209, '傍');
INSERT INTO `word` VALUES (210, '储');
INSERT INTO `word` VALUES (211, '催');
INSERT INTO `word` VALUES (212, '傲');
INSERT INTO `word` VALUES (213, '傻');
INSERT INTO `word` VALUES (214, '像');
INSERT INTO `word` VALUES (215, '僚');
INSERT INTO `word` VALUES (216, '僧');
INSERT INTO `word` VALUES (217, '僵');
INSERT INTO `word` VALUES (218, '僻');
INSERT INTO `word` VALUES (219, '儒');
INSERT INTO `word` VALUES (220, '儡');
INSERT INTO `word` VALUES (221, '儿');
INSERT INTO `word` VALUES (222, '允');
INSERT INTO `word` VALUES (223, '元');
INSERT INTO `word` VALUES (224, '兄');
INSERT INTO `word` VALUES (225, '充');
INSERT INTO `word` VALUES (226, '兆');
INSERT INTO `word` VALUES (227, '先');
INSERT INTO `word` VALUES (228, '光');
INSERT INTO `word` VALUES (229, '克');
INSERT INTO `word` VALUES (230, '免');
INSERT INTO `word` VALUES (231, '兑');
INSERT INTO `word` VALUES (232, '兔');
INSERT INTO `word` VALUES (233, '党');
INSERT INTO `word` VALUES (234, '兜');
INSERT INTO `word` VALUES (235, '兢');
INSERT INTO `word` VALUES (236, '入');
INSERT INTO `word` VALUES (237, '全');
INSERT INTO `word` VALUES (238, '八');
INSERT INTO `word` VALUES (239, '公');
INSERT INTO `word` VALUES (240, '六');
INSERT INTO `word` VALUES (241, '兰');
INSERT INTO `word` VALUES (242, '共');
INSERT INTO `word` VALUES (243, '关');
INSERT INTO `word` VALUES (244, '兴');
INSERT INTO `word` VALUES (245, '兵');
INSERT INTO `word` VALUES (246, '其');
INSERT INTO `word` VALUES (247, '具');
INSERT INTO `word` VALUES (248, '典');
INSERT INTO `word` VALUES (249, '养');
INSERT INTO `word` VALUES (250, '兼');
INSERT INTO `word` VALUES (251, '兽');
INSERT INTO `word` VALUES (252, '冀');
INSERT INTO `word` VALUES (253, '内');
INSERT INTO `word` VALUES (254, '冈');
INSERT INTO `word` VALUES (255, '册');
INSERT INTO `word` VALUES (256, '再');
INSERT INTO `word` VALUES (257, '冒');
INSERT INTO `word` VALUES (258, '冕');
INSERT INTO `word` VALUES (259, '冗');
INSERT INTO `word` VALUES (260, '写');
INSERT INTO `word` VALUES (261, '军');
INSERT INTO `word` VALUES (262, '农');
INSERT INTO `word` VALUES (263, '冠');
INSERT INTO `word` VALUES (264, '冤');
INSERT INTO `word` VALUES (265, '冬');
INSERT INTO `word` VALUES (266, '冯');
INSERT INTO `word` VALUES (267, '冰');
INSERT INTO `word` VALUES (268, '冲');
INSERT INTO `word` VALUES (269, '决');
INSERT INTO `word` VALUES (270, '况');
INSERT INTO `word` VALUES (271, '冶');
INSERT INTO `word` VALUES (272, '冷');
INSERT INTO `word` VALUES (273, '冻');
INSERT INTO `word` VALUES (274, '净');
INSERT INTO `word` VALUES (275, '凄');
INSERT INTO `word` VALUES (276, '准');
INSERT INTO `word` VALUES (277, '凉');
INSERT INTO `word` VALUES (278, '凌');
INSERT INTO `word` VALUES (279, '减');
INSERT INTO `word` VALUES (280, '凑');
INSERT INTO `word` VALUES (281, '凛');
INSERT INTO `word` VALUES (282, '凝');
INSERT INTO `word` VALUES (283, '几');
INSERT INTO `word` VALUES (284, '凡');
INSERT INTO `word` VALUES (285, '凤');
INSERT INTO `word` VALUES (286, '凫');
INSERT INTO `word` VALUES (287, '凭');
INSERT INTO `word` VALUES (288, '凯');
INSERT INTO `word` VALUES (289, '凰');
INSERT INTO `word` VALUES (290, '凳');
INSERT INTO `word` VALUES (291, '凶');
INSERT INTO `word` VALUES (292, '凸');
INSERT INTO `word` VALUES (293, '凹');
INSERT INTO `word` VALUES (294, '出');
INSERT INTO `word` VALUES (295, '击');
INSERT INTO `word` VALUES (296, '函');
INSERT INTO `word` VALUES (297, '凿');
INSERT INTO `word` VALUES (298, '刀');
INSERT INTO `word` VALUES (299, '刁');
INSERT INTO `word` VALUES (300, '刃');
INSERT INTO `word` VALUES (301, '分');
INSERT INTO `word` VALUES (302, '切');
INSERT INTO `word` VALUES (303, '刊');
INSERT INTO `word` VALUES (304, '刑');
INSERT INTO `word` VALUES (305, '划');
INSERT INTO `word` VALUES (306, '列');
INSERT INTO `word` VALUES (307, '刘');
INSERT INTO `word` VALUES (308, '则');
INSERT INTO `word` VALUES (309, '刚');
INSERT INTO `word` VALUES (310, '创');
INSERT INTO `word` VALUES (311, '初');
INSERT INTO `word` VALUES (312, '删');
INSERT INTO `word` VALUES (313, '判');
INSERT INTO `word` VALUES (314, '刨');
INSERT INTO `word` VALUES (315, '利');
INSERT INTO `word` VALUES (316, '别');
INSERT INTO `word` VALUES (317, '刮');
INSERT INTO `word` VALUES (318, '到');
INSERT INTO `word` VALUES (319, '制');
INSERT INTO `word` VALUES (320, '刷');
INSERT INTO `word` VALUES (321, '券');
INSERT INTO `word` VALUES (322, '刹');
INSERT INTO `word` VALUES (323, '刺');
INSERT INTO `word` VALUES (324, '刻');
INSERT INTO `word` VALUES (325, '刽');
INSERT INTO `word` VALUES (326, '剂');
INSERT INTO `word` VALUES (327, '剃');
INSERT INTO `word` VALUES (328, '削');
INSERT INTO `word` VALUES (329, '前');
INSERT INTO `word` VALUES (330, '剑');
INSERT INTO `word` VALUES (331, '剔');
INSERT INTO `word` VALUES (332, '剖');
INSERT INTO `word` VALUES (333, '剥');
INSERT INTO `word` VALUES (334, '剧');
INSERT INTO `word` VALUES (335, '剩');
INSERT INTO `word` VALUES (336, '剪');
INSERT INTO `word` VALUES (337, '副');
INSERT INTO `word` VALUES (338, '割');
INSERT INTO `word` VALUES (339, '剿');
INSERT INTO `word` VALUES (340, '劈');
INSERT INTO `word` VALUES (341, '力');
INSERT INTO `word` VALUES (342, '劝');
INSERT INTO `word` VALUES (343, '办');
INSERT INTO `word` VALUES (344, '功');
INSERT INTO `word` VALUES (345, '加');
INSERT INTO `word` VALUES (346, '务');
INSERT INTO `word` VALUES (347, '劣');
INSERT INTO `word` VALUES (348, '动');
INSERT INTO `word` VALUES (349, '助');
INSERT INTO `word` VALUES (350, '努');
INSERT INTO `word` VALUES (351, '劫');
INSERT INTO `word` VALUES (352, '励');
INSERT INTO `word` VALUES (353, '劲');
INSERT INTO `word` VALUES (354, '劳');
INSERT INTO `word` VALUES (355, '势');
INSERT INTO `word` VALUES (356, '勃');
INSERT INTO `word` VALUES (357, '勇');
INSERT INTO `word` VALUES (358, '勉');
INSERT INTO `word` VALUES (359, '勋');
INSERT INTO `word` VALUES (360, '勒');
INSERT INTO `word` VALUES (361, '勘');
INSERT INTO `word` VALUES (362, '募');
INSERT INTO `word` VALUES (363, '勤');
INSERT INTO `word` VALUES (364, '勺');
INSERT INTO `word` VALUES (365, '勾');
INSERT INTO `word` VALUES (366, '勿');
INSERT INTO `word` VALUES (367, '匀');
INSERT INTO `word` VALUES (368, '包');
INSERT INTO `word` VALUES (369, '匆');
INSERT INTO `word` VALUES (370, '匈');
INSERT INTO `word` VALUES (371, '匕');
INSERT INTO `word` VALUES (372, '化');
INSERT INTO `word` VALUES (373, '北');
INSERT INTO `word` VALUES (374, '匙');
INSERT INTO `word` VALUES (375, '匠');
INSERT INTO `word` VALUES (376, '匣');
INSERT INTO `word` VALUES (377, '匪');
INSERT INTO `word` VALUES (378, '匹');
INSERT INTO `word` VALUES (379, '区');
INSERT INTO `word` VALUES (380, '医');
INSERT INTO `word` VALUES (381, '匾');
INSERT INTO `word` VALUES (382, '匿');
INSERT INTO `word` VALUES (383, '十');
INSERT INTO `word` VALUES (384, '千');
INSERT INTO `word` VALUES (385, '升');
INSERT INTO `word` VALUES (386, '午');
INSERT INTO `word` VALUES (387, '半');
INSERT INTO `word` VALUES (388, '华');
INSERT INTO `word` VALUES (389, '协');
INSERT INTO `word` VALUES (390, '卑');
INSERT INTO `word` VALUES (391, '卒');
INSERT INTO `word` VALUES (392, '卓');
INSERT INTO `word` VALUES (393, '单');
INSERT INTO `word` VALUES (394, '卖');
INSERT INTO `word` VALUES (395, '南');
INSERT INTO `word` VALUES (396, '博');
INSERT INTO `word` VALUES (397, '卜');
INSERT INTO `word` VALUES (398, '占');
INSERT INTO `word` VALUES (399, '卡');
INSERT INTO `word` VALUES (400, '卢');
INSERT INTO `word` VALUES (401, '卤');
INSERT INTO `word` VALUES (402, '卦');
INSERT INTO `word` VALUES (403, '卧');
INSERT INTO `word` VALUES (404, '卫');
INSERT INTO `word` VALUES (405, '印');
INSERT INTO `word` VALUES (406, '危');
INSERT INTO `word` VALUES (407, '即');
INSERT INTO `word` VALUES (408, '却');
INSERT INTO `word` VALUES (409, '卵');
INSERT INTO `word` VALUES (410, '卷');
INSERT INTO `word` VALUES (411, '卸');
INSERT INTO `word` VALUES (412, '卿');
INSERT INTO `word` VALUES (413, '厂');
INSERT INTO `word` VALUES (414, '厅');
INSERT INTO `word` VALUES (415, '历');
INSERT INTO `word` VALUES (416, '厉');
INSERT INTO `word` VALUES (417, '压');
INSERT INTO `word` VALUES (418, '厌');
INSERT INTO `word` VALUES (419, '厕');
INSERT INTO `word` VALUES (420, '厘');
INSERT INTO `word` VALUES (421, '厚');
INSERT INTO `word` VALUES (422, '原');
INSERT INTO `word` VALUES (423, '厢');
INSERT INTO `word` VALUES (424, '厦');
INSERT INTO `word` VALUES (425, '厨');
INSERT INTO `word` VALUES (426, '去');
INSERT INTO `word` VALUES (427, '县');
INSERT INTO `word` VALUES (428, '参');
INSERT INTO `word` VALUES (429, '又');
INSERT INTO `word` VALUES (430, '叉');
INSERT INTO `word` VALUES (431, '及');
INSERT INTO `word` VALUES (432, '友');
INSERT INTO `word` VALUES (433, '双');
INSERT INTO `word` VALUES (434, '反');
INSERT INTO `word` VALUES (435, '发');
INSERT INTO `word` VALUES (436, '叔');
INSERT INTO `word` VALUES (437, '取');
INSERT INTO `word` VALUES (438, '受');
INSERT INTO `word` VALUES (439, '变');
INSERT INTO `word` VALUES (440, '叙');
INSERT INTO `word` VALUES (441, '叛');
INSERT INTO `word` VALUES (442, '叠');
INSERT INTO `word` VALUES (443, '口');
INSERT INTO `word` VALUES (444, '古');
INSERT INTO `word` VALUES (445, '句');
INSERT INTO `word` VALUES (446, '另');
INSERT INTO `word` VALUES (447, '叨');
INSERT INTO `word` VALUES (448, '只');
INSERT INTO `word` VALUES (449, '叫');
INSERT INTO `word` VALUES (450, '召');
INSERT INTO `word` VALUES (451, '叭');
INSERT INTO `word` VALUES (452, '叮');
INSERT INTO `word` VALUES (453, '可');
INSERT INTO `word` VALUES (454, '台');
INSERT INTO `word` VALUES (455, '史');
INSERT INTO `word` VALUES (456, '右');
INSERT INTO `word` VALUES (457, '叶');
INSERT INTO `word` VALUES (458, '号');
INSERT INTO `word` VALUES (459, '司');
INSERT INTO `word` VALUES (460, '叹');
INSERT INTO `word` VALUES (461, '叼');
INSERT INTO `word` VALUES (462, '叽');
INSERT INTO `word` VALUES (463, '吁');
INSERT INTO `word` VALUES (464, '吃');
INSERT INTO `word` VALUES (465, '各');
INSERT INTO `word` VALUES (466, '吆');
INSERT INTO `word` VALUES (467, '合');
INSERT INTO `word` VALUES (468, '吉');
INSERT INTO `word` VALUES (469, '吊');
INSERT INTO `word` VALUES (470, '同');
INSERT INTO `word` VALUES (471, '名');
INSERT INTO `word` VALUES (472, '后');
INSERT INTO `word` VALUES (473, '吏');
INSERT INTO `word` VALUES (474, '吐');
INSERT INTO `word` VALUES (475, '向');
INSERT INTO `word` VALUES (476, '吓');
INSERT INTO `word` VALUES (477, '吕');
INSERT INTO `word` VALUES (478, '吗');
INSERT INTO `word` VALUES (479, '君');
INSERT INTO `word` VALUES (480, '吝');
INSERT INTO `word` VALUES (481, '吞');
INSERT INTO `word` VALUES (482, '吟');
INSERT INTO `word` VALUES (483, '吠');
INSERT INTO `word` VALUES (484, '否');
INSERT INTO `word` VALUES (485, '吧');
INSERT INTO `word` VALUES (486, '吨');
INSERT INTO `word` VALUES (487, '吩');
INSERT INTO `word` VALUES (488, '含');
INSERT INTO `word` VALUES (489, '听');
INSERT INTO `word` VALUES (490, '吭');
INSERT INTO `word` VALUES (491, '吮');
INSERT INTO `word` VALUES (492, '启');
INSERT INTO `word` VALUES (493, '吱');
INSERT INTO `word` VALUES (494, '吴');
INSERT INTO `word` VALUES (495, '吵');
INSERT INTO `word` VALUES (496, '吸');
INSERT INTO `word` VALUES (497, '吹');
INSERT INTO `word` VALUES (498, '吻');
INSERT INTO `word` VALUES (499, '吼');
INSERT INTO `word` VALUES (500, '呀');
INSERT INTO `word` VALUES (501, '呆');
INSERT INTO `word` VALUES (502, '呈');
INSERT INTO `word` VALUES (503, '告');
INSERT INTO `word` VALUES (504, '呐');
INSERT INTO `word` VALUES (505, '呕');
INSERT INTO `word` VALUES (506, '员');
INSERT INTO `word` VALUES (507, '呛');
INSERT INTO `word` VALUES (508, '呜');
INSERT INTO `word` VALUES (509, '呢');
INSERT INTO `word` VALUES (510, '周');
INSERT INTO `word` VALUES (511, '味');
INSERT INTO `word` VALUES (512, '呵');
INSERT INTO `word` VALUES (513, '呻');
INSERT INTO `word` VALUES (514, '呼');
INSERT INTO `word` VALUES (515, '命');
INSERT INTO `word` VALUES (516, '咆');
INSERT INTO `word` VALUES (517, '和');
INSERT INTO `word` VALUES (518, '咏');
INSERT INTO `word` VALUES (519, '咐');
INSERT INTO `word` VALUES (520, '咒');
INSERT INTO `word` VALUES (521, '咕');
INSERT INTO `word` VALUES (522, '咖');
INSERT INTO `word` VALUES (523, '咙');
INSERT INTO `word` VALUES (524, '咧');
INSERT INTO `word` VALUES (525, '咨');
INSERT INTO `word` VALUES (526, '咪');
INSERT INTO `word` VALUES (527, '咬');
INSERT INTO `word` VALUES (528, '咱');
INSERT INTO `word` VALUES (529, '咳');
INSERT INTO `word` VALUES (530, '咸');
INSERT INTO `word` VALUES (531, '咽');
INSERT INTO `word` VALUES (532, '哀');
INSERT INTO `word` VALUES (533, '品');
INSERT INTO `word` VALUES (534, '哄');
INSERT INTO `word` VALUES (535, '哆');
INSERT INTO `word` VALUES (536, '哈');
INSERT INTO `word` VALUES (537, '响');
INSERT INTO `word` VALUES (538, '哎');
INSERT INTO `word` VALUES (539, '哑');
INSERT INTO `word` VALUES (540, '哗');
INSERT INTO `word` VALUES (541, '哟');
INSERT INTO `word` VALUES (542, '哥');
INSERT INTO `word` VALUES (543, '哨');
INSERT INTO `word` VALUES (544, '哩');
INSERT INTO `word` VALUES (545, '哪');
INSERT INTO `word` VALUES (546, '哭');
INSERT INTO `word` VALUES (547, '哮');
INSERT INTO `word` VALUES (548, '哲');
INSERT INTO `word` VALUES (549, '哺');
INSERT INTO `word` VALUES (550, '哼');
INSERT INTO `word` VALUES (551, '唁');
INSERT INTO `word` VALUES (552, '唆');
INSERT INTO `word` VALUES (553, '唇');
INSERT INTO `word` VALUES (554, '唉');
INSERT INTO `word` VALUES (555, '唐');
INSERT INTO `word` VALUES (556, '唠');
INSERT INTO `word` VALUES (557, '唤');
INSERT INTO `word` VALUES (558, '唧');
INSERT INTO `word` VALUES (559, '唬');
INSERT INTO `word` VALUES (560, '售');
INSERT INTO `word` VALUES (561, '唯');
INSERT INTO `word` VALUES (562, '唱');
INSERT INTO `word` VALUES (563, '唾');
INSERT INTO `word` VALUES (564, '啃');
INSERT INTO `word` VALUES (565, '啄');
INSERT INTO `word` VALUES (566, '商');
INSERT INTO `word` VALUES (567, '啊');
INSERT INTO `word` VALUES (568, '啡');
INSERT INTO `word` VALUES (569, '啤');
INSERT INTO `word` VALUES (570, '啥');
INSERT INTO `word` VALUES (571, '啦');
INSERT INTO `word` VALUES (572, '啰');
INSERT INTO `word` VALUES (573, '啸');
INSERT INTO `word` VALUES (574, '啼');
INSERT INTO `word` VALUES (575, '喂');
INSERT INTO `word` VALUES (576, '善');
INSERT INTO `word` VALUES (577, '喇');
INSERT INTO `word` VALUES (578, '喉');
INSERT INTO `word` VALUES (579, '喊');
INSERT INTO `word` VALUES (580, '喘');
INSERT INTO `word` VALUES (581, '喜');
INSERT INTO `word` VALUES (582, '喝');
INSERT INTO `word` VALUES (583, '喧');
INSERT INTO `word` VALUES (584, '喳');
INSERT INTO `word` VALUES (585, '喷');
INSERT INTO `word` VALUES (586, '喻');
INSERT INTO `word` VALUES (587, '嗅');
INSERT INTO `word` VALUES (588, '嗓');
INSERT INTO `word` VALUES (589, '嗜');
INSERT INTO `word` VALUES (590, '嗡');
INSERT INTO `word` VALUES (591, '嗤');
INSERT INTO `word` VALUES (592, '嗦');
INSERT INTO `word` VALUES (593, '嗽');
INSERT INTO `word` VALUES (594, '嘀');
INSERT INTO `word` VALUES (595, '嘁');
INSERT INTO `word` VALUES (596, '嘉');
INSERT INTO `word` VALUES (597, '嘱');
INSERT INTO `word` VALUES (598, '嘲');
INSERT INTO `word` VALUES (599, '嘴');
INSERT INTO `word` VALUES (600, '嘶');
INSERT INTO `word` VALUES (601, '嘹');
INSERT INTO `word` VALUES (602, '嘿');
INSERT INTO `word` VALUES (603, '器');
INSERT INTO `word` VALUES (604, '噩');
INSERT INTO `word` VALUES (605, '噪');
INSERT INTO `word` VALUES (606, '嚎');
INSERT INTO `word` VALUES (607, '嚣');
INSERT INTO `word` VALUES (608, '嚷');
INSERT INTO `word` VALUES (609, '嚼');
INSERT INTO `word` VALUES (610, '囊');
INSERT INTO `word` VALUES (611, '囚');
INSERT INTO `word` VALUES (612, '四');
INSERT INTO `word` VALUES (613, '回');
INSERT INTO `word` VALUES (614, '因');
INSERT INTO `word` VALUES (615, '团');
INSERT INTO `word` VALUES (616, '囤');
INSERT INTO `word` VALUES (617, '园');
INSERT INTO `word` VALUES (618, '困');
INSERT INTO `word` VALUES (619, '囱');
INSERT INTO `word` VALUES (620, '围');
INSERT INTO `word` VALUES (621, '固');
INSERT INTO `word` VALUES (622, '国');
INSERT INTO `word` VALUES (623, '图');
INSERT INTO `word` VALUES (624, '圃');
INSERT INTO `word` VALUES (625, '圆');
INSERT INTO `word` VALUES (626, '圈');
INSERT INTO `word` VALUES (627, '土');
INSERT INTO `word` VALUES (628, '圣');
INSERT INTO `word` VALUES (629, '在');
INSERT INTO `word` VALUES (630, '地');
INSERT INTO `word` VALUES (631, '场');
INSERT INTO `word` VALUES (632, '圾');
INSERT INTO `word` VALUES (633, '址');
INSERT INTO `word` VALUES (634, '均');
INSERT INTO `word` VALUES (635, '坊');
INSERT INTO `word` VALUES (636, '坎');
INSERT INTO `word` VALUES (637, '坏');
INSERT INTO `word` VALUES (638, '坐');
INSERT INTO `word` VALUES (639, '坑');
INSERT INTO `word` VALUES (640, '块');
INSERT INTO `word` VALUES (641, '坚');
INSERT INTO `word` VALUES (642, '坛');
INSERT INTO `word` VALUES (643, '坝');
INSERT INTO `word` VALUES (644, '坞');
INSERT INTO `word` VALUES (645, '坟');
INSERT INTO `word` VALUES (646, '坠');
INSERT INTO `word` VALUES (647, '坡');
INSERT INTO `word` VALUES (648, '坤');
INSERT INTO `word` VALUES (649, '坦');
INSERT INTO `word` VALUES (650, '坪');
INSERT INTO `word` VALUES (651, '坯');
INSERT INTO `word` VALUES (652, '坷');
INSERT INTO `word` VALUES (653, '垂');
INSERT INTO `word` VALUES (654, '垃');
INSERT INTO `word` VALUES (655, '垄');
INSERT INTO `word` VALUES (656, '型');
INSERT INTO `word` VALUES (657, '垒');
INSERT INTO `word` VALUES (658, '垛');
INSERT INTO `word` VALUES (659, '垢');
INSERT INTO `word` VALUES (660, '垦');
INSERT INTO `word` VALUES (661, '垫');
INSERT INTO `word` VALUES (662, '垮');
INSERT INTO `word` VALUES (663, '埂');
INSERT INTO `word` VALUES (664, '埃');
INSERT INTO `word` VALUES (665, '埋');
INSERT INTO `word` VALUES (666, '城');
INSERT INTO `word` VALUES (667, '域');
INSERT INTO `word` VALUES (668, '埠');
INSERT INTO `word` VALUES (669, '培');
INSERT INTO `word` VALUES (670, '基');
INSERT INTO `word` VALUES (671, '堂');
INSERT INTO `word` VALUES (672, '堆');
INSERT INTO `word` VALUES (673, '堕');
INSERT INTO `word` VALUES (674, '堡');
INSERT INTO `word` VALUES (675, '堤');
INSERT INTO `word` VALUES (676, '堪');
INSERT INTO `word` VALUES (677, '堰');
INSERT INTO `word` VALUES (678, '堵');
INSERT INTO `word` VALUES (679, '塌');
INSERT INTO `word` VALUES (680, '塑');
INSERT INTO `word` VALUES (681, '塔');
INSERT INTO `word` VALUES (682, '塘');
INSERT INTO `word` VALUES (683, '塞');
INSERT INTO `word` VALUES (684, '填');
INSERT INTO `word` VALUES (685, '境');
INSERT INTO `word` VALUES (686, '墅');
INSERT INTO `word` VALUES (687, '墓');
INSERT INTO `word` VALUES (688, '墙');
INSERT INTO `word` VALUES (689, '增');
INSERT INTO `word` VALUES (690, '墨');
INSERT INTO `word` VALUES (691, '墩');
INSERT INTO `word` VALUES (692, '壁');
INSERT INTO `word` VALUES (693, '壕');
INSERT INTO `word` VALUES (694, '壤');
INSERT INTO `word` VALUES (695, '士');
INSERT INTO `word` VALUES (696, '壮');
INSERT INTO `word` VALUES (697, '声');
INSERT INTO `word` VALUES (698, '壳');
INSERT INTO `word` VALUES (699, '壶');
INSERT INTO `word` VALUES (700, '壹');
INSERT INTO `word` VALUES (701, '处');
INSERT INTO `word` VALUES (702, '备');
INSERT INTO `word` VALUES (703, '复');
INSERT INTO `word` VALUES (704, '夏');
INSERT INTO `word` VALUES (705, '夕');
INSERT INTO `word` VALUES (706, '外');
INSERT INTO `word` VALUES (707, '多');
INSERT INTO `word` VALUES (708, '夜');
INSERT INTO `word` VALUES (709, '够');
INSERT INTO `word` VALUES (710, '大');
INSERT INTO `word` VALUES (711, '天');
INSERT INTO `word` VALUES (712, '太');
INSERT INTO `word` VALUES (713, '夫');
INSERT INTO `word` VALUES (714, '夭');
INSERT INTO `word` VALUES (715, '央');
INSERT INTO `word` VALUES (716, '夯');
INSERT INTO `word` VALUES (717, '失');
INSERT INTO `word` VALUES (718, '头');
INSERT INTO `word` VALUES (719, '夷');
INSERT INTO `word` VALUES (720, '夸');
INSERT INTO `word` VALUES (721, '夹');
INSERT INTO `word` VALUES (722, '夺');
INSERT INTO `word` VALUES (723, '奄');
INSERT INTO `word` VALUES (724, '奇');
INSERT INTO `word` VALUES (725, '奈');
INSERT INTO `word` VALUES (726, '奉');
INSERT INTO `word` VALUES (727, '奋');
INSERT INTO `word` VALUES (728, '奏');
INSERT INTO `word` VALUES (729, '契');
INSERT INTO `word` VALUES (730, '奔');
INSERT INTO `word` VALUES (731, '奕');
INSERT INTO `word` VALUES (732, '奖');
INSERT INTO `word` VALUES (733, '套');
INSERT INTO `word` VALUES (734, '奠');
INSERT INTO `word` VALUES (735, '奢');
INSERT INTO `word` VALUES (736, '奥');
INSERT INTO `word` VALUES (737, '女');
INSERT INTO `word` VALUES (738, '奴');
INSERT INTO `word` VALUES (739, '奶');
INSERT INTO `word` VALUES (740, '奸');
INSERT INTO `word` VALUES (741, '她');
INSERT INTO `word` VALUES (742, '好');
INSERT INTO `word` VALUES (743, '如');
INSERT INTO `word` VALUES (744, '妄');
INSERT INTO `word` VALUES (745, '妆');
INSERT INTO `word` VALUES (746, '妇');
INSERT INTO `word` VALUES (747, '妈');
INSERT INTO `word` VALUES (748, '妒');
INSERT INTO `word` VALUES (749, '妓');
INSERT INTO `word` VALUES (750, '妖');
INSERT INTO `word` VALUES (751, '妙');
INSERT INTO `word` VALUES (752, '妥');
INSERT INTO `word` VALUES (753, '妨');
INSERT INTO `word` VALUES (754, '妹');
INSERT INTO `word` VALUES (755, '妻');
INSERT INTO `word` VALUES (756, '姆');
INSERT INTO `word` VALUES (757, '姊');
INSERT INTO `word` VALUES (758, '始');
INSERT INTO `word` VALUES (759, '姐');
INSERT INTO `word` VALUES (760, '姑');
INSERT INTO `word` VALUES (761, '姓');
INSERT INTO `word` VALUES (762, '委');
INSERT INTO `word` VALUES (763, '姚');
INSERT INTO `word` VALUES (764, '姜');
INSERT INTO `word` VALUES (765, '姥');
INSERT INTO `word` VALUES (766, '姨');
INSERT INTO `word` VALUES (767, '姻');
INSERT INTO `word` VALUES (768, '姿');
INSERT INTO `word` VALUES (769, '威');
INSERT INTO `word` VALUES (770, '娃');
INSERT INTO `word` VALUES (771, '娄');
INSERT INTO `word` VALUES (772, '娇');
INSERT INTO `word` VALUES (773, '娘');
INSERT INTO `word` VALUES (774, '娜');
INSERT INTO `word` VALUES (775, '娩');
INSERT INTO `word` VALUES (776, '娱');
INSERT INTO `word` VALUES (777, '娶');
INSERT INTO `word` VALUES (778, '婆');
INSERT INTO `word` VALUES (779, '婉');
INSERT INTO `word` VALUES (780, '婚');
INSERT INTO `word` VALUES (781, '婴');
INSERT INTO `word` VALUES (782, '婶');
INSERT INTO `word` VALUES (783, '婿');
INSERT INTO `word` VALUES (784, '媒');
INSERT INTO `word` VALUES (785, '媚');
INSERT INTO `word` VALUES (786, '媳');
INSERT INTO `word` VALUES (787, '嫁');
INSERT INTO `word` VALUES (788, '嫂');
INSERT INTO `word` VALUES (789, '嫉');
INSERT INTO `word` VALUES (790, '嫌');
INSERT INTO `word` VALUES (791, '嫡');
INSERT INTO `word` VALUES (792, '嫩');
INSERT INTO `word` VALUES (793, '嬉');
INSERT INTO `word` VALUES (794, '子');
INSERT INTO `word` VALUES (795, '孔');
INSERT INTO `word` VALUES (796, '孕');
INSERT INTO `word` VALUES (797, '字');
INSERT INTO `word` VALUES (798, '存');
INSERT INTO `word` VALUES (799, '孙');
INSERT INTO `word` VALUES (800, '孝');
INSERT INTO `word` VALUES (801, '孟');
INSERT INTO `word` VALUES (802, '季');
INSERT INTO `word` VALUES (803, '孤');
INSERT INTO `word` VALUES (804, '学');
INSERT INTO `word` VALUES (805, '孩');
INSERT INTO `word` VALUES (806, '孵');
INSERT INTO `word` VALUES (807, '孽');
INSERT INTO `word` VALUES (808, '宁');
INSERT INTO `word` VALUES (809, '它');
INSERT INTO `word` VALUES (810, '宅');
INSERT INTO `word` VALUES (811, '宇');
INSERT INTO `word` VALUES (812, '守');
INSERT INTO `word` VALUES (813, '安');
INSERT INTO `word` VALUES (814, '宋');
INSERT INTO `word` VALUES (815, '完');
INSERT INTO `word` VALUES (816, '宏');
INSERT INTO `word` VALUES (817, '宗');
INSERT INTO `word` VALUES (818, '官');
INSERT INTO `word` VALUES (819, '宙');
INSERT INTO `word` VALUES (820, '定');
INSERT INTO `word` VALUES (821, '宛');
INSERT INTO `word` VALUES (822, '宜');
INSERT INTO `word` VALUES (823, '宝');
INSERT INTO `word` VALUES (824, '实');
INSERT INTO `word` VALUES (825, '宠');
INSERT INTO `word` VALUES (826, '审');
INSERT INTO `word` VALUES (827, '客');
INSERT INTO `word` VALUES (828, '宣');
INSERT INTO `word` VALUES (829, '室');
INSERT INTO `word` VALUES (830, '宦');
INSERT INTO `word` VALUES (831, '宪');
INSERT INTO `word` VALUES (832, '宫');
INSERT INTO `word` VALUES (833, '宰');
INSERT INTO `word` VALUES (834, '害');
INSERT INTO `word` VALUES (835, '宴');
INSERT INTO `word` VALUES (836, '宵');
INSERT INTO `word` VALUES (837, '家');
INSERT INTO `word` VALUES (838, '容');
INSERT INTO `word` VALUES (839, '宽');
INSERT INTO `word` VALUES (840, '宾');
INSERT INTO `word` VALUES (841, '宿');
INSERT INTO `word` VALUES (842, '寂');
INSERT INTO `word` VALUES (843, '寄');
INSERT INTO `word` VALUES (844, '密');
INSERT INTO `word` VALUES (845, '寇');
INSERT INTO `word` VALUES (846, '富');
INSERT INTO `word` VALUES (847, '寒');
INSERT INTO `word` VALUES (848, '寓');
INSERT INTO `word` VALUES (849, '寝');
INSERT INTO `word` VALUES (850, '寞');
INSERT INTO `word` VALUES (851, '察');
INSERT INTO `word` VALUES (852, '寡');
INSERT INTO `word` VALUES (853, '寥');
INSERT INTO `word` VALUES (854, '寨');
INSERT INTO `word` VALUES (855, '寸');
INSERT INTO `word` VALUES (856, '对');
INSERT INTO `word` VALUES (857, '寺');
INSERT INTO `word` VALUES (858, '寻');
INSERT INTO `word` VALUES (859, '导');
INSERT INTO `word` VALUES (860, '寿');
INSERT INTO `word` VALUES (861, '封');
INSERT INTO `word` VALUES (862, '射');
INSERT INTO `word` VALUES (863, '将');
INSERT INTO `word` VALUES (864, '尉');
INSERT INTO `word` VALUES (865, '尊');
INSERT INTO `word` VALUES (866, '小');
INSERT INTO `word` VALUES (867, '少');
INSERT INTO `word` VALUES (868, '尔');
INSERT INTO `word` VALUES (869, '尖');
INSERT INTO `word` VALUES (870, '尘');
INSERT INTO `word` VALUES (871, '尚');
INSERT INTO `word` VALUES (872, '尝');
INSERT INTO `word` VALUES (873, '尤');
INSERT INTO `word` VALUES (874, '就');
INSERT INTO `word` VALUES (875, '尸');
INSERT INTO `word` VALUES (876, '尺');
INSERT INTO `word` VALUES (877, '尼');
INSERT INTO `word` VALUES (878, '尽');
INSERT INTO `word` VALUES (879, '尾');
INSERT INTO `word` VALUES (880, '尿');
INSERT INTO `word` VALUES (881, '局');
INSERT INTO `word` VALUES (882, '屁');
INSERT INTO `word` VALUES (883, '层');
INSERT INTO `word` VALUES (884, '居');
INSERT INTO `word` VALUES (885, '屈');
INSERT INTO `word` VALUES (886, '屉');
INSERT INTO `word` VALUES (887, '届');
INSERT INTO `word` VALUES (888, '屋');
INSERT INTO `word` VALUES (889, '屎');
INSERT INTO `word` VALUES (890, '屏');
INSERT INTO `word` VALUES (891, '屑');
INSERT INTO `word` VALUES (892, '展');
INSERT INTO `word` VALUES (893, '属');
INSERT INTO `word` VALUES (894, '屠');
INSERT INTO `word` VALUES (895, '屡');
INSERT INTO `word` VALUES (896, '履');
INSERT INTO `word` VALUES (897, '屯');
INSERT INTO `word` VALUES (898, '山');
INSERT INTO `word` VALUES (899, '屹');
INSERT INTO `word` VALUES (900, '屿');
INSERT INTO `word` VALUES (901, '岁');
INSERT INTO `word` VALUES (902, '岂');
INSERT INTO `word` VALUES (903, '岔');
INSERT INTO `word` VALUES (904, '岖');
INSERT INTO `word` VALUES (905, '岗');
INSERT INTO `word` VALUES (906, '岛');
INSERT INTO `word` VALUES (907, '岩');
INSERT INTO `word` VALUES (908, '岭');
INSERT INTO `word` VALUES (909, '岳');
INSERT INTO `word` VALUES (910, '岸');
INSERT INTO `word` VALUES (911, '峡');
INSERT INTO `word` VALUES (912, '峦');
INSERT INTO `word` VALUES (913, '峭');
INSERT INTO `word` VALUES (914, '峰');
INSERT INTO `word` VALUES (915, '峻');
INSERT INTO `word` VALUES (916, '崇');
INSERT INTO `word` VALUES (917, '崎');
INSERT INTO `word` VALUES (918, '崔');
INSERT INTO `word` VALUES (919, '崖');
INSERT INTO `word` VALUES (920, '崩');
INSERT INTO `word` VALUES (921, '崭');
INSERT INTO `word` VALUES (922, '嵌');
INSERT INTO `word` VALUES (923, '巍');
INSERT INTO `word` VALUES (924, '川');
INSERT INTO `word` VALUES (925, '州');
INSERT INTO `word` VALUES (926, '巡');
INSERT INTO `word` VALUES (927, '巢');
INSERT INTO `word` VALUES (928, '工');
INSERT INTO `word` VALUES (929, '左');
INSERT INTO `word` VALUES (930, '巧');
INSERT INTO `word` VALUES (931, '巨');
INSERT INTO `word` VALUES (932, '巩');
INSERT INTO `word` VALUES (933, '巫');
INSERT INTO `word` VALUES (934, '差');
INSERT INTO `word` VALUES (935, '己');
INSERT INTO `word` VALUES (936, '已');
INSERT INTO `word` VALUES (937, '巴');
INSERT INTO `word` VALUES (938, '巷');
INSERT INTO `word` VALUES (939, '巾');
INSERT INTO `word` VALUES (940, '币');
INSERT INTO `word` VALUES (941, '市');
INSERT INTO `word` VALUES (942, '布');
INSERT INTO `word` VALUES (943, '帅');
INSERT INTO `word` VALUES (944, '帆');
INSERT INTO `word` VALUES (945, '师');
INSERT INTO `word` VALUES (946, '希');
INSERT INTO `word` VALUES (947, '帐');
INSERT INTO `word` VALUES (948, '帕');
INSERT INTO `word` VALUES (949, '帖');
INSERT INTO `word` VALUES (950, '帘');
INSERT INTO `word` VALUES (951, '帚');
INSERT INTO `word` VALUES (952, '帜');
INSERT INTO `word` VALUES (953, '帝');
INSERT INTO `word` VALUES (954, '带');
INSERT INTO `word` VALUES (955, '席');
INSERT INTO `word` VALUES (956, '帮');
INSERT INTO `word` VALUES (957, '常');
INSERT INTO `word` VALUES (958, '帽');
INSERT INTO `word` VALUES (959, '幅');
INSERT INTO `word` VALUES (960, '幌');
INSERT INTO `word` VALUES (961, '幔');
INSERT INTO `word` VALUES (962, '幕');
INSERT INTO `word` VALUES (963, '幢');
INSERT INTO `word` VALUES (964, '干');
INSERT INTO `word` VALUES (965, '平');
INSERT INTO `word` VALUES (966, '年');
INSERT INTO `word` VALUES (967, '并');
INSERT INTO `word` VALUES (968, '幸');
INSERT INTO `word` VALUES (969, '幻');
INSERT INTO `word` VALUES (970, '幼');
INSERT INTO `word` VALUES (971, '幽');
INSERT INTO `word` VALUES (972, '广');
INSERT INTO `word` VALUES (973, '庄');
INSERT INTO `word` VALUES (974, '庆');
INSERT INTO `word` VALUES (975, '庇');
INSERT INTO `word` VALUES (976, '床');
INSERT INTO `word` VALUES (977, '序');
INSERT INTO `word` VALUES (978, '庐');
INSERT INTO `word` VALUES (979, '库');
INSERT INTO `word` VALUES (980, '应');
INSERT INTO `word` VALUES (981, '底');
INSERT INTO `word` VALUES (982, '店');
INSERT INTO `word` VALUES (983, '庙');
INSERT INTO `word` VALUES (984, '府');
INSERT INTO `word` VALUES (985, '庞');
INSERT INTO `word` VALUES (986, '废');
INSERT INTO `word` VALUES (987, '度');
INSERT INTO `word` VALUES (988, '座');
INSERT INTO `word` VALUES (989, '庭');
INSERT INTO `word` VALUES (990, '庵');
INSERT INTO `word` VALUES (991, '庶');
INSERT INTO `word` VALUES (992, '康');
INSERT INTO `word` VALUES (993, '庸');
INSERT INTO `word` VALUES (994, '廉');
INSERT INTO `word` VALUES (995, '廊');
INSERT INTO `word` VALUES (996, '廓');
INSERT INTO `word` VALUES (997, '延');
INSERT INTO `word` VALUES (998, '廷');
INSERT INTO `word` VALUES (999, '建');
INSERT INTO `word` VALUES (1000, '开');
INSERT INTO `word` VALUES (1001, '异');
INSERT INTO `word` VALUES (1002, '弃');
INSERT INTO `word` VALUES (1003, '弄');
INSERT INTO `word` VALUES (1004, '弊');
INSERT INTO `word` VALUES (1005, '式');
INSERT INTO `word` VALUES (1006, '弓');
INSERT INTO `word` VALUES (1007, '引');
INSERT INTO `word` VALUES (1008, '弛');
INSERT INTO `word` VALUES (1009, '弟');
INSERT INTO `word` VALUES (1010, '张');
INSERT INTO `word` VALUES (1011, '弥');
INSERT INTO `word` VALUES (1012, '弦');
INSERT INTO `word` VALUES (1013, '弧');
INSERT INTO `word` VALUES (1014, '弯');
INSERT INTO `word` VALUES (1015, '弱');
INSERT INTO `word` VALUES (1016, '弹');
INSERT INTO `word` VALUES (1017, '强');
INSERT INTO `word` VALUES (1018, '归');
INSERT INTO `word` VALUES (1019, '当');
INSERT INTO `word` VALUES (1020, '录');
INSERT INTO `word` VALUES (1021, '形');
INSERT INTO `word` VALUES (1022, '彤');
INSERT INTO `word` VALUES (1023, '彩');
INSERT INTO `word` VALUES (1024, '彪');
INSERT INTO `word` VALUES (1025, '彬');
INSERT INTO `word` VALUES (1026, '彭');
INSERT INTO `word` VALUES (1027, '彰');
INSERT INTO `word` VALUES (1028, '影');
INSERT INTO `word` VALUES (1029, '役');
INSERT INTO `word` VALUES (1030, '彻');
INSERT INTO `word` VALUES (1031, '彼');
INSERT INTO `word` VALUES (1032, '往');
INSERT INTO `word` VALUES (1033, '征');
INSERT INTO `word` VALUES (1034, '径');
INSERT INTO `word` VALUES (1035, '待');
INSERT INTO `word` VALUES (1036, '很');
INSERT INTO `word` VALUES (1037, '徊');
INSERT INTO `word` VALUES (1038, '律');
INSERT INTO `word` VALUES (1039, '徐');
INSERT INTO `word` VALUES (1040, '徒');
INSERT INTO `word` VALUES (1041, '得');
INSERT INTO `word` VALUES (1042, '徘');
INSERT INTO `word` VALUES (1043, '御');
INSERT INTO `word` VALUES (1044, '循');
INSERT INTO `word` VALUES (1045, '微');
INSERT INTO `word` VALUES (1046, '德');
INSERT INTO `word` VALUES (1047, '徽');
INSERT INTO `word` VALUES (1048, '心');
INSERT INTO `word` VALUES (1049, '必');
INSERT INTO `word` VALUES (1050, '忆');
INSERT INTO `word` VALUES (1051, '忌');
INSERT INTO `word` VALUES (1052, '忍');
INSERT INTO `word` VALUES (1053, '志');
INSERT INTO `word` VALUES (1054, '忘');
INSERT INTO `word` VALUES (1055, '忙');
INSERT INTO `word` VALUES (1056, '忠');
INSERT INTO `word` VALUES (1057, '忧');
INSERT INTO `word` VALUES (1058, '快');
INSERT INTO `word` VALUES (1059, '忱');
INSERT INTO `word` VALUES (1060, '念');
INSERT INTO `word` VALUES (1061, '忽');
INSERT INTO `word` VALUES (1062, '忿');
INSERT INTO `word` VALUES (1063, '怀');
INSERT INTO `word` VALUES (1064, '态');
INSERT INTO `word` VALUES (1065, '怎');
INSERT INTO `word` VALUES (1066, '怒');
INSERT INTO `word` VALUES (1067, '怔');
INSERT INTO `word` VALUES (1068, '怕');
INSERT INTO `word` VALUES (1069, '怖');
INSERT INTO `word` VALUES (1070, '怜');
INSERT INTO `word` VALUES (1071, '思');
INSERT INTO `word` VALUES (1072, '怠');
INSERT INTO `word` VALUES (1073, '急');
INSERT INTO `word` VALUES (1074, '性');
INSERT INTO `word` VALUES (1075, '怨');
INSERT INTO `word` VALUES (1076, '怪');
INSERT INTO `word` VALUES (1077, '怯');
INSERT INTO `word` VALUES (1078, '总');
INSERT INTO `word` VALUES (1079, '恃');
INSERT INTO `word` VALUES (1080, '恋');
INSERT INTO `word` VALUES (1081, '恍');
INSERT INTO `word` VALUES (1082, '恐');
INSERT INTO `word` VALUES (1083, '恒');
INSERT INTO `word` VALUES (1084, '恕');
INSERT INTO `word` VALUES (1085, '恢');
INSERT INTO `word` VALUES (1086, '恤');
INSERT INTO `word` VALUES (1087, '恨');
INSERT INTO `word` VALUES (1088, '恩');
INSERT INTO `word` VALUES (1089, '恬');
INSERT INTO `word` VALUES (1090, '恭');
INSERT INTO `word` VALUES (1091, '息');
INSERT INTO `word` VALUES (1092, '恰');
INSERT INTO `word` VALUES (1093, '恳');
INSERT INTO `word` VALUES (1094, '恶');
INSERT INTO `word` VALUES (1095, '恼');
INSERT INTO `word` VALUES (1096, '悄');
INSERT INTO `word` VALUES (1097, '悉');
INSERT INTO `word` VALUES (1098, '悍');
INSERT INTO `word` VALUES (1099, '悔');
INSERT INTO `word` VALUES (1100, '悟');
INSERT INTO `word` VALUES (1101, '悠');
INSERT INTO `word` VALUES (1102, '患');
INSERT INTO `word` VALUES (1103, '悦');
INSERT INTO `word` VALUES (1104, '您');
INSERT INTO `word` VALUES (1105, '悬');
INSERT INTO `word` VALUES (1106, '悯');
INSERT INTO `word` VALUES (1107, '悲');
INSERT INTO `word` VALUES (1108, '悴');
INSERT INTO `word` VALUES (1109, '悼');
INSERT INTO `word` VALUES (1110, '情');
INSERT INTO `word` VALUES (1111, '惊');
INSERT INTO `word` VALUES (1112, '惋');
INSERT INTO `word` VALUES (1113, '惑');
INSERT INTO `word` VALUES (1114, '惕');
INSERT INTO `word` VALUES (1115, '惜');
INSERT INTO `word` VALUES (1116, '惠');
INSERT INTO `word` VALUES (1117, '惦');
INSERT INTO `word` VALUES (1118, '惧');
INSERT INTO `word` VALUES (1119, '惨');
INSERT INTO `word` VALUES (1120, '惩');
INSERT INTO `word` VALUES (1121, '惫');
INSERT INTO `word` VALUES (1122, '惭');
INSERT INTO `word` VALUES (1123, '惯');
INSERT INTO `word` VALUES (1124, '惰');
INSERT INTO `word` VALUES (1125, '想');
INSERT INTO `word` VALUES (1126, '惶');
INSERT INTO `word` VALUES (1127, '惹');
INSERT INTO `word` VALUES (1128, '愁');
INSERT INTO `word` VALUES (1129, '愈');
INSERT INTO `word` VALUES (1130, '愉');
INSERT INTO `word` VALUES (1131, '意');
INSERT INTO `word` VALUES (1132, '愕');
INSERT INTO `word` VALUES (1133, '愚');
INSERT INTO `word` VALUES (1134, '感');
INSERT INTO `word` VALUES (1135, '愤');
INSERT INTO `word` VALUES (1136, '愧');
INSERT INTO `word` VALUES (1137, '愿');
INSERT INTO `word` VALUES (1138, '慈');
INSERT INTO `word` VALUES (1139, '慌');
INSERT INTO `word` VALUES (1140, '慎');
INSERT INTO `word` VALUES (1141, '慕');
INSERT INTO `word` VALUES (1142, '慢');
INSERT INTO `word` VALUES (1143, '慧');
INSERT INTO `word` VALUES (1144, '慨');
INSERT INTO `word` VALUES (1145, '慰');
INSERT INTO `word` VALUES (1146, '慷');
INSERT INTO `word` VALUES (1147, '憋');
INSERT INTO `word` VALUES (1148, '憎');
INSERT INTO `word` VALUES (1149, '憔');
INSERT INTO `word` VALUES (1150, '憨');
INSERT INTO `word` VALUES (1151, '憾');
INSERT INTO `word` VALUES (1152, '懂');
INSERT INTO `word` VALUES (1153, '懈');
INSERT INTO `word` VALUES (1154, '懊');
INSERT INTO `word` VALUES (1155, '懒');
INSERT INTO `word` VALUES (1156, '懦');
INSERT INTO `word` VALUES (1157, '戈');
INSERT INTO `word` VALUES (1158, '戏');
INSERT INTO `word` VALUES (1159, '成');
INSERT INTO `word` VALUES (1160, '我');
INSERT INTO `word` VALUES (1161, '戒');
INSERT INTO `word` VALUES (1162, '或');
INSERT INTO `word` VALUES (1163, '战');
INSERT INTO `word` VALUES (1164, '戚');
INSERT INTO `word` VALUES (1165, '截');
INSERT INTO `word` VALUES (1166, '戳');
INSERT INTO `word` VALUES (1167, '戴');
INSERT INTO `word` VALUES (1168, '户');
INSERT INTO `word` VALUES (1169, '房');
INSERT INTO `word` VALUES (1170, '所');
INSERT INTO `word` VALUES (1171, '扁');
INSERT INTO `word` VALUES (1172, '扇');
INSERT INTO `word` VALUES (1173, '手');
INSERT INTO `word` VALUES (1174, '才');
INSERT INTO `word` VALUES (1175, '扎');
INSERT INTO `word` VALUES (1176, '扑');
INSERT INTO `word` VALUES (1177, '扒');
INSERT INTO `word` VALUES (1178, '打');
INSERT INTO `word` VALUES (1179, '扔');
INSERT INTO `word` VALUES (1180, '托');
INSERT INTO `word` VALUES (1181, '扛');
INSERT INTO `word` VALUES (1182, '扣');
INSERT INTO `word` VALUES (1183, '执');
INSERT INTO `word` VALUES (1184, '扩');
INSERT INTO `word` VALUES (1185, '扫');
INSERT INTO `word` VALUES (1186, '扬');
INSERT INTO `word` VALUES (1187, '扭');
INSERT INTO `word` VALUES (1188, '扮');
INSERT INTO `word` VALUES (1189, '扯');
INSERT INTO `word` VALUES (1190, '扰');
INSERT INTO `word` VALUES (1191, '扳');
INSERT INTO `word` VALUES (1192, '扶');
INSERT INTO `word` VALUES (1193, '批');
INSERT INTO `word` VALUES (1194, '扼');
INSERT INTO `word` VALUES (1195, '找');
INSERT INTO `word` VALUES (1196, '承');
INSERT INTO `word` VALUES (1197, '技');
INSERT INTO `word` VALUES (1198, '抄');
INSERT INTO `word` VALUES (1199, '把');
INSERT INTO `word` VALUES (1200, '抑');
INSERT INTO `word` VALUES (1201, '抒');
INSERT INTO `word` VALUES (1202, '抓');
INSERT INTO `word` VALUES (1203, '投');
INSERT INTO `word` VALUES (1204, '抖');
INSERT INTO `word` VALUES (1205, '抗');
INSERT INTO `word` VALUES (1206, '折');
INSERT INTO `word` VALUES (1207, '抚');
INSERT INTO `word` VALUES (1208, '抛');
INSERT INTO `word` VALUES (1209, '抠');
INSERT INTO `word` VALUES (1210, '抡');
INSERT INTO `word` VALUES (1211, '抢');
INSERT INTO `word` VALUES (1212, '护');
INSERT INTO `word` VALUES (1213, '报');
INSERT INTO `word` VALUES (1214, '披');
INSERT INTO `word` VALUES (1215, '抬');
INSERT INTO `word` VALUES (1216, '抱');
INSERT INTO `word` VALUES (1217, '抵');
INSERT INTO `word` VALUES (1218, '抹');
INSERT INTO `word` VALUES (1219, '押');
INSERT INTO `word` VALUES (1220, '抽');
INSERT INTO `word` VALUES (1221, '拂');
INSERT INTO `word` VALUES (1222, '拄');
INSERT INTO `word` VALUES (1223, '担');
INSERT INTO `word` VALUES (1224, '拆');
INSERT INTO `word` VALUES (1225, '拇');
INSERT INTO `word` VALUES (1226, '拉');
INSERT INTO `word` VALUES (1227, '拌');
INSERT INTO `word` VALUES (1228, '拍');
INSERT INTO `word` VALUES (1229, '拐');
INSERT INTO `word` VALUES (1230, '拒');
INSERT INTO `word` VALUES (1231, '拓');
INSERT INTO `word` VALUES (1232, '拔');
INSERT INTO `word` VALUES (1233, '拖');
INSERT INTO `word` VALUES (1234, '拗');
INSERT INTO `word` VALUES (1235, '拘');
INSERT INTO `word` VALUES (1236, '拙');
INSERT INTO `word` VALUES (1237, '招');
INSERT INTO `word` VALUES (1238, '拜');
INSERT INTO `word` VALUES (1239, '拟');
INSERT INTO `word` VALUES (1240, '拢');
INSERT INTO `word` VALUES (1241, '拣');
INSERT INTO `word` VALUES (1242, '拥');
INSERT INTO `word` VALUES (1243, '拦');
INSERT INTO `word` VALUES (1244, '拧');
INSERT INTO `word` VALUES (1245, '拨');
INSERT INTO `word` VALUES (1246, '择');
INSERT INTO `word` VALUES (1247, '括');
INSERT INTO `word` VALUES (1248, '拭');
INSERT INTO `word` VALUES (1249, '拯');
INSERT INTO `word` VALUES (1250, '拱');
INSERT INTO `word` VALUES (1251, '拳');
INSERT INTO `word` VALUES (1252, '拴');
INSERT INTO `word` VALUES (1253, '拷');
INSERT INTO `word` VALUES (1254, '拼');
INSERT INTO `word` VALUES (1255, '拾');
INSERT INTO `word` VALUES (1256, '拿');
INSERT INTO `word` VALUES (1257, '持');
INSERT INTO `word` VALUES (1258, '挂');
INSERT INTO `word` VALUES (1259, '指');
INSERT INTO `word` VALUES (1260, '按');
INSERT INTO `word` VALUES (1261, '挎');
INSERT INTO `word` VALUES (1262, '挑');
INSERT INTO `word` VALUES (1263, '挖');
INSERT INTO `word` VALUES (1264, '挚');
INSERT INTO `word` VALUES (1265, '挟');
INSERT INTO `word` VALUES (1266, '挠');
INSERT INTO `word` VALUES (1267, '挡');
INSERT INTO `word` VALUES (1268, '挣');
INSERT INTO `word` VALUES (1269, '挤');
INSERT INTO `word` VALUES (1270, '挥');
INSERT INTO `word` VALUES (1271, '挨');
INSERT INTO `word` VALUES (1272, '挪');
INSERT INTO `word` VALUES (1273, '挫');
INSERT INTO `word` VALUES (1274, '振');
INSERT INTO `word` VALUES (1275, '挺');
INSERT INTO `word` VALUES (1276, '挽');
INSERT INTO `word` VALUES (1277, '捂');
INSERT INTO `word` VALUES (1278, '捅');
INSERT INTO `word` VALUES (1279, '捆');
INSERT INTO `word` VALUES (1280, '捉');
INSERT INTO `word` VALUES (1281, '捌');
INSERT INTO `word` VALUES (1282, '捍');
INSERT INTO `word` VALUES (1283, '捎');
INSERT INTO `word` VALUES (1284, '捏');
INSERT INTO `word` VALUES (1285, '捐');
INSERT INTO `word` VALUES (1286, '捕');
INSERT INTO `word` VALUES (1287, '捞');
INSERT INTO `word` VALUES (1288, '损');
INSERT INTO `word` VALUES (1289, '捡');
INSERT INTO `word` VALUES (1290, '换');
INSERT INTO `word` VALUES (1291, '捣');
INSERT INTO `word` VALUES (1292, '捧');
INSERT INTO `word` VALUES (1293, '据');
INSERT INTO `word` VALUES (1294, '捶');
INSERT INTO `word` VALUES (1295, '捷');
INSERT INTO `word` VALUES (1296, '捺');
INSERT INTO `word` VALUES (1297, '捻');
INSERT INTO `word` VALUES (1298, '掀');
INSERT INTO `word` VALUES (1299, '掂');
INSERT INTO `word` VALUES (1300, '授');
INSERT INTO `word` VALUES (1301, '掉');
INSERT INTO `word` VALUES (1302, '掌');
INSERT INTO `word` VALUES (1303, '掏');
INSERT INTO `word` VALUES (1304, '掐');
INSERT INTO `word` VALUES (1305, '排');
INSERT INTO `word` VALUES (1306, '掖');
INSERT INTO `word` VALUES (1307, '掘');
INSERT INTO `word` VALUES (1308, '掠');
INSERT INTO `word` VALUES (1309, '探');
INSERT INTO `word` VALUES (1310, '接');
INSERT INTO `word` VALUES (1311, '控');
INSERT INTO `word` VALUES (1312, '推');
INSERT INTO `word` VALUES (1313, '掩');
INSERT INTO `word` VALUES (1314, '措');
INSERT INTO `word` VALUES (1315, '掰');
INSERT INTO `word` VALUES (1316, '掷');
INSERT INTO `word` VALUES (1317, '掸');
INSERT INTO `word` VALUES (1318, '掺');
INSERT INTO `word` VALUES (1319, '揉');
INSERT INTO `word` VALUES (1320, '揍');
INSERT INTO `word` VALUES (1321, '描');
INSERT INTO `word` VALUES (1322, '提');
INSERT INTO `word` VALUES (1323, '插');
INSERT INTO `word` VALUES (1324, '揖');
INSERT INTO `word` VALUES (1325, '握');
INSERT INTO `word` VALUES (1326, '揣');
INSERT INTO `word` VALUES (1327, '揩');
INSERT INTO `word` VALUES (1328, '揪');
INSERT INTO `word` VALUES (1329, '揭');
INSERT INTO `word` VALUES (1330, '援');
INSERT INTO `word` VALUES (1331, '揽');
INSERT INTO `word` VALUES (1332, '搀');
INSERT INTO `word` VALUES (1333, '搁');
INSERT INTO `word` VALUES (1334, '搂');
INSERT INTO `word` VALUES (1335, '搅');
INSERT INTO `word` VALUES (1336, '搏');
INSERT INTO `word` VALUES (1337, '搓');
INSERT INTO `word` VALUES (1338, '搔');
INSERT INTO `word` VALUES (1339, '搜');
INSERT INTO `word` VALUES (1340, '搞');
INSERT INTO `word` VALUES (1341, '搪');
INSERT INTO `word` VALUES (1342, '搬');
INSERT INTO `word` VALUES (1343, '搭');
INSERT INTO `word` VALUES (1344, '携');
INSERT INTO `word` VALUES (1345, '摄');
INSERT INTO `word` VALUES (1346, '摆');
INSERT INTO `word` VALUES (1347, '摇');
INSERT INTO `word` VALUES (1348, '摊');
INSERT INTO `word` VALUES (1349, '摔');
INSERT INTO `word` VALUES (1350, '摘');
INSERT INTO `word` VALUES (1351, '摧');
INSERT INTO `word` VALUES (1352, '摩');
INSERT INTO `word` VALUES (1353, '摸');
INSERT INTO `word` VALUES (1354, '摹');
INSERT INTO `word` VALUES (1355, '撇');
INSERT INTO `word` VALUES (1356, '撑');
INSERT INTO `word` VALUES (1357, '撒');
INSERT INTO `word` VALUES (1358, '撕');
INSERT INTO `word` VALUES (1359, '撞');
INSERT INTO `word` VALUES (1360, '撤');
INSERT INTO `word` VALUES (1361, '撩');
INSERT INTO `word` VALUES (1362, '撬');
INSERT INTO `word` VALUES (1363, '播');
INSERT INTO `word` VALUES (1364, '撮');
INSERT INTO `word` VALUES (1365, '撰');
INSERT INTO `word` VALUES (1366, '撵');
INSERT INTO `word` VALUES (1367, '撼');
INSERT INTO `word` VALUES (1368, '擂');
INSERT INTO `word` VALUES (1369, '擅');
INSERT INTO `word` VALUES (1370, '操');
INSERT INTO `word` VALUES (1371, '擎');
INSERT INTO `word` VALUES (1372, '擒');
INSERT INTO `word` VALUES (1373, '擦');
INSERT INTO `word` VALUES (1374, '攀');
INSERT INTO `word` VALUES (1375, '攒');
INSERT INTO `word` VALUES (1376, '攘');
INSERT INTO `word` VALUES (1377, '支');
INSERT INTO `word` VALUES (1378, '收');
INSERT INTO `word` VALUES (1379, '改');
INSERT INTO `word` VALUES (1380, '攻');
INSERT INTO `word` VALUES (1381, '放');
INSERT INTO `word` VALUES (1382, '政');
INSERT INTO `word` VALUES (1383, '故');
INSERT INTO `word` VALUES (1384, '效');
INSERT INTO `word` VALUES (1385, '敌');
INSERT INTO `word` VALUES (1386, '敏');
INSERT INTO `word` VALUES (1387, '救');
INSERT INTO `word` VALUES (1388, '教');
INSERT INTO `word` VALUES (1389, '敛');
INSERT INTO `word` VALUES (1390, '敞');
INSERT INTO `word` VALUES (1391, '敢');
INSERT INTO `word` VALUES (1392, '散');
INSERT INTO `word` VALUES (1393, '敦');
INSERT INTO `word` VALUES (1394, '敬');
INSERT INTO `word` VALUES (1395, '数');
INSERT INTO `word` VALUES (1396, '敲');
INSERT INTO `word` VALUES (1397, '整');
INSERT INTO `word` VALUES (1398, '敷');
INSERT INTO `word` VALUES (1399, '文');
INSERT INTO `word` VALUES (1400, '斋');
INSERT INTO `word` VALUES (1401, '斑');
INSERT INTO `word` VALUES (1402, '斗');
INSERT INTO `word` VALUES (1403, '料');
INSERT INTO `word` VALUES (1404, '斜');
INSERT INTO `word` VALUES (1405, '斟');
INSERT INTO `word` VALUES (1406, '斤');
INSERT INTO `word` VALUES (1407, '斥');
INSERT INTO `word` VALUES (1408, '斧');
INSERT INTO `word` VALUES (1409, '斩');
INSERT INTO `word` VALUES (1410, '断');
INSERT INTO `word` VALUES (1411, '斯');
INSERT INTO `word` VALUES (1412, '新');
INSERT INTO `word` VALUES (1413, '方');
INSERT INTO `word` VALUES (1414, '施');
INSERT INTO `word` VALUES (1415, '旁');
INSERT INTO `word` VALUES (1416, '旅');
INSERT INTO `word` VALUES (1417, '旋');
INSERT INTO `word` VALUES (1418, '族');
INSERT INTO `word` VALUES (1419, '旗');
INSERT INTO `word` VALUES (1420, '无');
INSERT INTO `word` VALUES (1421, '既');
INSERT INTO `word` VALUES (1422, '日');
INSERT INTO `word` VALUES (1423, '旦');
INSERT INTO `word` VALUES (1424, '旧');
INSERT INTO `word` VALUES (1425, '旨');
INSERT INTO `word` VALUES (1426, '早');
INSERT INTO `word` VALUES (1427, '旬');
INSERT INTO `word` VALUES (1428, '旭');
INSERT INTO `word` VALUES (1429, '旱');
INSERT INTO `word` VALUES (1430, '时');
INSERT INTO `word` VALUES (1431, '旷');
INSERT INTO `word` VALUES (1432, '旺');
INSERT INTO `word` VALUES (1433, '昂');
INSERT INTO `word` VALUES (1434, '昆');
INSERT INTO `word` VALUES (1435, '昌');
INSERT INTO `word` VALUES (1436, '明');
INSERT INTO `word` VALUES (1437, '昏');
INSERT INTO `word` VALUES (1438, '易');
INSERT INTO `word` VALUES (1439, '昔');
INSERT INTO `word` VALUES (1440, '昙');
INSERT INTO `word` VALUES (1441, '星');
INSERT INTO `word` VALUES (1442, '映');
INSERT INTO `word` VALUES (1443, '春');
INSERT INTO `word` VALUES (1444, '昧');
INSERT INTO `word` VALUES (1445, '昨');
INSERT INTO `word` VALUES (1446, '昭');
INSERT INTO `word` VALUES (1447, '是');
INSERT INTO `word` VALUES (1448, '昵');
INSERT INTO `word` VALUES (1449, '昼');
INSERT INTO `word` VALUES (1450, '显');
INSERT INTO `word` VALUES (1451, '晃');
INSERT INTO `word` VALUES (1452, '晋');
INSERT INTO `word` VALUES (1453, '晌');
INSERT INTO `word` VALUES (1454, '晒');
INSERT INTO `word` VALUES (1455, '晓');
INSERT INTO `word` VALUES (1456, '晕');
INSERT INTO `word` VALUES (1457, '晚');
INSERT INTO `word` VALUES (1458, '晤');
INSERT INTO `word` VALUES (1459, '晦');
INSERT INTO `word` VALUES (1460, '晨');
INSERT INTO `word` VALUES (1461, '普');
INSERT INTO `word` VALUES (1462, '景');
INSERT INTO `word` VALUES (1463, '晰');
INSERT INTO `word` VALUES (1464, '晴');
INSERT INTO `word` VALUES (1465, '晶');
INSERT INTO `word` VALUES (1466, '智');
INSERT INTO `word` VALUES (1467, '晾');
INSERT INTO `word` VALUES (1468, '暂');
INSERT INTO `word` VALUES (1469, '暇');
INSERT INTO `word` VALUES (1470, '暑');
INSERT INTO `word` VALUES (1471, '暖');
INSERT INTO `word` VALUES (1472, '暗');
INSERT INTO `word` VALUES (1473, '暮');
INSERT INTO `word` VALUES (1474, '暴');
INSERT INTO `word` VALUES (1475, '曙');
INSERT INTO `word` VALUES (1476, '曲');
INSERT INTO `word` VALUES (1477, '更');
INSERT INTO `word` VALUES (1478, '曹');
INSERT INTO `word` VALUES (1479, '曼');
INSERT INTO `word` VALUES (1480, '曾');
INSERT INTO `word` VALUES (1481, '替');
INSERT INTO `word` VALUES (1482, '最');
INSERT INTO `word` VALUES (1483, '月');
INSERT INTO `word` VALUES (1484, '有');
INSERT INTO `word` VALUES (1485, '朋');
INSERT INTO `word` VALUES (1486, '服');
INSERT INTO `word` VALUES (1487, '朗');
INSERT INTO `word` VALUES (1488, '望');
INSERT INTO `word` VALUES (1489, '朝');
INSERT INTO `word` VALUES (1490, '期');
INSERT INTO `word` VALUES (1491, '朦');
INSERT INTO `word` VALUES (1492, '木');
INSERT INTO `word` VALUES (1493, '未');
INSERT INTO `word` VALUES (1494, '末');
INSERT INTO `word` VALUES (1495, '本');
INSERT INTO `word` VALUES (1496, '术');
INSERT INTO `word` VALUES (1497, '朱');
INSERT INTO `word` VALUES (1498, '朴');
INSERT INTO `word` VALUES (1499, '朵');
INSERT INTO `word` VALUES (1500, '机');
INSERT INTO `word` VALUES (1501, '朽');
INSERT INTO `word` VALUES (1502, '杀');
INSERT INTO `word` VALUES (1503, '杂');
INSERT INTO `word` VALUES (1504, '权');
INSERT INTO `word` VALUES (1505, '杆');
INSERT INTO `word` VALUES (1506, '杈');
INSERT INTO `word` VALUES (1507, '杉');
INSERT INTO `word` VALUES (1508, '李');
INSERT INTO `word` VALUES (1509, '杏');
INSERT INTO `word` VALUES (1510, '材');
INSERT INTO `word` VALUES (1511, '村');
INSERT INTO `word` VALUES (1512, '杖');
INSERT INTO `word` VALUES (1513, '杜');
INSERT INTO `word` VALUES (1514, '束');
INSERT INTO `word` VALUES (1515, '杠');
INSERT INTO `word` VALUES (1516, '条');
INSERT INTO `word` VALUES (1517, '来');
INSERT INTO `word` VALUES (1518, '杨');
INSERT INTO `word` VALUES (1519, '杭');
INSERT INTO `word` VALUES (1520, '杯');
INSERT INTO `word` VALUES (1521, '杰');
INSERT INTO `word` VALUES (1522, '松');
INSERT INTO `word` VALUES (1523, '板');
INSERT INTO `word` VALUES (1524, '极');
INSERT INTO `word` VALUES (1525, '构');
INSERT INTO `word` VALUES (1526, '枉');
INSERT INTO `word` VALUES (1527, '析');
INSERT INTO `word` VALUES (1528, '枕');
INSERT INTO `word` VALUES (1529, '林');
INSERT INTO `word` VALUES (1530, '枚');
INSERT INTO `word` VALUES (1531, '果');
INSERT INTO `word` VALUES (1532, '枝');
INSERT INTO `word` VALUES (1533, '枢');
INSERT INTO `word` VALUES (1534, '枣');
INSERT INTO `word` VALUES (1535, '枪');
INSERT INTO `word` VALUES (1536, '枫');
INSERT INTO `word` VALUES (1537, '枯');
INSERT INTO `word` VALUES (1538, '架');
INSERT INTO `word` VALUES (1539, '枷');
INSERT INTO `word` VALUES (1540, '柄');
INSERT INTO `word` VALUES (1541, '柏');
INSERT INTO `word` VALUES (1542, '某');
INSERT INTO `word` VALUES (1543, '柑');
INSERT INTO `word` VALUES (1544, '柒');
INSERT INTO `word` VALUES (1545, '染');
INSERT INTO `word` VALUES (1546, '柔');
INSERT INTO `word` VALUES (1547, '柜');
INSERT INTO `word` VALUES (1548, '柠');
INSERT INTO `word` VALUES (1549, '查');
INSERT INTO `word` VALUES (1550, '柬');
INSERT INTO `word` VALUES (1551, '柱');
INSERT INTO `word` VALUES (1552, '柳');
INSERT INTO `word` VALUES (1553, '柴');
INSERT INTO `word` VALUES (1554, '柿');
INSERT INTO `word` VALUES (1555, '栅');
INSERT INTO `word` VALUES (1556, '标');
INSERT INTO `word` VALUES (1557, '栈');
INSERT INTO `word` VALUES (1558, '栋');
INSERT INTO `word` VALUES (1559, '栏');
INSERT INTO `word` VALUES (1560, '树');
INSERT INTO `word` VALUES (1561, '栓');
INSERT INTO `word` VALUES (1562, '栖');
INSERT INTO `word` VALUES (1563, '栗');
INSERT INTO `word` VALUES (1564, '校');
INSERT INTO `word` VALUES (1565, '株');
INSERT INTO `word` VALUES (1566, '样');
INSERT INTO `word` VALUES (1567, '核');
INSERT INTO `word` VALUES (1568, '根');
INSERT INTO `word` VALUES (1569, '格');
INSERT INTO `word` VALUES (1570, '栽');
INSERT INTO `word` VALUES (1571, '桂');
INSERT INTO `word` VALUES (1572, '桃');
INSERT INTO `word` VALUES (1573, '桅');
INSERT INTO `word` VALUES (1574, '框');
INSERT INTO `word` VALUES (1575, '案');
INSERT INTO `word` VALUES (1576, '桌');
INSERT INTO `word` VALUES (1577, '桐');
INSERT INTO `word` VALUES (1578, '桑');
INSERT INTO `word` VALUES (1579, '档');
INSERT INTO `word` VALUES (1580, '桥');
INSERT INTO `word` VALUES (1581, '桦');
INSERT INTO `word` VALUES (1582, '桨');
INSERT INTO `word` VALUES (1583, '桩');
INSERT INTO `word` VALUES (1584, '桶');
INSERT INTO `word` VALUES (1585, '梁');
INSERT INTO `word` VALUES (1586, '梅');
INSERT INTO `word` VALUES (1587, '梆');
INSERT INTO `word` VALUES (1588, '梗');
INSERT INTO `word` VALUES (1589, '梢');
INSERT INTO `word` VALUES (1590, '梦');
INSERT INTO `word` VALUES (1591, '梧');
INSERT INTO `word` VALUES (1592, '梨');
INSERT INTO `word` VALUES (1593, '梭');
INSERT INTO `word` VALUES (1594, '梯');
INSERT INTO `word` VALUES (1595, '械');
INSERT INTO `word` VALUES (1596, '梳');
INSERT INTO `word` VALUES (1597, '检');
INSERT INTO `word` VALUES (1598, '棉');
INSERT INTO `word` VALUES (1599, '棋');
INSERT INTO `word` VALUES (1600, '棍');
INSERT INTO `word` VALUES (1601, '棒');
INSERT INTO `word` VALUES (1602, '棕');
INSERT INTO `word` VALUES (1603, '棘');
INSERT INTO `word` VALUES (1604, '棚');
INSERT INTO `word` VALUES (1605, '棠');
INSERT INTO `word` VALUES (1606, '森');
INSERT INTO `word` VALUES (1607, '棱');
INSERT INTO `word` VALUES (1608, '棵');
INSERT INTO `word` VALUES (1609, '棺');
INSERT INTO `word` VALUES (1610, '椅');
INSERT INTO `word` VALUES (1611, '植');
INSERT INTO `word` VALUES (1612, '椎');
INSERT INTO `word` VALUES (1613, '椒');
INSERT INTO `word` VALUES (1614, '椭');
INSERT INTO `word` VALUES (1615, '椰');
INSERT INTO `word` VALUES (1616, '椿');
INSERT INTO `word` VALUES (1617, '楔');
INSERT INTO `word` VALUES (1618, '楚');
INSERT INTO `word` VALUES (1619, '楞');
INSERT INTO `word` VALUES (1620, '楣');
INSERT INTO `word` VALUES (1621, '楷');
INSERT INTO `word` VALUES (1622, '楼');
INSERT INTO `word` VALUES (1623, '概');
INSERT INTO `word` VALUES (1624, '榄');
INSERT INTO `word` VALUES (1625, '榆');
INSERT INTO `word` VALUES (1626, '榔');
INSERT INTO `word` VALUES (1627, '榕');
INSERT INTO `word` VALUES (1628, '榛');
INSERT INTO `word` VALUES (1629, '榜');
INSERT INTO `word` VALUES (1630, '榨');
INSERT INTO `word` VALUES (1631, '榴');
INSERT INTO `word` VALUES (1632, '槐');
INSERT INTO `word` VALUES (1633, '槽');
INSERT INTO `word` VALUES (1634, '樊');
INSERT INTO `word` VALUES (1635, '樟');
INSERT INTO `word` VALUES (1636, '模');
INSERT INTO `word` VALUES (1637, '横');
INSERT INTO `word` VALUES (1638, '樱');
INSERT INTO `word` VALUES (1639, '橄');
INSERT INTO `word` VALUES (1640, '橘');
INSERT INTO `word` VALUES (1641, '橙');
INSERT INTO `word` VALUES (1642, '橡');
INSERT INTO `word` VALUES (1643, '橱');
INSERT INTO `word` VALUES (1644, '檀');
INSERT INTO `word` VALUES (1645, '檐');
INSERT INTO `word` VALUES (1646, '檩');
INSERT INTO `word` VALUES (1647, '檬');
INSERT INTO `word` VALUES (1648, '欠');
INSERT INTO `word` VALUES (1649, '次');
INSERT INTO `word` VALUES (1650, '欢');
INSERT INTO `word` VALUES (1651, '欣');
INSERT INTO `word` VALUES (1652, '欧');
INSERT INTO `word` VALUES (1653, '欲');
INSERT INTO `word` VALUES (1654, '欺');
INSERT INTO `word` VALUES (1655, '款');
INSERT INTO `word` VALUES (1656, '歇');
INSERT INTO `word` VALUES (1657, '歉');
INSERT INTO `word` VALUES (1658, '歌');
INSERT INTO `word` VALUES (1659, '止');
INSERT INTO `word` VALUES (1660, '正');
INSERT INTO `word` VALUES (1661, '此');
INSERT INTO `word` VALUES (1662, '步');
INSERT INTO `word` VALUES (1663, '武');
INSERT INTO `word` VALUES (1664, '歧');
INSERT INTO `word` VALUES (1665, '歪');
INSERT INTO `word` VALUES (1666, '歹');
INSERT INTO `word` VALUES (1667, '死');
INSERT INTO `word` VALUES (1668, '歼');
INSERT INTO `word` VALUES (1669, '殃');
INSERT INTO `word` VALUES (1670, '殉');
INSERT INTO `word` VALUES (1671, '殊');
INSERT INTO `word` VALUES (1672, '残');
INSERT INTO `word` VALUES (1673, '殖');
INSERT INTO `word` VALUES (1674, '殴');
INSERT INTO `word` VALUES (1675, '段');
INSERT INTO `word` VALUES (1676, '殷');
INSERT INTO `word` VALUES (1677, '殿');
INSERT INTO `word` VALUES (1678, '毁');
INSERT INTO `word` VALUES (1679, '毅');
INSERT INTO `word` VALUES (1680, '母');
INSERT INTO `word` VALUES (1681, '每');
INSERT INTO `word` VALUES (1682, '毒');
INSERT INTO `word` VALUES (1683, '比');
INSERT INTO `word` VALUES (1684, '毕');
INSERT INTO `word` VALUES (1685, '毙');
INSERT INTO `word` VALUES (1686, '毛');
INSERT INTO `word` VALUES (1687, '毡');
INSERT INTO `word` VALUES (1688, '毫');
INSERT INTO `word` VALUES (1689, '毯');
INSERT INTO `word` VALUES (1690, '氏');
INSERT INTO `word` VALUES (1691, '民');
INSERT INTO `word` VALUES (1692, '氓');
INSERT INTO `word` VALUES (1693, '气');
INSERT INTO `word` VALUES (1694, '氛');
INSERT INTO `word` VALUES (1695, '氢');
INSERT INTO `word` VALUES (1696, '氧');
INSERT INTO `word` VALUES (1697, '氨');
INSERT INTO `word` VALUES (1698, '氮');
INSERT INTO `word` VALUES (1699, '氯');
INSERT INTO `word` VALUES (1700, '水');
INSERT INTO `word` VALUES (1701, '永');
INSERT INTO `word` VALUES (1702, '汁');
INSERT INTO `word` VALUES (1703, '求');
INSERT INTO `word` VALUES (1704, '汇');
INSERT INTO `word` VALUES (1705, '汉');
INSERT INTO `word` VALUES (1706, '汗');
INSERT INTO `word` VALUES (1707, '汛');
INSERT INTO `word` VALUES (1708, '汞');
INSERT INTO `word` VALUES (1709, '江');
INSERT INTO `word` VALUES (1710, '池');
INSERT INTO `word` VALUES (1711, '污');
INSERT INTO `word` VALUES (1712, '汤');
INSERT INTO `word` VALUES (1713, '汪');
INSERT INTO `word` VALUES (1714, '汰');
INSERT INTO `word` VALUES (1715, '汹');
INSERT INTO `word` VALUES (1716, '汽');
INSERT INTO `word` VALUES (1717, '沃');
INSERT INTO `word` VALUES (1718, '沈');
INSERT INTO `word` VALUES (1719, '沉');
INSERT INTO `word` VALUES (1720, '沐');
INSERT INTO `word` VALUES (1721, '沙');
INSERT INTO `word` VALUES (1722, '沛');
INSERT INTO `word` VALUES (1723, '沟');
INSERT INTO `word` VALUES (1724, '没');
INSERT INTO `word` VALUES (1725, '沥');
INSERT INTO `word` VALUES (1726, '沦');
INSERT INTO `word` VALUES (1727, '沧');
INSERT INTO `word` VALUES (1728, '沪');
INSERT INTO `word` VALUES (1729, '沫');
INSERT INTO `word` VALUES (1730, '沮');
INSERT INTO `word` VALUES (1731, '河');
INSERT INTO `word` VALUES (1732, '沸');
INSERT INTO `word` VALUES (1733, '油');
INSERT INTO `word` VALUES (1734, '治');
INSERT INTO `word` VALUES (1735, '沼');
INSERT INTO `word` VALUES (1736, '沽');
INSERT INTO `word` VALUES (1737, '沾');
INSERT INTO `word` VALUES (1738, '沿');
INSERT INTO `word` VALUES (1739, '泄');
INSERT INTO `word` VALUES (1740, '泉');
INSERT INTO `word` VALUES (1741, '泊');
INSERT INTO `word` VALUES (1742, '泌');
INSERT INTO `word` VALUES (1743, '法');
INSERT INTO `word` VALUES (1744, '泛');
INSERT INTO `word` VALUES (1745, '泞');
INSERT INTO `word` VALUES (1746, '泡');
INSERT INTO `word` VALUES (1747, '波');
INSERT INTO `word` VALUES (1748, '泣');
INSERT INTO `word` VALUES (1749, '泥');
INSERT INTO `word` VALUES (1750, '注');
INSERT INTO `word` VALUES (1751, '泪');
INSERT INTO `word` VALUES (1752, '泰');
INSERT INTO `word` VALUES (1753, '泳');
INSERT INTO `word` VALUES (1754, '泵');
INSERT INTO `word` VALUES (1755, '泻');
INSERT INTO `word` VALUES (1756, '泼');
INSERT INTO `word` VALUES (1757, '泽');
INSERT INTO `word` VALUES (1758, '洁');
INSERT INTO `word` VALUES (1759, '洋');
INSERT INTO `word` VALUES (1760, '洒');
INSERT INTO `word` VALUES (1761, '洗');
INSERT INTO `word` VALUES (1762, '洛');
INSERT INTO `word` VALUES (1763, '洞');
INSERT INTO `word` VALUES (1764, '津');
INSERT INTO `word` VALUES (1765, '洪');
INSERT INTO `word` VALUES (1766, '洲');
INSERT INTO `word` VALUES (1767, '活');
INSERT INTO `word` VALUES (1768, '洼');
INSERT INTO `word` VALUES (1769, '洽');
INSERT INTO `word` VALUES (1770, '派');
INSERT INTO `word` VALUES (1771, '流');
INSERT INTO `word` VALUES (1772, '浅');
INSERT INTO `word` VALUES (1773, '浆');
INSERT INTO `word` VALUES (1774, '浇');
INSERT INTO `word` VALUES (1775, '浊');
INSERT INTO `word` VALUES (1776, '测');
INSERT INTO `word` VALUES (1777, '济');
INSERT INTO `word` VALUES (1778, '浑');
INSERT INTO `word` VALUES (1779, '浓');
INSERT INTO `word` VALUES (1780, '浙');
INSERT INTO `word` VALUES (1781, '浦');
INSERT INTO `word` VALUES (1782, '浩');
INSERT INTO `word` VALUES (1783, '浪');
INSERT INTO `word` VALUES (1784, '浮');
INSERT INTO `word` VALUES (1785, '浴');
INSERT INTO `word` VALUES (1786, '海');
INSERT INTO `word` VALUES (1787, '浸');
INSERT INTO `word` VALUES (1788, '涂');
INSERT INTO `word` VALUES (1789, '消');
INSERT INTO `word` VALUES (1790, '涉');
INSERT INTO `word` VALUES (1791, '涌');
INSERT INTO `word` VALUES (1792, '涎');
INSERT INTO `word` VALUES (1793, '涕');
INSERT INTO `word` VALUES (1794, '涛');
INSERT INTO `word` VALUES (1795, '涝');
INSERT INTO `word` VALUES (1796, '涡');
INSERT INTO `word` VALUES (1797, '涣');
INSERT INTO `word` VALUES (1798, '涤');
INSERT INTO `word` VALUES (1799, '润');
INSERT INTO `word` VALUES (1800, '涧');
INSERT INTO `word` VALUES (1801, '涨');
INSERT INTO `word` VALUES (1802, '涩');
INSERT INTO `word` VALUES (1803, '涮');
INSERT INTO `word` VALUES (1804, '涯');
INSERT INTO `word` VALUES (1805, '液');
INSERT INTO `word` VALUES (1806, '涵');
INSERT INTO `word` VALUES (1807, '淀');
INSERT INTO `word` VALUES (1808, '淆');
INSERT INTO `word` VALUES (1809, '淋');
INSERT INTO `word` VALUES (1810, '淌');
INSERT INTO `word` VALUES (1811, '淑');
INSERT INTO `word` VALUES (1812, '淘');
INSERT INTO `word` VALUES (1813, '淡');
INSERT INTO `word` VALUES (1814, '淤');
INSERT INTO `word` VALUES (1815, '淫');
INSERT INTO `word` VALUES (1816, '淮');
INSERT INTO `word` VALUES (1817, '深');
INSERT INTO `word` VALUES (1818, '淳');
INSERT INTO `word` VALUES (1819, '混');
INSERT INTO `word` VALUES (1820, '淹');
INSERT INTO `word` VALUES (1821, '添');
INSERT INTO `word` VALUES (1822, '清');
INSERT INTO `word` VALUES (1823, '渊');
INSERT INTO `word` VALUES (1824, '渐');
INSERT INTO `word` VALUES (1825, '渔');
INSERT INTO `word` VALUES (1826, '渗');
INSERT INTO `word` VALUES (1827, '渠');
INSERT INTO `word` VALUES (1828, '渡');
INSERT INTO `word` VALUES (1829, '渣');
INSERT INTO `word` VALUES (1830, '渤');
INSERT INTO `word` VALUES (1831, '温');
INSERT INTO `word` VALUES (1832, '港');
INSERT INTO `word` VALUES (1833, '渴');
INSERT INTO `word` VALUES (1834, '游');
INSERT INTO `word` VALUES (1835, '渺');
INSERT INTO `word` VALUES (1836, '湃');
INSERT INTO `word` VALUES (1837, '湖');
INSERT INTO `word` VALUES (1838, '湘');
INSERT INTO `word` VALUES (1839, '湾');
INSERT INTO `word` VALUES (1840, '湿');
INSERT INTO `word` VALUES (1841, '溃');
INSERT INTO `word` VALUES (1842, '溅');
INSERT INTO `word` VALUES (1843, '溉');
INSERT INTO `word` VALUES (1844, '源');
INSERT INTO `word` VALUES (1845, '溜');
INSERT INTO `word` VALUES (1846, '溢');
INSERT INTO `word` VALUES (1847, '溪');
INSERT INTO `word` VALUES (1848, '溯');
INSERT INTO `word` VALUES (1849, '溶');
INSERT INTO `word` VALUES (1850, '溺');
INSERT INTO `word` VALUES (1851, '滋');
INSERT INTO `word` VALUES (1852, '滑');
INSERT INTO `word` VALUES (1853, '滓');
INSERT INTO `word` VALUES (1854, '滔');
INSERT INTO `word` VALUES (1855, '滚');
INSERT INTO `word` VALUES (1856, '滞');
INSERT INTO `word` VALUES (1857, '满');
INSERT INTO `word` VALUES (1858, '滤');
INSERT INTO `word` VALUES (1859, '滥');
INSERT INTO `word` VALUES (1860, '滨');
INSERT INTO `word` VALUES (1861, '滩');
INSERT INTO `word` VALUES (1862, '滴');
INSERT INTO `word` VALUES (1863, '漂');
INSERT INTO `word` VALUES (1864, '漆');
INSERT INTO `word` VALUES (1865, '漏');
INSERT INTO `word` VALUES (1866, '漓');
INSERT INTO `word` VALUES (1867, '演');
INSERT INTO `word` VALUES (1868, '漠');
INSERT INTO `word` VALUES (1869, '漩');
INSERT INTO `word` VALUES (1870, '漫');
INSERT INTO `word` VALUES (1871, '漱');
INSERT INTO `word` VALUES (1872, '漾');
INSERT INTO `word` VALUES (1873, '潘');
INSERT INTO `word` VALUES (1874, '潜');
INSERT INTO `word` VALUES (1875, '潦');
INSERT INTO `word` VALUES (1876, '潭');
INSERT INTO `word` VALUES (1877, '潮');
INSERT INTO `word` VALUES (1878, '澄');
INSERT INTO `word` VALUES (1879, '澈');
INSERT INTO `word` VALUES (1880, '澎');
INSERT INTO `word` VALUES (1881, '澜');
INSERT INTO `word` VALUES (1882, '澡');
INSERT INTO `word` VALUES (1883, '澳');
INSERT INTO `word` VALUES (1884, '激');
INSERT INTO `word` VALUES (1885, '濒');
INSERT INTO `word` VALUES (1886, '瀑');
INSERT INTO `word` VALUES (1887, '灌');
INSERT INTO `word` VALUES (1888, '火');
INSERT INTO `word` VALUES (1889, '灭');
INSERT INTO `word` VALUES (1890, '灯');
INSERT INTO `word` VALUES (1891, '灰');
INSERT INTO `word` VALUES (1892, '灵');
INSERT INTO `word` VALUES (1893, '灶');
INSERT INTO `word` VALUES (1894, '灸');
INSERT INTO `word` VALUES (1895, '灼');
INSERT INTO `word` VALUES (1896, '灾');
INSERT INTO `word` VALUES (1897, '灿');
INSERT INTO `word` VALUES (1898, '炉');
INSERT INTO `word` VALUES (1899, '炊');
INSERT INTO `word` VALUES (1900, '炎');
INSERT INTO `word` VALUES (1901, '炒');
INSERT INTO `word` VALUES (1902, '炕');
INSERT INTO `word` VALUES (1903, '炫');
INSERT INTO `word` VALUES (1904, '炬');
INSERT INTO `word` VALUES (1905, '炭');
INSERT INTO `word` VALUES (1906, '炮');
INSERT INTO `word` VALUES (1907, '炸');
INSERT INTO `word` VALUES (1908, '点');
INSERT INTO `word` VALUES (1909, '炼');
INSERT INTO `word` VALUES (1910, '烁');
INSERT INTO `word` VALUES (1911, '烂');
INSERT INTO `word` VALUES (1912, '烈');
INSERT INTO `word` VALUES (1913, '烘');
INSERT INTO `word` VALUES (1914, '烙');
INSERT INTO `word` VALUES (1915, '烛');
INSERT INTO `word` VALUES (1916, '烟');
INSERT INTO `word` VALUES (1917, '烤');
INSERT INTO `word` VALUES (1918, '烦');
INSERT INTO `word` VALUES (1919, '烧');
INSERT INTO `word` VALUES (1920, '烫');
INSERT INTO `word` VALUES (1921, '热');
INSERT INTO `word` VALUES (1922, '烹');
INSERT INTO `word` VALUES (1923, '焊');
INSERT INTO `word` VALUES (1924, '焕');
INSERT INTO `word` VALUES (1925, '焙');
INSERT INTO `word` VALUES (1926, '焚');
INSERT INTO `word` VALUES (1927, '焦');
INSERT INTO `word` VALUES (1928, '焰');
INSERT INTO `word` VALUES (1929, '然');
INSERT INTO `word` VALUES (1930, '煌');
INSERT INTO `word` VALUES (1931, '煎');
INSERT INTO `word` VALUES (1932, '煞');
INSERT INTO `word` VALUES (1933, '煤');
INSERT INTO `word` VALUES (1934, '照');
INSERT INTO `word` VALUES (1935, '煮');
INSERT INTO `word` VALUES (1936, '熄');
INSERT INTO `word` VALUES (1937, '熊');
INSERT INTO `word` VALUES (1938, '熏');
INSERT INTO `word` VALUES (1939, '熔');
INSERT INTO `word` VALUES (1940, '熙');
INSERT INTO `word` VALUES (1941, '熟');
INSERT INTO `word` VALUES (1942, '熬');
INSERT INTO `word` VALUES (1943, '燃');
INSERT INTO `word` VALUES (1944, '燎');
INSERT INTO `word` VALUES (1945, '燕');
INSERT INTO `word` VALUES (1946, '燥');
INSERT INTO `word` VALUES (1947, '爆');
INSERT INTO `word` VALUES (1948, '爪');
INSERT INTO `word` VALUES (1949, '爬');
INSERT INTO `word` VALUES (1950, '爱');
INSERT INTO `word` VALUES (1951, '爵');
INSERT INTO `word` VALUES (1952, '父');
INSERT INTO `word` VALUES (1953, '爷');
INSERT INTO `word` VALUES (1954, '爸');
INSERT INTO `word` VALUES (1955, '爹');
INSERT INTO `word` VALUES (1956, '爽');
INSERT INTO `word` VALUES (1957, '片');
INSERT INTO `word` VALUES (1958, '版');
INSERT INTO `word` VALUES (1959, '牌');
INSERT INTO `word` VALUES (1960, '牍');
INSERT INTO `word` VALUES (1961, '牙');
INSERT INTO `word` VALUES (1962, '牛');
INSERT INTO `word` VALUES (1963, '牡');
INSERT INTO `word` VALUES (1964, '牢');
INSERT INTO `word` VALUES (1965, '牧');
INSERT INTO `word` VALUES (1966, '物');
INSERT INTO `word` VALUES (1967, '牲');
INSERT INTO `word` VALUES (1968, '牵');
INSERT INTO `word` VALUES (1969, '特');
INSERT INTO `word` VALUES (1970, '牺');
INSERT INTO `word` VALUES (1971, '犀');
INSERT INTO `word` VALUES (1972, '犁');
INSERT INTO `word` VALUES (1973, '犬');
INSERT INTO `word` VALUES (1974, '犯');
INSERT INTO `word` VALUES (1975, '状');
INSERT INTO `word` VALUES (1976, '犹');
INSERT INTO `word` VALUES (1977, '狂');
INSERT INTO `word` VALUES (1978, '狈');
INSERT INTO `word` VALUES (1979, '狐');
INSERT INTO `word` VALUES (1980, '狗');
INSERT INTO `word` VALUES (1981, '狞');
INSERT INTO `word` VALUES (1982, '狠');
INSERT INTO `word` VALUES (1983, '狡');
INSERT INTO `word` VALUES (1984, '独');
INSERT INTO `word` VALUES (1985, '狭');
INSERT INTO `word` VALUES (1986, '狮');
INSERT INTO `word` VALUES (1987, '狰');
INSERT INTO `word` VALUES (1988, '狱');
INSERT INTO `word` VALUES (1989, '狸');
INSERT INTO `word` VALUES (1990, '狼');
INSERT INTO `word` VALUES (1991, '猎');
INSERT INTO `word` VALUES (1992, '猖');
INSERT INTO `word` VALUES (1993, '猛');
INSERT INTO `word` VALUES (1994, '猜');
INSERT INTO `word` VALUES (1995, '猩');
INSERT INTO `word` VALUES (1996, '猪');
INSERT INTO `word` VALUES (1997, '猫');
INSERT INTO `word` VALUES (1998, '猬');
INSERT INTO `word` VALUES (1999, '献');
INSERT INTO `word` VALUES (2000, '猴');
INSERT INTO `word` VALUES (2001, '猾');
INSERT INTO `word` VALUES (2002, '猿');
INSERT INTO `word` VALUES (2003, '玄');
INSERT INTO `word` VALUES (2004, '率');
INSERT INTO `word` VALUES (2005, '玉');
INSERT INTO `word` VALUES (2006, '王');
INSERT INTO `word` VALUES (2007, '玖');
INSERT INTO `word` VALUES (2008, '玛');
INSERT INTO `word` VALUES (2009, '玩');
INSERT INTO `word` VALUES (2010, '玫');
INSERT INTO `word` VALUES (2011, '环');
INSERT INTO `word` VALUES (2012, '现');
INSERT INTO `word` VALUES (2013, '玲');
INSERT INTO `word` VALUES (2014, '玷');
INSERT INTO `word` VALUES (2015, '玻');
INSERT INTO `word` VALUES (2016, '珊');
INSERT INTO `word` VALUES (2017, '珍');
INSERT INTO `word` VALUES (2018, '珠');
INSERT INTO `word` VALUES (2019, '班');
INSERT INTO `word` VALUES (2020, '球');
INSERT INTO `word` VALUES (2021, '琅');
INSERT INTO `word` VALUES (2022, '理');
INSERT INTO `word` VALUES (2023, '琉');
INSERT INTO `word` VALUES (2024, '琐');
INSERT INTO `word` VALUES (2025, '琢');
INSERT INTO `word` VALUES (2026, '琳');
INSERT INTO `word` VALUES (2027, '琴');
INSERT INTO `word` VALUES (2028, '琼');
INSERT INTO `word` VALUES (2029, '瑞');
INSERT INTO `word` VALUES (2030, '瑟');
INSERT INTO `word` VALUES (2031, '瑰');
INSERT INTO `word` VALUES (2032, '璃');
INSERT INTO `word` VALUES (2033, '璧');
INSERT INTO `word` VALUES (2034, '瓜');
INSERT INTO `word` VALUES (2035, '瓢');
INSERT INTO `word` VALUES (2036, '瓣');
INSERT INTO `word` VALUES (2037, '瓤');
INSERT INTO `word` VALUES (2038, '瓦');
INSERT INTO `word` VALUES (2039, '瓮');
INSERT INTO `word` VALUES (2040, '瓶');
INSERT INTO `word` VALUES (2041, '瓷');
INSERT INTO `word` VALUES (2042, '甘');
INSERT INTO `word` VALUES (2043, '甚');
INSERT INTO `word` VALUES (2044, '甜');
INSERT INTO `word` VALUES (2045, '生');
INSERT INTO `word` VALUES (2046, '甥');
INSERT INTO `word` VALUES (2047, '用');
INSERT INTO `word` VALUES (2048, '甩');
INSERT INTO `word` VALUES (2049, '甫');
INSERT INTO `word` VALUES (2050, '田');
INSERT INTO `word` VALUES (2051, '由');
INSERT INTO `word` VALUES (2052, '甲');
INSERT INTO `word` VALUES (2053, '申');
INSERT INTO `word` VALUES (2054, '电');
INSERT INTO `word` VALUES (2055, '男');
INSERT INTO `word` VALUES (2056, '甸');
INSERT INTO `word` VALUES (2057, '画');
INSERT INTO `word` VALUES (2058, '畅');
INSERT INTO `word` VALUES (2059, '界');
INSERT INTO `word` VALUES (2060, '畏');
INSERT INTO `word` VALUES (2061, '畔');
INSERT INTO `word` VALUES (2062, '留');
INSERT INTO `word` VALUES (2063, '畜');
INSERT INTO `word` VALUES (2064, '略');
INSERT INTO `word` VALUES (2065, '畦');
INSERT INTO `word` VALUES (2066, '番');
INSERT INTO `word` VALUES (2067, '畴');
INSERT INTO `word` VALUES (2068, '畸');
INSERT INTO `word` VALUES (2069, '疆');
INSERT INTO `word` VALUES (2070, '疏');
INSERT INTO `word` VALUES (2071, '疑');
INSERT INTO `word` VALUES (2072, '疗');
INSERT INTO `word` VALUES (2073, '疙');
INSERT INTO `word` VALUES (2074, '疚');
INSERT INTO `word` VALUES (2075, '疟');
INSERT INTO `word` VALUES (2076, '疤');
INSERT INTO `word` VALUES (2077, '疫');
INSERT INTO `word` VALUES (2078, '疮');
INSERT INTO `word` VALUES (2079, '疯');
INSERT INTO `word` VALUES (2080, '疲');
INSERT INTO `word` VALUES (2081, '疹');
INSERT INTO `word` VALUES (2082, '疼');
INSERT INTO `word` VALUES (2083, '疾');
INSERT INTO `word` VALUES (2084, '病');
INSERT INTO `word` VALUES (2085, '症');
INSERT INTO `word` VALUES (2086, '痊');
INSERT INTO `word` VALUES (2087, '痒');
INSERT INTO `word` VALUES (2088, '痕');
INSERT INTO `word` VALUES (2089, '痘');
INSERT INTO `word` VALUES (2090, '痛');
INSERT INTO `word` VALUES (2091, '痢');
INSERT INTO `word` VALUES (2092, '痪');
INSERT INTO `word` VALUES (2093, '痰');
INSERT INTO `word` VALUES (2094, '痴');
INSERT INTO `word` VALUES (2095, '痹');
INSERT INTO `word` VALUES (2096, '瘟');
INSERT INTO `word` VALUES (2097, '瘤');
INSERT INTO `word` VALUES (2098, '瘦');
INSERT INTO `word` VALUES (2099, '瘩');
INSERT INTO `word` VALUES (2100, '瘪');
INSERT INTO `word` VALUES (2101, '瘫');
INSERT INTO `word` VALUES (2102, '瘸');
INSERT INTO `word` VALUES (2103, '瘾');
INSERT INTO `word` VALUES (2104, '癌');
INSERT INTO `word` VALUES (2105, '癞');
INSERT INTO `word` VALUES (2106, '癣');
INSERT INTO `word` VALUES (2107, '登');
INSERT INTO `word` VALUES (2108, '白');
INSERT INTO `word` VALUES (2109, '百');
INSERT INTO `word` VALUES (2110, '皂');
INSERT INTO `word` VALUES (2111, '的');
INSERT INTO `word` VALUES (2112, '皆');
INSERT INTO `word` VALUES (2113, '皇');
INSERT INTO `word` VALUES (2114, '皮');
INSERT INTO `word` VALUES (2115, '皱');
INSERT INTO `word` VALUES (2116, '皿');
INSERT INTO `word` VALUES (2117, '盅');
INSERT INTO `word` VALUES (2118, '盆');
INSERT INTO `word` VALUES (2119, '盈');
INSERT INTO `word` VALUES (2120, '益');
INSERT INTO `word` VALUES (2121, '盏');
INSERT INTO `word` VALUES (2122, '盐');
INSERT INTO `word` VALUES (2123, '监');
INSERT INTO `word` VALUES (2124, '盒');
INSERT INTO `word` VALUES (2125, '盔');
INSERT INTO `word` VALUES (2126, '盖');
INSERT INTO `word` VALUES (2127, '盗');
INSERT INTO `word` VALUES (2128, '盘');
INSERT INTO `word` VALUES (2129, '盛');
INSERT INTO `word` VALUES (2130, '盟');
INSERT INTO `word` VALUES (2131, '目');
INSERT INTO `word` VALUES (2132, '盯');
INSERT INTO `word` VALUES (2133, '盲');
INSERT INTO `word` VALUES (2134, '直');
INSERT INTO `word` VALUES (2135, '相');
INSERT INTO `word` VALUES (2136, '盹');
INSERT INTO `word` VALUES (2137, '盼');
INSERT INTO `word` VALUES (2138, '盾');
INSERT INTO `word` VALUES (2139, '省');
INSERT INTO `word` VALUES (2140, '眉');
INSERT INTO `word` VALUES (2141, '看');
INSERT INTO `word` VALUES (2142, '真');
INSERT INTO `word` VALUES (2143, '眠');
INSERT INTO `word` VALUES (2144, '眨');
INSERT INTO `word` VALUES (2145, '眯');
INSERT INTO `word` VALUES (2146, '眶');
INSERT INTO `word` VALUES (2147, '眷');
INSERT INTO `word` VALUES (2148, '眼');
INSERT INTO `word` VALUES (2149, '着');
INSERT INTO `word` VALUES (2150, '睁');
INSERT INTO `word` VALUES (2151, '睛');
INSERT INTO `word` VALUES (2152, '睡');
INSERT INTO `word` VALUES (2153, '督');
INSERT INTO `word` VALUES (2154, '睦');
INSERT INTO `word` VALUES (2155, '睬');
INSERT INTO `word` VALUES (2156, '睹');
INSERT INTO `word` VALUES (2157, '瞄');
INSERT INTO `word` VALUES (2158, '瞎');
INSERT INTO `word` VALUES (2159, '瞒');
INSERT INTO `word` VALUES (2160, '瞧');
INSERT INTO `word` VALUES (2161, '瞪');
INSERT INTO `word` VALUES (2162, '瞬');
INSERT INTO `word` VALUES (2163, '瞭');
INSERT INTO `word` VALUES (2164, '瞳');
INSERT INTO `word` VALUES (2165, '瞻');
INSERT INTO `word` VALUES (2166, '矗');
INSERT INTO `word` VALUES (2167, '矛');
INSERT INTO `word` VALUES (2168, '矢');
INSERT INTO `word` VALUES (2169, '知');
INSERT INTO `word` VALUES (2170, '矩');
INSERT INTO `word` VALUES (2171, '矫');
INSERT INTO `word` VALUES (2172, '短');
INSERT INTO `word` VALUES (2173, '矮');
INSERT INTO `word` VALUES (2174, '石');
INSERT INTO `word` VALUES (2175, '矾');
INSERT INTO `word` VALUES (2176, '矿');
INSERT INTO `word` VALUES (2177, '码');
INSERT INTO `word` VALUES (2178, '砂');
INSERT INTO `word` VALUES (2179, '砌');
INSERT INTO `word` VALUES (2180, '砍');
INSERT INTO `word` VALUES (2181, '研');
INSERT INTO `word` VALUES (2182, '砖');
INSERT INTO `word` VALUES (2183, '砚');
INSERT INTO `word` VALUES (2184, '砰');
INSERT INTO `word` VALUES (2185, '破');
INSERT INTO `word` VALUES (2186, '砸');
INSERT INTO `word` VALUES (2187, '砾');
INSERT INTO `word` VALUES (2188, '础');
INSERT INTO `word` VALUES (2189, '硅');
INSERT INTO `word` VALUES (2190, '硕');
INSERT INTO `word` VALUES (2191, '硝');
INSERT INTO `word` VALUES (2192, '硫');
INSERT INTO `word` VALUES (2193, '硬');
INSERT INTO `word` VALUES (2194, '确');
INSERT INTO `word` VALUES (2195, '硼');
INSERT INTO `word` VALUES (2196, '碉');
INSERT INTO `word` VALUES (2197, '碌');
INSERT INTO `word` VALUES (2198, '碍');
INSERT INTO `word` VALUES (2199, '碎');
INSERT INTO `word` VALUES (2200, '碑');
INSERT INTO `word` VALUES (2201, '碗');
INSERT INTO `word` VALUES (2202, '碘');
INSERT INTO `word` VALUES (2203, '碟');
INSERT INTO `word` VALUES (2204, '碧');
INSERT INTO `word` VALUES (2205, '碰');
INSERT INTO `word` VALUES (2206, '碱');
INSERT INTO `word` VALUES (2207, '碳');
INSERT INTO `word` VALUES (2208, '碴');
INSERT INTO `word` VALUES (2209, '碾');
INSERT INTO `word` VALUES (2210, '磁');
INSERT INTO `word` VALUES (2211, '磅');
INSERT INTO `word` VALUES (2212, '磕');
INSERT INTO `word` VALUES (2213, '磨');
INSERT INTO `word` VALUES (2214, '磷');
INSERT INTO `word` VALUES (2215, '磺');
INSERT INTO `word` VALUES (2216, '礁');
INSERT INTO `word` VALUES (2217, '示');
INSERT INTO `word` VALUES (2218, '礼');
INSERT INTO `word` VALUES (2219, '社');
INSERT INTO `word` VALUES (2220, '祈');
INSERT INTO `word` VALUES (2221, '祖');
INSERT INTO `word` VALUES (2222, '祝');
INSERT INTO `word` VALUES (2223, '神');
INSERT INTO `word` VALUES (2224, '祟');
INSERT INTO `word` VALUES (2225, '祠');
INSERT INTO `word` VALUES (2226, '祥');
INSERT INTO `word` VALUES (2227, '票');
INSERT INTO `word` VALUES (2228, '祭');
INSERT INTO `word` VALUES (2229, '祷');
INSERT INTO `word` VALUES (2230, '祸');
INSERT INTO `word` VALUES (2231, '禀');
INSERT INTO `word` VALUES (2232, '禁');
INSERT INTO `word` VALUES (2233, '福');
INSERT INTO `word` VALUES (2234, '离');
INSERT INTO `word` VALUES (2235, '禽');
INSERT INTO `word` VALUES (2236, '禾');
INSERT INTO `word` VALUES (2237, '秀');
INSERT INTO `word` VALUES (2238, '私');
INSERT INTO `word` VALUES (2239, '秃');
INSERT INTO `word` VALUES (2240, '秆');
INSERT INTO `word` VALUES (2241, '秉');
INSERT INTO `word` VALUES (2242, '秋');
INSERT INTO `word` VALUES (2243, '种');
INSERT INTO `word` VALUES (2244, '科');
INSERT INTO `word` VALUES (2245, '秒');
INSERT INTO `word` VALUES (2246, '秕');
INSERT INTO `word` VALUES (2247, '秘');
INSERT INTO `word` VALUES (2248, '租');
INSERT INTO `word` VALUES (2249, '秤');
INSERT INTO `word` VALUES (2250, '秦');
INSERT INTO `word` VALUES (2251, '秧');
INSERT INTO `word` VALUES (2252, '秩');
INSERT INTO `word` VALUES (2253, '秫');
INSERT INTO `word` VALUES (2254, '积');
INSERT INTO `word` VALUES (2255, '称');
INSERT INTO `word` VALUES (2256, '秸');
INSERT INTO `word` VALUES (2257, '移');
INSERT INTO `word` VALUES (2258, '秽');
INSERT INTO `word` VALUES (2259, '稀');
INSERT INTO `word` VALUES (2260, '程');
INSERT INTO `word` VALUES (2261, '稍');
INSERT INTO `word` VALUES (2262, '税');
INSERT INTO `word` VALUES (2263, '稚');
INSERT INTO `word` VALUES (2264, '稠');
INSERT INTO `word` VALUES (2265, '稳');
INSERT INTO `word` VALUES (2266, '稻');
INSERT INTO `word` VALUES (2267, '稼');
INSERT INTO `word` VALUES (2268, '稽');
INSERT INTO `word` VALUES (2269, '稿');
INSERT INTO `word` VALUES (2270, '穆');
INSERT INTO `word` VALUES (2271, '穗');
INSERT INTO `word` VALUES (2272, '穴');
INSERT INTO `word` VALUES (2273, '究');
INSERT INTO `word` VALUES (2274, '穷');
INSERT INTO `word` VALUES (2275, '空');
INSERT INTO `word` VALUES (2276, '穿');
INSERT INTO `word` VALUES (2277, '突');
INSERT INTO `word` VALUES (2278, '窃');
INSERT INTO `word` VALUES (2279, '窄');
INSERT INTO `word` VALUES (2280, '窍');
INSERT INTO `word` VALUES (2281, '窑');
INSERT INTO `word` VALUES (2282, '窒');
INSERT INTO `word` VALUES (2283, '窖');
INSERT INTO `word` VALUES (2284, '窗');
INSERT INTO `word` VALUES (2285, '窘');
INSERT INTO `word` VALUES (2286, '窜');
INSERT INTO `word` VALUES (2287, '窝');
INSERT INTO `word` VALUES (2288, '窟');
INSERT INTO `word` VALUES (2289, '窥');
INSERT INTO `word` VALUES (2290, '窿');
INSERT INTO `word` VALUES (2291, '立');
INSERT INTO `word` VALUES (2292, '竖');
INSERT INTO `word` VALUES (2293, '站');
INSERT INTO `word` VALUES (2294, '竞');
INSERT INTO `word` VALUES (2295, '竟');
INSERT INTO `word` VALUES (2296, '章');
INSERT INTO `word` VALUES (2297, '竣');
INSERT INTO `word` VALUES (2298, '童');
INSERT INTO `word` VALUES (2299, '竭');
INSERT INTO `word` VALUES (2300, '端');
INSERT INTO `word` VALUES (2301, '竹');
INSERT INTO `word` VALUES (2302, '竿');
INSERT INTO `word` VALUES (2303, '笆');
INSERT INTO `word` VALUES (2304, '笋');
INSERT INTO `word` VALUES (2305, '笑');
INSERT INTO `word` VALUES (2306, '笔');
INSERT INTO `word` VALUES (2307, '笙');
INSERT INTO `word` VALUES (2308, '笛');
INSERT INTO `word` VALUES (2309, '笤');
INSERT INTO `word` VALUES (2310, '符');
INSERT INTO `word` VALUES (2311, '笨');
INSERT INTO `word` VALUES (2312, '第');
INSERT INTO `word` VALUES (2313, '笼');
INSERT INTO `word` VALUES (2314, '等');
INSERT INTO `word` VALUES (2315, '筋');
INSERT INTO `word` VALUES (2316, '筏');
INSERT INTO `word` VALUES (2317, '筐');
INSERT INTO `word` VALUES (2318, '筑');
INSERT INTO `word` VALUES (2319, '筒');
INSERT INTO `word` VALUES (2320, '答');
INSERT INTO `word` VALUES (2321, '策');
INSERT INTO `word` VALUES (2322, '筛');
INSERT INTO `word` VALUES (2323, '筝');
INSERT INTO `word` VALUES (2324, '筷');
INSERT INTO `word` VALUES (2325, '筹');
INSERT INTO `word` VALUES (2326, '签');
INSERT INTO `word` VALUES (2327, '简');
INSERT INTO `word` VALUES (2328, '箍');
INSERT INTO `word` VALUES (2329, '箕');
INSERT INTO `word` VALUES (2330, '算');
INSERT INTO `word` VALUES (2331, '管');
INSERT INTO `word` VALUES (2332, '箩');
INSERT INTO `word` VALUES (2333, '箫');
INSERT INTO `word` VALUES (2334, '箭');
INSERT INTO `word` VALUES (2335, '箱');
INSERT INTO `word` VALUES (2336, '篇');
INSERT INTO `word` VALUES (2337, '篓');
INSERT INTO `word` VALUES (2338, '篙');
INSERT INTO `word` VALUES (2339, '篡');
INSERT INTO `word` VALUES (2340, '篮');
INSERT INTO `word` VALUES (2341, '篱');
INSERT INTO `word` VALUES (2342, '篷');
INSERT INTO `word` VALUES (2343, '簇');
INSERT INTO `word` VALUES (2344, '簸');
INSERT INTO `word` VALUES (2345, '簿');
INSERT INTO `word` VALUES (2346, '籍');
INSERT INTO `word` VALUES (2347, '米');
INSERT INTO `word` VALUES (2348, '类');
INSERT INTO `word` VALUES (2349, '籽');
INSERT INTO `word` VALUES (2350, '粉');
INSERT INTO `word` VALUES (2351, '粒');
INSERT INTO `word` VALUES (2352, '粗');
INSERT INTO `word` VALUES (2353, '粘');
INSERT INTO `word` VALUES (2354, '粟');
INSERT INTO `word` VALUES (2355, '粤');
INSERT INTO `word` VALUES (2356, '粥');
INSERT INTO `word` VALUES (2357, '粪');
INSERT INTO `word` VALUES (2358, '粮');
INSERT INTO `word` VALUES (2359, '粱');
INSERT INTO `word` VALUES (2360, '粹');
INSERT INTO `word` VALUES (2361, '精');
INSERT INTO `word` VALUES (2362, '糊');
INSERT INTO `word` VALUES (2363, '糕');
INSERT INTO `word` VALUES (2364, '糖');
INSERT INTO `word` VALUES (2365, '糙');
INSERT INTO `word` VALUES (2366, '糜');
INSERT INTO `word` VALUES (2367, '糟');
INSERT INTO `word` VALUES (2368, '糠');
INSERT INTO `word` VALUES (2369, '糯');
INSERT INTO `word` VALUES (2370, '系');
INSERT INTO `word` VALUES (2371, '紊');
INSERT INTO `word` VALUES (2372, '素');
INSERT INTO `word` VALUES (2373, '索');
INSERT INTO `word` VALUES (2374, '紧');
INSERT INTO `word` VALUES (2375, '紫');
INSERT INTO `word` VALUES (2376, '累');
INSERT INTO `word` VALUES (2377, '絮');
INSERT INTO `word` VALUES (2378, '繁');
INSERT INTO `word` VALUES (2379, '纠');
INSERT INTO `word` VALUES (2380, '红');
INSERT INTO `word` VALUES (2381, '纤');
INSERT INTO `word` VALUES (2382, '约');
INSERT INTO `word` VALUES (2383, '级');
INSERT INTO `word` VALUES (2384, '纪');
INSERT INTO `word` VALUES (2385, '纫');
INSERT INTO `word` VALUES (2386, '纬');
INSERT INTO `word` VALUES (2387, '纯');
INSERT INTO `word` VALUES (2388, '纱');
INSERT INTO `word` VALUES (2389, '纲');
INSERT INTO `word` VALUES (2390, '纳');
INSERT INTO `word` VALUES (2391, '纵');
INSERT INTO `word` VALUES (2392, '纷');
INSERT INTO `word` VALUES (2393, '纸');
INSERT INTO `word` VALUES (2394, '纹');
INSERT INTO `word` VALUES (2395, '纺');
INSERT INTO `word` VALUES (2396, '纽');
INSERT INTO `word` VALUES (2397, '线');
INSERT INTO `word` VALUES (2398, '练');
INSERT INTO `word` VALUES (2399, '组');
INSERT INTO `word` VALUES (2400, '绅');
INSERT INTO `word` VALUES (2401, '细');
INSERT INTO `word` VALUES (2402, '织');
INSERT INTO `word` VALUES (2403, '终');
INSERT INTO `word` VALUES (2404, '绊');
INSERT INTO `word` VALUES (2405, '绍');
INSERT INTO `word` VALUES (2406, '绎');
INSERT INTO `word` VALUES (2407, '经');
INSERT INTO `word` VALUES (2408, '绑');
INSERT INTO `word` VALUES (2409, '绒');
INSERT INTO `word` VALUES (2410, '结');
INSERT INTO `word` VALUES (2411, '绕');
INSERT INTO `word` VALUES (2412, '绘');
INSERT INTO `word` VALUES (2413, '给');
INSERT INTO `word` VALUES (2414, '络');
INSERT INTO `word` VALUES (2415, '绝');
INSERT INTO `word` VALUES (2416, '绞');
INSERT INTO `word` VALUES (2417, '统');
INSERT INTO `word` VALUES (2418, '绢');
INSERT INTO `word` VALUES (2419, '绣');
INSERT INTO `word` VALUES (2420, '继');
INSERT INTO `word` VALUES (2421, '绩');
INSERT INTO `word` VALUES (2422, '绪');
INSERT INTO `word` VALUES (2423, '续');
INSERT INTO `word` VALUES (2424, '绰');
INSERT INTO `word` VALUES (2425, '绳');
INSERT INTO `word` VALUES (2426, '维');
INSERT INTO `word` VALUES (2427, '绵');
INSERT INTO `word` VALUES (2428, '绷');
INSERT INTO `word` VALUES (2429, '绸');
INSERT INTO `word` VALUES (2430, '综');
INSERT INTO `word` VALUES (2431, '绽');
INSERT INTO `word` VALUES (2432, '绿');
INSERT INTO `word` VALUES (2433, '缀');
INSERT INTO `word` VALUES (2434, '缅');
INSERT INTO `word` VALUES (2435, '缆');
INSERT INTO `word` VALUES (2436, '缎');
INSERT INTO `word` VALUES (2437, '缓');
INSERT INTO `word` VALUES (2438, '缔');
INSERT INTO `word` VALUES (2439, '缕');
INSERT INTO `word` VALUES (2440, '编');
INSERT INTO `word` VALUES (2441, '缘');
INSERT INTO `word` VALUES (2442, '缚');
INSERT INTO `word` VALUES (2443, '缝');
INSERT INTO `word` VALUES (2444, '缠');
INSERT INTO `word` VALUES (2445, '缤');
INSERT INTO `word` VALUES (2446, '缨');
INSERT INTO `word` VALUES (2447, '缩');
INSERT INTO `word` VALUES (2448, '缭');
INSERT INTO `word` VALUES (2449, '缰');
INSERT INTO `word` VALUES (2450, '缴');
INSERT INTO `word` VALUES (2451, '缸');
INSERT INTO `word` VALUES (2452, '缺');
INSERT INTO `word` VALUES (2453, '罐');
INSERT INTO `word` VALUES (2454, '网');
INSERT INTO `word` VALUES (2455, '罕');
INSERT INTO `word` VALUES (2456, '罗');
INSERT INTO `word` VALUES (2457, '罚');
INSERT INTO `word` VALUES (2458, '罢');
INSERT INTO `word` VALUES (2459, '罩');
INSERT INTO `word` VALUES (2460, '罪');
INSERT INTO `word` VALUES (2461, '置');
INSERT INTO `word` VALUES (2462, '署');
INSERT INTO `word` VALUES (2463, '羊');
INSERT INTO `word` VALUES (2464, '美');
INSERT INTO `word` VALUES (2465, '羔');
INSERT INTO `word` VALUES (2466, '羞');
INSERT INTO `word` VALUES (2467, '羡');
INSERT INTO `word` VALUES (2468, '群');
INSERT INTO `word` VALUES (2469, '羹');
INSERT INTO `word` VALUES (2470, '羽');
INSERT INTO `word` VALUES (2471, '翁');
INSERT INTO `word` VALUES (2472, '翅');
INSERT INTO `word` VALUES (2473, '翎');
INSERT INTO `word` VALUES (2474, '翔');
INSERT INTO `word` VALUES (2475, '翘');
INSERT INTO `word` VALUES (2476, '翠');
INSERT INTO `word` VALUES (2477, '翩');
INSERT INTO `word` VALUES (2478, '翰');
INSERT INTO `word` VALUES (2479, '翻');
INSERT INTO `word` VALUES (2480, '翼');
INSERT INTO `word` VALUES (2481, '耀');
INSERT INTO `word` VALUES (2482, '老');
INSERT INTO `word` VALUES (2483, '考');
INSERT INTO `word` VALUES (2484, '者');
INSERT INTO `word` VALUES (2485, '而');
INSERT INTO `word` VALUES (2486, '耍');
INSERT INTO `word` VALUES (2487, '耐');
INSERT INTO `word` VALUES (2488, '耕');
INSERT INTO `word` VALUES (2489, '耗');
INSERT INTO `word` VALUES (2490, '耙');
INSERT INTO `word` VALUES (2491, '耳');
INSERT INTO `word` VALUES (2492, '耸');
INSERT INTO `word` VALUES (2493, '耻');
INSERT INTO `word` VALUES (2494, '耽');
INSERT INTO `word` VALUES (2495, '耿');
INSERT INTO `word` VALUES (2496, '聂');
INSERT INTO `word` VALUES (2497, '聊');
INSERT INTO `word` VALUES (2498, '聋');
INSERT INTO `word` VALUES (2499, '职');
INSERT INTO `word` VALUES (2500, '联');
INSERT INTO `word` VALUES (2501, '聘');
INSERT INTO `word` VALUES (2502, '聚');
INSERT INTO `word` VALUES (2503, '聪');
INSERT INTO `word` VALUES (2504, '肃');
INSERT INTO `word` VALUES (2505, '肄');
INSERT INTO `word` VALUES (2506, '肆');
INSERT INTO `word` VALUES (2507, '肉');
INSERT INTO `word` VALUES (2508, '肋');
INSERT INTO `word` VALUES (2509, '肌');
INSERT INTO `word` VALUES (2510, '肖');
INSERT INTO `word` VALUES (2511, '肘');
INSERT INTO `word` VALUES (2512, '肚');
INSERT INTO `word` VALUES (2513, '肛');
INSERT INTO `word` VALUES (2514, '肝');
INSERT INTO `word` VALUES (2515, '肠');
INSERT INTO `word` VALUES (2516, '股');
INSERT INTO `word` VALUES (2517, '肢');
INSERT INTO `word` VALUES (2518, '肤');
INSERT INTO `word` VALUES (2519, '肥');
INSERT INTO `word` VALUES (2520, '肩');
INSERT INTO `word` VALUES (2521, '肪');
INSERT INTO `word` VALUES (2522, '肮');
INSERT INTO `word` VALUES (2523, '肯');
INSERT INTO `word` VALUES (2524, '育');
INSERT INTO `word` VALUES (2525, '肴');
INSERT INTO `word` VALUES (2526, '肺');
INSERT INTO `word` VALUES (2527, '肾');
INSERT INTO `word` VALUES (2528, '肿');
INSERT INTO `word` VALUES (2529, '胀');
INSERT INTO `word` VALUES (2530, '胁');
INSERT INTO `word` VALUES (2531, '胃');
INSERT INTO `word` VALUES (2532, '胆');
INSERT INTO `word` VALUES (2533, '背');
INSERT INTO `word` VALUES (2534, '胎');
INSERT INTO `word` VALUES (2535, '胖');
INSERT INTO `word` VALUES (2536, '胚');
INSERT INTO `word` VALUES (2537, '胜');
INSERT INTO `word` VALUES (2538, '胞');
INSERT INTO `word` VALUES (2539, '胡');
INSERT INTO `word` VALUES (2540, '胧');
INSERT INTO `word` VALUES (2541, '胯');
INSERT INTO `word` VALUES (2542, '胰');
INSERT INTO `word` VALUES (2543, '胳');
INSERT INTO `word` VALUES (2544, '胶');
INSERT INTO `word` VALUES (2545, '胸');
INSERT INTO `word` VALUES (2546, '能');
INSERT INTO `word` VALUES (2547, '脂');
INSERT INTO `word` VALUES (2548, '脆');
INSERT INTO `word` VALUES (2549, '脉');
INSERT INTO `word` VALUES (2550, '脊');
INSERT INTO `word` VALUES (2551, '脏');
INSERT INTO `word` VALUES (2552, '脐');
INSERT INTO `word` VALUES (2553, '脑');
INSERT INTO `word` VALUES (2554, '脓');
INSERT INTO `word` VALUES (2555, '脖');
INSERT INTO `word` VALUES (2556, '脚');
INSERT INTO `word` VALUES (2557, '脯');
INSERT INTO `word` VALUES (2558, '脱');
INSERT INTO `word` VALUES (2559, '脸');
INSERT INTO `word` VALUES (2560, '脾');
INSERT INTO `word` VALUES (2561, '腊');
INSERT INTO `word` VALUES (2562, '腋');
INSERT INTO `word` VALUES (2563, '腌');
INSERT INTO `word` VALUES (2564, '腐');
INSERT INTO `word` VALUES (2565, '腔');
INSERT INTO `word` VALUES (2566, '腕');
INSERT INTO `word` VALUES (2567, '腥');
INSERT INTO `word` VALUES (2568, '腮');
INSERT INTO `word` VALUES (2569, '腰');
INSERT INTO `word` VALUES (2570, '腹');
INSERT INTO `word` VALUES (2571, '腺');
INSERT INTO `word` VALUES (2572, '腻');
INSERT INTO `word` VALUES (2573, '腾');
INSERT INTO `word` VALUES (2574, '腿');
INSERT INTO `word` VALUES (2575, '膀');
INSERT INTO `word` VALUES (2576, '膊');
INSERT INTO `word` VALUES (2577, '膏');
INSERT INTO `word` VALUES (2578, '膘');
INSERT INTO `word` VALUES (2579, '膛');
INSERT INTO `word` VALUES (2580, '膜');
INSERT INTO `word` VALUES (2581, '膝');
INSERT INTO `word` VALUES (2582, '膨');
INSERT INTO `word` VALUES (2583, '膳');
INSERT INTO `word` VALUES (2584, '臀');
INSERT INTO `word` VALUES (2585, '臂');
INSERT INTO `word` VALUES (2586, '臊');
INSERT INTO `word` VALUES (2587, '臣');
INSERT INTO `word` VALUES (2588, '自');
INSERT INTO `word` VALUES (2589, '臭');
INSERT INTO `word` VALUES (2590, '至');
INSERT INTO `word` VALUES (2591, '致');
INSERT INTO `word` VALUES (2592, '臼');
INSERT INTO `word` VALUES (2593, '舀');
INSERT INTO `word` VALUES (2594, '舅');
INSERT INTO `word` VALUES (2595, '舆');
INSERT INTO `word` VALUES (2596, '舌');
INSERT INTO `word` VALUES (2597, '舍');
INSERT INTO `word` VALUES (2598, '舒');
INSERT INTO `word` VALUES (2599, '舔');
INSERT INTO `word` VALUES (2600, '舞');
INSERT INTO `word` VALUES (2601, '舟');
INSERT INTO `word` VALUES (2602, '航');
INSERT INTO `word` VALUES (2603, '般');
INSERT INTO `word` VALUES (2604, '舰');
INSERT INTO `word` VALUES (2605, '舱');
INSERT INTO `word` VALUES (2606, '舵');
INSERT INTO `word` VALUES (2607, '舶');
INSERT INTO `word` VALUES (2608, '舷');
INSERT INTO `word` VALUES (2609, '船');
INSERT INTO `word` VALUES (2610, '艇');
INSERT INTO `word` VALUES (2611, '艘');
INSERT INTO `word` VALUES (2612, '良');
INSERT INTO `word` VALUES (2613, '艰');
INSERT INTO `word` VALUES (2614, '色');
INSERT INTO `word` VALUES (2615, '艳');
INSERT INTO `word` VALUES (2616, '艺');
INSERT INTO `word` VALUES (2617, '艾');
INSERT INTO `word` VALUES (2618, '节');
INSERT INTO `word` VALUES (2619, '芋');
INSERT INTO `word` VALUES (2620, '芍');
INSERT INTO `word` VALUES (2621, '芒');
INSERT INTO `word` VALUES (2622, '芙');
INSERT INTO `word` VALUES (2623, '芜');
INSERT INTO `word` VALUES (2624, '芝');
INSERT INTO `word` VALUES (2625, '芥');
INSERT INTO `word` VALUES (2626, '芦');
INSERT INTO `word` VALUES (2627, '芬');
INSERT INTO `word` VALUES (2628, '芭');
INSERT INTO `word` VALUES (2629, '芯');
INSERT INTO `word` VALUES (2630, '花');
INSERT INTO `word` VALUES (2631, '芳');
INSERT INTO `word` VALUES (2632, '芹');
INSERT INTO `word` VALUES (2633, '芽');
INSERT INTO `word` VALUES (2634, '苇');
INSERT INTO `word` VALUES (2635, '苍');
INSERT INTO `word` VALUES (2636, '苏');
INSERT INTO `word` VALUES (2637, '苔');
INSERT INTO `word` VALUES (2638, '苗');
INSERT INTO `word` VALUES (2639, '苛');
INSERT INTO `word` VALUES (2640, '苞');
INSERT INTO `word` VALUES (2641, '苟');
INSERT INTO `word` VALUES (2642, '若');
INSERT INTO `word` VALUES (2643, '苦');
INSERT INTO `word` VALUES (2644, '苫');
INSERT INTO `word` VALUES (2645, '英');
INSERT INTO `word` VALUES (2646, '苹');
INSERT INTO `word` VALUES (2647, '茁');
INSERT INTO `word` VALUES (2648, '茂');
INSERT INTO `word` VALUES (2649, '范');
INSERT INTO `word` VALUES (2650, '茄');
INSERT INTO `word` VALUES (2651, '茅');
INSERT INTO `word` VALUES (2652, '茉');
INSERT INTO `word` VALUES (2653, '茎');
INSERT INTO `word` VALUES (2654, '茧');
INSERT INTO `word` VALUES (2655, '茫');
INSERT INTO `word` VALUES (2656, '茬');
INSERT INTO `word` VALUES (2657, '茴');
INSERT INTO `word` VALUES (2658, '茵');
INSERT INTO `word` VALUES (2659, '茶');
INSERT INTO `word` VALUES (2660, '茸');
INSERT INTO `word` VALUES (2661, '荆');
INSERT INTO `word` VALUES (2662, '草');
INSERT INTO `word` VALUES (2663, '荐');
INSERT INTO `word` VALUES (2664, '荒');
INSERT INTO `word` VALUES (2665, '荔');
INSERT INTO `word` VALUES (2666, '荚');
INSERT INTO `word` VALUES (2667, '荞');
INSERT INTO `word` VALUES (2668, '荠');
INSERT INTO `word` VALUES (2669, '荡');
INSERT INTO `word` VALUES (2670, '荣');
INSERT INTO `word` VALUES (2671, '荤');
INSERT INTO `word` VALUES (2672, '荧');
INSERT INTO `word` VALUES (2673, '药');
INSERT INTO `word` VALUES (2674, '荷');
INSERT INTO `word` VALUES (2675, '荸');
INSERT INTO `word` VALUES (2676, '莉');
INSERT INTO `word` VALUES (2677, '莫');
INSERT INTO `word` VALUES (2678, '莱');
INSERT INTO `word` VALUES (2679, '莲');
INSERT INTO `word` VALUES (2680, '获');
INSERT INTO `word` VALUES (2681, '莹');
INSERT INTO `word` VALUES (2682, '莺');
INSERT INTO `word` VALUES (2683, '莽');
INSERT INTO `word` VALUES (2684, '菇');
INSERT INTO `word` VALUES (2685, '菊');
INSERT INTO `word` VALUES (2686, '菌');
INSERT INTO `word` VALUES (2687, '菜');
INSERT INTO `word` VALUES (2688, '菠');
INSERT INTO `word` VALUES (2689, '菩');
INSERT INTO `word` VALUES (2690, '菱');
INSERT INTO `word` VALUES (2691, '菲');
INSERT INTO `word` VALUES (2692, '萄');
INSERT INTO `word` VALUES (2693, '萌');
INSERT INTO `word` VALUES (2694, '萍');
INSERT INTO `word` VALUES (2695, '萎');
INSERT INTO `word` VALUES (2696, '萝');
INSERT INTO `word` VALUES (2697, '萤');
INSERT INTO `word` VALUES (2698, '营');
INSERT INTO `word` VALUES (2699, '萧');
INSERT INTO `word` VALUES (2700, '萨');
INSERT INTO `word` VALUES (2701, '落');
INSERT INTO `word` VALUES (2702, '著');
INSERT INTO `word` VALUES (2703, '葛');
INSERT INTO `word` VALUES (2704, '葡');
INSERT INTO `word` VALUES (2705, '董');
INSERT INTO `word` VALUES (2706, '葫');
INSERT INTO `word` VALUES (2707, '葬');
INSERT INTO `word` VALUES (2708, '葱');
INSERT INTO `word` VALUES (2709, '葵');
INSERT INTO `word` VALUES (2710, '蒂');
INSERT INTO `word` VALUES (2711, '蒋');
INSERT INTO `word` VALUES (2712, '蒙');
INSERT INTO `word` VALUES (2713, '蒜');
INSERT INTO `word` VALUES (2714, '蒲');
INSERT INTO `word` VALUES (2715, '蒸');
INSERT INTO `word` VALUES (2716, '蒿');
INSERT INTO `word` VALUES (2717, '蓄');
INSERT INTO `word` VALUES (2718, '蓉');
INSERT INTO `word` VALUES (2719, '蓖');
INSERT INTO `word` VALUES (2720, '蓝');
INSERT INTO `word` VALUES (2721, '蓬');
INSERT INTO `word` VALUES (2722, '蔑');
INSERT INTO `word` VALUES (2723, '蔓');
INSERT INTO `word` VALUES (2724, '蔗');
INSERT INTO `word` VALUES (2725, '蔚');
INSERT INTO `word` VALUES (2726, '蔫');
INSERT INTO `word` VALUES (2727, '蔬');
INSERT INTO `word` VALUES (2728, '蔼');
INSERT INTO `word` VALUES (2729, '蔽');
INSERT INTO `word` VALUES (2730, '蕉');
INSERT INTO `word` VALUES (2731, '蕊');
INSERT INTO `word` VALUES (2732, '蕴');
INSERT INTO `word` VALUES (2733, '蕾');
INSERT INTO `word` VALUES (2734, '薄');
INSERT INTO `word` VALUES (2735, '薇');
INSERT INTO `word` VALUES (2736, '薛');
INSERT INTO `word` VALUES (2737, '薪');
INSERT INTO `word` VALUES (2738, '薯');
INSERT INTO `word` VALUES (2739, '藏');
INSERT INTO `word` VALUES (2740, '藐');
INSERT INTO `word` VALUES (2741, '藕');
INSERT INTO `word` VALUES (2742, '藤');
INSERT INTO `word` VALUES (2743, '藻');
INSERT INTO `word` VALUES (2744, '蘑');
INSERT INTO `word` VALUES (2745, '蘸');
INSERT INTO `word` VALUES (2746, '虎');
INSERT INTO `word` VALUES (2747, '虏');
INSERT INTO `word` VALUES (2748, '虐');
INSERT INTO `word` VALUES (2749, '虑');
INSERT INTO `word` VALUES (2750, '虚');
INSERT INTO `word` VALUES (2751, '虫');
INSERT INTO `word` VALUES (2752, '虱');
INSERT INTO `word` VALUES (2753, '虹');
INSERT INTO `word` VALUES (2754, '虽');
INSERT INTO `word` VALUES (2755, '虾');
INSERT INTO `word` VALUES (2756, '蚀');
INSERT INTO `word` VALUES (2757, '蚁');
INSERT INTO `word` VALUES (2758, '蚂');
INSERT INTO `word` VALUES (2759, '蚊');
INSERT INTO `word` VALUES (2760, '蚌');
INSERT INTO `word` VALUES (2761, '蚓');
INSERT INTO `word` VALUES (2762, '蚕');
INSERT INTO `word` VALUES (2763, '蚜');
INSERT INTO `word` VALUES (2764, '蚣');
INSERT INTO `word` VALUES (2765, '蚤');
INSERT INTO `word` VALUES (2766, '蚪');
INSERT INTO `word` VALUES (2767, '蚯');
INSERT INTO `word` VALUES (2768, '蛀');
INSERT INTO `word` VALUES (2769, '蛆');
INSERT INTO `word` VALUES (2770, '蛇');
INSERT INTO `word` VALUES (2771, '蛉');
INSERT INTO `word` VALUES (2772, '蛋');
INSERT INTO `word` VALUES (2773, '蛔');
INSERT INTO `word` VALUES (2774, '蛙');
INSERT INTO `word` VALUES (2775, '蛛');
INSERT INTO `word` VALUES (2776, '蛤');
INSERT INTO `word` VALUES (2777, '蛮');
INSERT INTO `word` VALUES (2778, '蛹');
INSERT INTO `word` VALUES (2779, '蛾');
INSERT INTO `word` VALUES (2780, '蜀');
INSERT INTO `word` VALUES (2781, '蜂');
INSERT INTO `word` VALUES (2782, '蜈');
INSERT INTO `word` VALUES (2783, '蜒');
INSERT INTO `word` VALUES (2784, '蜓');
INSERT INTO `word` VALUES (2785, '蜕');
INSERT INTO `word` VALUES (2786, '蜗');
INSERT INTO `word` VALUES (2787, '蜘');
INSERT INTO `word` VALUES (2788, '蜜');
INSERT INTO `word` VALUES (2789, '蜡');
INSERT INTO `word` VALUES (2790, '蜻');
INSERT INTO `word` VALUES (2791, '蝇');
INSERT INTO `word` VALUES (2792, '蝉');
INSERT INTO `word` VALUES (2793, '蝌');
INSERT INTO `word` VALUES (2794, '蝎');
INSERT INTO `word` VALUES (2795, '蝗');
INSERT INTO `word` VALUES (2796, '蝙');
INSERT INTO `word` VALUES (2797, '蝠');
INSERT INTO `word` VALUES (2798, '蝴');
INSERT INTO `word` VALUES (2799, '蝶');
INSERT INTO `word` VALUES (2800, '螃');
INSERT INTO `word` VALUES (2801, '融');
INSERT INTO `word` VALUES (2802, '螟');
INSERT INTO `word` VALUES (2803, '螺');
INSERT INTO `word` VALUES (2804, '蟀');
INSERT INTO `word` VALUES (2805, '蟆');
INSERT INTO `word` VALUES (2806, '蟋');
INSERT INTO `word` VALUES (2807, '蟹');
INSERT INTO `word` VALUES (2808, '蠕');
INSERT INTO `word` VALUES (2809, '蠢');
INSERT INTO `word` VALUES (2810, '血');
INSERT INTO `word` VALUES (2811, '衅');
INSERT INTO `word` VALUES (2812, '行');
INSERT INTO `word` VALUES (2813, '衍');
INSERT INTO `word` VALUES (2814, '衔');
INSERT INTO `word` VALUES (2815, '街');
INSERT INTO `word` VALUES (2816, '衙');
INSERT INTO `word` VALUES (2817, '衡');
INSERT INTO `word` VALUES (2818, '衣');
INSERT INTO `word` VALUES (2819, '补');
INSERT INTO `word` VALUES (2820, '表');
INSERT INTO `word` VALUES (2821, '衩');
INSERT INTO `word` VALUES (2822, '衫');
INSERT INTO `word` VALUES (2823, '衬');
INSERT INTO `word` VALUES (2824, '衰');
INSERT INTO `word` VALUES (2825, '衷');
INSERT INTO `word` VALUES (2826, '袁');
INSERT INTO `word` VALUES (2827, '袄');
INSERT INTO `word` VALUES (2828, '袋');
INSERT INTO `word` VALUES (2829, '袍');
INSERT INTO `word` VALUES (2830, '袒');
INSERT INTO `word` VALUES (2831, '袖');
INSERT INTO `word` VALUES (2832, '袜');
INSERT INTO `word` VALUES (2833, '被');
INSERT INTO `word` VALUES (2834, '袭');
INSERT INTO `word` VALUES (2835, '袱');
INSERT INTO `word` VALUES (2836, '裁');
INSERT INTO `word` VALUES (2837, '裂');
INSERT INTO `word` VALUES (2838, '装');
INSERT INTO `word` VALUES (2839, '裆');
INSERT INTO `word` VALUES (2840, '裉');
INSERT INTO `word` VALUES (2841, '裕');
INSERT INTO `word` VALUES (2842, '裙');
INSERT INTO `word` VALUES (2843, '裤');
INSERT INTO `word` VALUES (2844, '裳');
INSERT INTO `word` VALUES (2845, '裸');
INSERT INTO `word` VALUES (2846, '裹');
INSERT INTO `word` VALUES (2847, '褂');
INSERT INTO `word` VALUES (2848, '褐');
INSERT INTO `word` VALUES (2849, '褒');
INSERT INTO `word` VALUES (2850, '褥');
INSERT INTO `word` VALUES (2851, '襟');
INSERT INTO `word` VALUES (2852, '西');
INSERT INTO `word` VALUES (2853, '要');
INSERT INTO `word` VALUES (2854, '覆');
INSERT INTO `word` VALUES (2855, '见');
INSERT INTO `word` VALUES (2856, '观');
INSERT INTO `word` VALUES (2857, '规');
INSERT INTO `word` VALUES (2858, '觅');
INSERT INTO `word` VALUES (2859, '视');
INSERT INTO `word` VALUES (2860, '览');
INSERT INTO `word` VALUES (2861, '觉');
INSERT INTO `word` VALUES (2862, '角');
INSERT INTO `word` VALUES (2863, '解');
INSERT INTO `word` VALUES (2864, '触');
INSERT INTO `word` VALUES (2865, '言');
INSERT INTO `word` VALUES (2866, '誉');
INSERT INTO `word` VALUES (2867, '誊');
INSERT INTO `word` VALUES (2868, '誓');
INSERT INTO `word` VALUES (2869, '警');
INSERT INTO `word` VALUES (2870, '譬');
INSERT INTO `word` VALUES (2871, '计');
INSERT INTO `word` VALUES (2872, '订');
INSERT INTO `word` VALUES (2873, '认');
INSERT INTO `word` VALUES (2874, '讥');
INSERT INTO `word` VALUES (2875, '讨');
INSERT INTO `word` VALUES (2876, '让');
INSERT INTO `word` VALUES (2877, '训');
INSERT INTO `word` VALUES (2878, '议');
INSERT INTO `word` VALUES (2879, '讯');
INSERT INTO `word` VALUES (2880, '记');
INSERT INTO `word` VALUES (2881, '讲');
INSERT INTO `word` VALUES (2882, '讳');
INSERT INTO `word` VALUES (2883, '讶');
INSERT INTO `word` VALUES (2884, '许');
INSERT INTO `word` VALUES (2885, '讹');
INSERT INTO `word` VALUES (2886, '论');
INSERT INTO `word` VALUES (2887, '讼');
INSERT INTO `word` VALUES (2888, '讽');
INSERT INTO `word` VALUES (2889, '设');
INSERT INTO `word` VALUES (2890, '访');
INSERT INTO `word` VALUES (2891, '诀');
INSERT INTO `word` VALUES (2892, '证');
INSERT INTO `word` VALUES (2893, '评');
INSERT INTO `word` VALUES (2894, '诅');
INSERT INTO `word` VALUES (2895, '识');
INSERT INTO `word` VALUES (2896, '诈');
INSERT INTO `word` VALUES (2897, '诉');
INSERT INTO `word` VALUES (2898, '诊');
INSERT INTO `word` VALUES (2899, '词');
INSERT INTO `word` VALUES (2900, '译');
INSERT INTO `word` VALUES (2901, '试');
INSERT INTO `word` VALUES (2902, '诗');
INSERT INTO `word` VALUES (2903, '诚');
INSERT INTO `word` VALUES (2904, '话');
INSERT INTO `word` VALUES (2905, '诞');
INSERT INTO `word` VALUES (2906, '诡');
INSERT INTO `word` VALUES (2907, '询');
INSERT INTO `word` VALUES (2908, '该');
INSERT INTO `word` VALUES (2909, '详');
INSERT INTO `word` VALUES (2910, '诫');
INSERT INTO `word` VALUES (2911, '诬');
INSERT INTO `word` VALUES (2912, '语');
INSERT INTO `word` VALUES (2913, '误');
INSERT INTO `word` VALUES (2914, '诱');
INSERT INTO `word` VALUES (2915, '诲');
INSERT INTO `word` VALUES (2916, '说');
INSERT INTO `word` VALUES (2917, '诵');
INSERT INTO `word` VALUES (2918, '请');
INSERT INTO `word` VALUES (2919, '诸');
INSERT INTO `word` VALUES (2920, '诺');
INSERT INTO `word` VALUES (2921, '读');
INSERT INTO `word` VALUES (2922, '诽');
INSERT INTO `word` VALUES (2923, '课');
INSERT INTO `word` VALUES (2924, '谁');
INSERT INTO `word` VALUES (2925, '调');
INSERT INTO `word` VALUES (2926, '谅');
INSERT INTO `word` VALUES (2927, '谆');
INSERT INTO `word` VALUES (2928, '谈');
INSERT INTO `word` VALUES (2929, '谊');
INSERT INTO `word` VALUES (2930, '谋');
INSERT INTO `word` VALUES (2931, '谍');
INSERT INTO `word` VALUES (2932, '谎');
INSERT INTO `word` VALUES (2933, '谐');
INSERT INTO `word` VALUES (2934, '谒');
INSERT INTO `word` VALUES (2935, '谓');
INSERT INTO `word` VALUES (2936, '谚');
INSERT INTO `word` VALUES (2937, '谜');
INSERT INTO `word` VALUES (2938, '谢');
INSERT INTO `word` VALUES (2939, '谣');
INSERT INTO `word` VALUES (2940, '谤');
INSERT INTO `word` VALUES (2941, '谦');
INSERT INTO `word` VALUES (2942, '谨');
INSERT INTO `word` VALUES (2943, '谬');
INSERT INTO `word` VALUES (2944, '谭');
INSERT INTO `word` VALUES (2945, '谱');
INSERT INTO `word` VALUES (2946, '谴');
INSERT INTO `word` VALUES (2947, '谷');
INSERT INTO `word` VALUES (2948, '豁');
INSERT INTO `word` VALUES (2949, '豆');
INSERT INTO `word` VALUES (2950, '豌');
INSERT INTO `word` VALUES (2951, '象');
INSERT INTO `word` VALUES (2952, '豪');
INSERT INTO `word` VALUES (2953, '豫');
INSERT INTO `word` VALUES (2954, '豹');
INSERT INTO `word` VALUES (2955, '豺');
INSERT INTO `word` VALUES (2956, '貌');
INSERT INTO `word` VALUES (2957, '贝');
INSERT INTO `word` VALUES (2958, '贞');
INSERT INTO `word` VALUES (2959, '负');
INSERT INTO `word` VALUES (2960, '贡');
INSERT INTO `word` VALUES (2961, '财');
INSERT INTO `word` VALUES (2962, '责');
INSERT INTO `word` VALUES (2963, '贤');
INSERT INTO `word` VALUES (2964, '败');
INSERT INTO `word` VALUES (2965, '账');
INSERT INTO `word` VALUES (2966, '货');
INSERT INTO `word` VALUES (2967, '质');
INSERT INTO `word` VALUES (2968, '贩');
INSERT INTO `word` VALUES (2969, '贪');
INSERT INTO `word` VALUES (2970, '贫');
INSERT INTO `word` VALUES (2971, '贬');
INSERT INTO `word` VALUES (2972, '购');
INSERT INTO `word` VALUES (2973, '贮');
INSERT INTO `word` VALUES (2974, '贯');
INSERT INTO `word` VALUES (2975, '贰');
INSERT INTO `word` VALUES (2976, '贱');
INSERT INTO `word` VALUES (2977, '贴');
INSERT INTO `word` VALUES (2978, '贵');
INSERT INTO `word` VALUES (2979, '贸');
INSERT INTO `word` VALUES (2980, '费');
INSERT INTO `word` VALUES (2981, '贺');
INSERT INTO `word` VALUES (2982, '贼');
INSERT INTO `word` VALUES (2983, '贾');
INSERT INTO `word` VALUES (2984, '贿');
INSERT INTO `word` VALUES (2985, '赁');
INSERT INTO `word` VALUES (2986, '赂');
INSERT INTO `word` VALUES (2987, '赃');
INSERT INTO `word` VALUES (2988, '资');
INSERT INTO `word` VALUES (2989, '赊');
INSERT INTO `word` VALUES (2990, '赋');
INSERT INTO `word` VALUES (2991, '赌');
INSERT INTO `word` VALUES (2992, '赎');
INSERT INTO `word` VALUES (2993, '赏');
INSERT INTO `word` VALUES (2994, '赐');
INSERT INTO `word` VALUES (2995, '赔');
INSERT INTO `word` VALUES (2996, '赖');
INSERT INTO `word` VALUES (2997, '赘');
INSERT INTO `word` VALUES (2998, '赚');
INSERT INTO `word` VALUES (2999, '赛');
INSERT INTO `word` VALUES (3000, '赞');
INSERT INTO `word` VALUES (3001, '赠');
INSERT INTO `word` VALUES (3002, '赡');
INSERT INTO `word` VALUES (3003, '赢');
INSERT INTO `word` VALUES (3004, '赤');
INSERT INTO `word` VALUES (3005, '赦');
INSERT INTO `word` VALUES (3006, '赫');
INSERT INTO `word` VALUES (3007, '走');
INSERT INTO `word` VALUES (3008, '赴');
INSERT INTO `word` VALUES (3009, '赵');
INSERT INTO `word` VALUES (3010, '赶');
INSERT INTO `word` VALUES (3011, '起');
INSERT INTO `word` VALUES (3012, '趁');
INSERT INTO `word` VALUES (3013, '超');
INSERT INTO `word` VALUES (3014, '越');
INSERT INTO `word` VALUES (3015, '趋');
INSERT INTO `word` VALUES (3016, '趟');
INSERT INTO `word` VALUES (3017, '趣');
INSERT INTO `word` VALUES (3018, '足');
INSERT INTO `word` VALUES (3019, '趴');
INSERT INTO `word` VALUES (3020, '趾');
INSERT INTO `word` VALUES (3021, '跃');
INSERT INTO `word` VALUES (3022, '跋');
INSERT INTO `word` VALUES (3023, '跌');
INSERT INTO `word` VALUES (3024, '跑');
INSERT INTO `word` VALUES (3025, '跛');
INSERT INTO `word` VALUES (3026, '距');
INSERT INTO `word` VALUES (3027, '跟');
INSERT INTO `word` VALUES (3028, '跨');
INSERT INTO `word` VALUES (3029, '跪');
INSERT INTO `word` VALUES (3030, '路');
INSERT INTO `word` VALUES (3031, '跳');
INSERT INTO `word` VALUES (3032, '践');
INSERT INTO `word` VALUES (3033, '跷');
INSERT INTO `word` VALUES (3034, '跺');
INSERT INTO `word` VALUES (3035, '踊');
INSERT INTO `word` VALUES (3036, '踏');
INSERT INTO `word` VALUES (3037, '踢');
INSERT INTO `word` VALUES (3038, '踩');
INSERT INTO `word` VALUES (3039, '踪');
INSERT INTO `word` VALUES (3040, '踱');
INSERT INTO `word` VALUES (3041, '蹂');
INSERT INTO `word` VALUES (3042, '蹄');
INSERT INTO `word` VALUES (3043, '蹈');
INSERT INTO `word` VALUES (3044, '蹋');
INSERT INTO `word` VALUES (3045, '蹦');
INSERT INTO `word` VALUES (3046, '蹬');
INSERT INTO `word` VALUES (3047, '蹭');
INSERT INTO `word` VALUES (3048, '蹲');
INSERT INTO `word` VALUES (3049, '躁');
INSERT INTO `word` VALUES (3050, '躏');
INSERT INTO `word` VALUES (3051, '身');
INSERT INTO `word` VALUES (3052, '躬');
INSERT INTO `word` VALUES (3053, '躯');
INSERT INTO `word` VALUES (3054, '躲');
INSERT INTO `word` VALUES (3055, '躺');
INSERT INTO `word` VALUES (3056, '车');
INSERT INTO `word` VALUES (3057, '轧');
INSERT INTO `word` VALUES (3058, '轨');
INSERT INTO `word` VALUES (3059, '轩');
INSERT INTO `word` VALUES (3060, '转');
INSERT INTO `word` VALUES (3061, '轮');
INSERT INTO `word` VALUES (3062, '软');
INSERT INTO `word` VALUES (3063, '轰');
INSERT INTO `word` VALUES (3064, '轴');
INSERT INTO `word` VALUES (3065, '轻');
INSERT INTO `word` VALUES (3066, '载');
INSERT INTO `word` VALUES (3067, '轿');
INSERT INTO `word` VALUES (3068, '较');
INSERT INTO `word` VALUES (3069, '辅');
INSERT INTO `word` VALUES (3070, '辆');
INSERT INTO `word` VALUES (3071, '辈');
INSERT INTO `word` VALUES (3072, '辉');
INSERT INTO `word` VALUES (3073, '辐');
INSERT INTO `word` VALUES (3074, '辑');
INSERT INTO `word` VALUES (3075, '输');
INSERT INTO `word` VALUES (3076, '辕');
INSERT INTO `word` VALUES (3077, '辖');
INSERT INTO `word` VALUES (3078, '辙');
INSERT INTO `word` VALUES (3079, '辛');
INSERT INTO `word` VALUES (3080, '辜');
INSERT INTO `word` VALUES (3081, '辞');
INSERT INTO `word` VALUES (3082, '辟');
INSERT INTO `word` VALUES (3083, '辣');
INSERT INTO `word` VALUES (3084, '辨');
INSERT INTO `word` VALUES (3085, '辩');
INSERT INTO `word` VALUES (3086, '辫');
INSERT INTO `word` VALUES (3087, '辰');
INSERT INTO `word` VALUES (3088, '辱');
INSERT INTO `word` VALUES (3089, '边');
INSERT INTO `word` VALUES (3090, '辽');
INSERT INTO `word` VALUES (3091, '达');
INSERT INTO `word` VALUES (3092, '迁');
INSERT INTO `word` VALUES (3093, '迂');
INSERT INTO `word` VALUES (3094, '迄');
INSERT INTO `word` VALUES (3095, '迅');
INSERT INTO `word` VALUES (3096, '过');
INSERT INTO `word` VALUES (3097, '迈');
INSERT INTO `word` VALUES (3098, '迎');
INSERT INTO `word` VALUES (3099, '运');
INSERT INTO `word` VALUES (3100, '近');
INSERT INTO `word` VALUES (3101, '返');
INSERT INTO `word` VALUES (3102, '还');
INSERT INTO `word` VALUES (3103, '这');
INSERT INTO `word` VALUES (3104, '进');
INSERT INTO `word` VALUES (3105, '远');
INSERT INTO `word` VALUES (3106, '违');
INSERT INTO `word` VALUES (3107, '连');
INSERT INTO `word` VALUES (3108, '迟');
INSERT INTO `word` VALUES (3109, '迫');
INSERT INTO `word` VALUES (3110, '述');
INSERT INTO `word` VALUES (3111, '迷');
INSERT INTO `word` VALUES (3112, '迹');
INSERT INTO `word` VALUES (3113, '追');
INSERT INTO `word` VALUES (3114, '退');
INSERT INTO `word` VALUES (3115, '送');
INSERT INTO `word` VALUES (3116, '适');
INSERT INTO `word` VALUES (3117, '逃');
INSERT INTO `word` VALUES (3118, '逆');
INSERT INTO `word` VALUES (3119, '选');
INSERT INTO `word` VALUES (3120, '逊');
INSERT INTO `word` VALUES (3121, '透');
INSERT INTO `word` VALUES (3122, '逐');
INSERT INTO `word` VALUES (3123, '递');
INSERT INTO `word` VALUES (3124, '途');
INSERT INTO `word` VALUES (3125, '逗');
INSERT INTO `word` VALUES (3126, '通');
INSERT INTO `word` VALUES (3127, '逛');
INSERT INTO `word` VALUES (3128, '逝');
INSERT INTO `word` VALUES (3129, '逞');
INSERT INTO `word` VALUES (3130, '速');
INSERT INTO `word` VALUES (3131, '造');
INSERT INTO `word` VALUES (3132, '逢');
INSERT INTO `word` VALUES (3133, '逮');
INSERT INTO `word` VALUES (3134, '逸');
INSERT INTO `word` VALUES (3135, '逻');
INSERT INTO `word` VALUES (3136, '逼');
INSERT INTO `word` VALUES (3137, '逾');
INSERT INTO `word` VALUES (3138, '遂');
INSERT INTO `word` VALUES (3139, '遇');
INSERT INTO `word` VALUES (3140, '遍');
INSERT INTO `word` VALUES (3141, '遏');
INSERT INTO `word` VALUES (3142, '道');
INSERT INTO `word` VALUES (3143, '遗');
INSERT INTO `word` VALUES (3144, '遣');
INSERT INTO `word` VALUES (3145, '遥');
INSERT INTO `word` VALUES (3146, '遭');
INSERT INTO `word` VALUES (3147, '遮');
INSERT INTO `word` VALUES (3148, '遵');
INSERT INTO `word` VALUES (3149, '避');
INSERT INTO `word` VALUES (3150, '邀');
INSERT INTO `word` VALUES (3151, '邑');
INSERT INTO `word` VALUES (3152, '邓');
INSERT INTO `word` VALUES (3153, '邢');
INSERT INTO `word` VALUES (3154, '那');
INSERT INTO `word` VALUES (3155, '邦');
INSERT INTO `word` VALUES (3156, '邪');
INSERT INTO `word` VALUES (3157, '邮');
INSERT INTO `word` VALUES (3158, '邻');
INSERT INTO `word` VALUES (3159, '郁');
INSERT INTO `word` VALUES (3160, '郊');
INSERT INTO `word` VALUES (3161, '郎');
INSERT INTO `word` VALUES (3162, '郑');
INSERT INTO `word` VALUES (3163, '部');
INSERT INTO `word` VALUES (3164, '郭');
INSERT INTO `word` VALUES (3165, '都');
INSERT INTO `word` VALUES (3166, '鄙');
INSERT INTO `word` VALUES (3167, '酌');
INSERT INTO `word` VALUES (3168, '配');
INSERT INTO `word` VALUES (3169, '酒');
INSERT INTO `word` VALUES (3170, '酗');
INSERT INTO `word` VALUES (3171, '酝');
INSERT INTO `word` VALUES (3172, '酣');
INSERT INTO `word` VALUES (3173, '酥');
INSERT INTO `word` VALUES (3174, '酪');
INSERT INTO `word` VALUES (3175, '酬');
INSERT INTO `word` VALUES (3176, '酱');
INSERT INTO `word` VALUES (3177, '酵');
INSERT INTO `word` VALUES (3178, '酷');
INSERT INTO `word` VALUES (3179, '酸');
INSERT INTO `word` VALUES (3180, '酿');
INSERT INTO `word` VALUES (3181, '醇');
INSERT INTO `word` VALUES (3182, '醉');
INSERT INTO `word` VALUES (3183, '醋');
INSERT INTO `word` VALUES (3184, '醒');
INSERT INTO `word` VALUES (3185, '采');
INSERT INTO `word` VALUES (3186, '释');
INSERT INTO `word` VALUES (3187, '里');
INSERT INTO `word` VALUES (3188, '重');
INSERT INTO `word` VALUES (3189, '野');
INSERT INTO `word` VALUES (3190, '量');
INSERT INTO `word` VALUES (3191, '金');
INSERT INTO `word` VALUES (3192, '鉴');
INSERT INTO `word` VALUES (3193, '针');
INSERT INTO `word` VALUES (3194, '钉');
INSERT INTO `word` VALUES (3195, '钓');
INSERT INTO `word` VALUES (3196, '钙');
INSERT INTO `word` VALUES (3197, '钝');
INSERT INTO `word` VALUES (3198, '钞');
INSERT INTO `word` VALUES (3199, '钟');
INSERT INTO `word` VALUES (3200, '钠');
INSERT INTO `word` VALUES (3201, '钢');
INSERT INTO `word` VALUES (3202, '钥');
INSERT INTO `word` VALUES (3203, '钦');
INSERT INTO `word` VALUES (3204, '钧');
INSERT INTO `word` VALUES (3205, '钩');
INSERT INTO `word` VALUES (3206, '钮');
INSERT INTO `word` VALUES (3207, '钱');
INSERT INTO `word` VALUES (3208, '钳');
INSERT INTO `word` VALUES (3209, '钻');
INSERT INTO `word` VALUES (3210, '钾');
INSERT INTO `word` VALUES (3211, '铁');
INSERT INTO `word` VALUES (3212, '铃');
INSERT INTO `word` VALUES (3213, '铅');
INSERT INTO `word` VALUES (3214, '铆');
INSERT INTO `word` VALUES (3215, '铐');
INSERT INTO `word` VALUES (3216, '铛');
INSERT INTO `word` VALUES (3217, '铜');
INSERT INTO `word` VALUES (3218, '铝');
INSERT INTO `word` VALUES (3219, '铡');
INSERT INTO `word` VALUES (3220, '铣');
INSERT INTO `word` VALUES (3221, '铭');
INSERT INTO `word` VALUES (3222, '铲');
INSERT INTO `word` VALUES (3223, '银');
INSERT INTO `word` VALUES (3224, '铸');
INSERT INTO `word` VALUES (3225, '铺');
INSERT INTO `word` VALUES (3226, '链');
INSERT INTO `word` VALUES (3227, '销');
INSERT INTO `word` VALUES (3228, '锁');
INSERT INTO `word` VALUES (3229, '锄');
INSERT INTO `word` VALUES (3230, '锅');
INSERT INTO `word` VALUES (3231, '锈');
INSERT INTO `word` VALUES (3232, '锉');
INSERT INTO `word` VALUES (3233, '锋');
INSERT INTO `word` VALUES (3234, '锌');
INSERT INTO `word` VALUES (3235, '锐');
INSERT INTO `word` VALUES (3236, '错');
INSERT INTO `word` VALUES (3237, '锚');
INSERT INTO `word` VALUES (3238, '锡');
INSERT INTO `word` VALUES (3239, '锣');
INSERT INTO `word` VALUES (3240, '锤');
INSERT INTO `word` VALUES (3241, '锥');
INSERT INTO `word` VALUES (3242, '锦');
INSERT INTO `word` VALUES (3243, '锨');
INSERT INTO `word` VALUES (3244, '锭');
INSERT INTO `word` VALUES (3245, '键');
INSERT INTO `word` VALUES (3246, '锯');
INSERT INTO `word` VALUES (3247, '锰');
INSERT INTO `word` VALUES (3248, '锹');
INSERT INTO `word` VALUES (3249, '锻');
INSERT INTO `word` VALUES (3250, '镀');
INSERT INTO `word` VALUES (3251, '镇');
INSERT INTO `word` VALUES (3252, '镊');
INSERT INTO `word` VALUES (3253, '镐');
INSERT INTO `word` VALUES (3254, '镜');
INSERT INTO `word` VALUES (3255, '镣');
INSERT INTO `word` VALUES (3256, '镰');
INSERT INTO `word` VALUES (3257, '镶');
INSERT INTO `word` VALUES (3258, '长');
INSERT INTO `word` VALUES (3259, '门');
INSERT INTO `word` VALUES (3260, '闪');
INSERT INTO `word` VALUES (3261, '闭');
INSERT INTO `word` VALUES (3262, '问');
INSERT INTO `word` VALUES (3263, '闯');
INSERT INTO `word` VALUES (3264, '闰');
INSERT INTO `word` VALUES (3265, '闲');
INSERT INTO `word` VALUES (3266, '间');
INSERT INTO `word` VALUES (3267, '闷');
INSERT INTO `word` VALUES (3268, '闸');
INSERT INTO `word` VALUES (3269, '闹');
INSERT INTO `word` VALUES (3270, '闺');
INSERT INTO `word` VALUES (3271, '闻');
INSERT INTO `word` VALUES (3272, '闽');
INSERT INTO `word` VALUES (3273, '阀');
INSERT INTO `word` VALUES (3274, '阁');
INSERT INTO `word` VALUES (3275, '阅');
INSERT INTO `word` VALUES (3276, '阎');
INSERT INTO `word` VALUES (3277, '阐');
INSERT INTO `word` VALUES (3278, '阔');
INSERT INTO `word` VALUES (3279, '队');
INSERT INTO `word` VALUES (3280, '阱');
INSERT INTO `word` VALUES (3281, '防');
INSERT INTO `word` VALUES (3282, '阳');
INSERT INTO `word` VALUES (3283, '阴');
INSERT INTO `word` VALUES (3284, '阵');
INSERT INTO `word` VALUES (3285, '阶');
INSERT INTO `word` VALUES (3286, '阻');
INSERT INTO `word` VALUES (3287, '阿');
INSERT INTO `word` VALUES (3288, '附');
INSERT INTO `word` VALUES (3289, '际');
INSERT INTO `word` VALUES (3290, '陆');
INSERT INTO `word` VALUES (3291, '陈');
INSERT INTO `word` VALUES (3292, '陋');
INSERT INTO `word` VALUES (3293, '陌');
INSERT INTO `word` VALUES (3294, '降');
INSERT INTO `word` VALUES (3295, '限');
INSERT INTO `word` VALUES (3296, '陕');
INSERT INTO `word` VALUES (3297, '陡');
INSERT INTO `word` VALUES (3298, '院');
INSERT INTO `word` VALUES (3299, '除');
INSERT INTO `word` VALUES (3300, '陨');
INSERT INTO `word` VALUES (3301, '险');
INSERT INTO `word` VALUES (3302, '陪');
INSERT INTO `word` VALUES (3303, '陵');
INSERT INTO `word` VALUES (3304, '陶');
INSERT INTO `word` VALUES (3305, '陷');
INSERT INTO `word` VALUES (3306, '隅');
INSERT INTO `word` VALUES (3307, '隆');
INSERT INTO `word` VALUES (3308, '随');
INSERT INTO `word` VALUES (3309, '隐');
INSERT INTO `word` VALUES (3310, '隔');
INSERT INTO `word` VALUES (3311, '隘');
INSERT INTO `word` VALUES (3312, '隙');
INSERT INTO `word` VALUES (3313, '障');
INSERT INTO `word` VALUES (3314, '隧');
INSERT INTO `word` VALUES (3315, '隶');
INSERT INTO `word` VALUES (3316, '难');
INSERT INTO `word` VALUES (3317, '雀');
INSERT INTO `word` VALUES (3318, '雁');
INSERT INTO `word` VALUES (3319, '雄');
INSERT INTO `word` VALUES (3320, '雅');
INSERT INTO `word` VALUES (3321, '集');
INSERT INTO `word` VALUES (3322, '雇');
INSERT INTO `word` VALUES (3323, '雌');
INSERT INTO `word` VALUES (3324, '雏');
INSERT INTO `word` VALUES (3325, '雕');
INSERT INTO `word` VALUES (3326, '雨');
INSERT INTO `word` VALUES (3327, '雪');
INSERT INTO `word` VALUES (3328, '雳');
INSERT INTO `word` VALUES (3329, '零');
INSERT INTO `word` VALUES (3330, '雷');
INSERT INTO `word` VALUES (3331, '雹');
INSERT INTO `word` VALUES (3332, '雾');
INSERT INTO `word` VALUES (3333, '需');
INSERT INTO `word` VALUES (3334, '震');
INSERT INTO `word` VALUES (3335, '霉');
INSERT INTO `word` VALUES (3336, '霍');
INSERT INTO `word` VALUES (3337, '霎');
INSERT INTO `word` VALUES (3338, '霜');
INSERT INTO `word` VALUES (3339, '霞');
INSERT INTO `word` VALUES (3340, '露');
INSERT INTO `word` VALUES (3341, '霸');
INSERT INTO `word` VALUES (3342, '霹');
INSERT INTO `word` VALUES (3343, '青');
INSERT INTO `word` VALUES (3344, '靖');
INSERT INTO `word` VALUES (3345, '静');
INSERT INTO `word` VALUES (3346, '非');
INSERT INTO `word` VALUES (3347, '靠');
INSERT INTO `word` VALUES (3348, '靡');
INSERT INTO `word` VALUES (3349, '面');
INSERT INTO `word` VALUES (3350, '革');
INSERT INTO `word` VALUES (3351, '靴');
INSERT INTO `word` VALUES (3352, '靶');
INSERT INTO `word` VALUES (3353, '鞋');
INSERT INTO `word` VALUES (3354, '鞍');
INSERT INTO `word` VALUES (3355, '鞠');
INSERT INTO `word` VALUES (3356, '鞭');
INSERT INTO `word` VALUES (3357, '韧');
INSERT INTO `word` VALUES (3358, '韩');
INSERT INTO `word` VALUES (3359, '韭');
INSERT INTO `word` VALUES (3360, '音');
INSERT INTO `word` VALUES (3361, '韵');
INSERT INTO `word` VALUES (3362, '页');
INSERT INTO `word` VALUES (3363, '顶');
INSERT INTO `word` VALUES (3364, '顷');
INSERT INTO `word` VALUES (3365, '项');
INSERT INTO `word` VALUES (3366, '顺');
INSERT INTO `word` VALUES (3367, '须');
INSERT INTO `word` VALUES (3368, '顽');
INSERT INTO `word` VALUES (3369, '顾');
INSERT INTO `word` VALUES (3370, '顿');
INSERT INTO `word` VALUES (3371, '颁');
INSERT INTO `word` VALUES (3372, '颂');
INSERT INTO `word` VALUES (3373, '预');
INSERT INTO `word` VALUES (3374, '颅');
INSERT INTO `word` VALUES (3375, '领');
INSERT INTO `word` VALUES (3376, '颇');
INSERT INTO `word` VALUES (3377, '颈');
INSERT INTO `word` VALUES (3378, '颊');
INSERT INTO `word` VALUES (3379, '频');
INSERT INTO `word` VALUES (3380, '颓');
INSERT INTO `word` VALUES (3381, '颖');
INSERT INTO `word` VALUES (3382, '颗');
INSERT INTO `word` VALUES (3383, '题');
INSERT INTO `word` VALUES (3384, '颜');
INSERT INTO `word` VALUES (3385, '额');
INSERT INTO `word` VALUES (3386, '颠');
INSERT INTO `word` VALUES (3387, '颤');
INSERT INTO `word` VALUES (3388, '风');
INSERT INTO `word` VALUES (3389, '飒');
INSERT INTO `word` VALUES (3390, '飘');
INSERT INTO `word` VALUES (3391, '飞');
INSERT INTO `word` VALUES (3392, '食');
INSERT INTO `word` VALUES (3393, '餐');
INSERT INTO `word` VALUES (3394, '饥');
INSERT INTO `word` VALUES (3395, '饭');
INSERT INTO `word` VALUES (3396, '饮');
INSERT INTO `word` VALUES (3397, '饰');
INSERT INTO `word` VALUES (3398, '饱');
INSERT INTO `word` VALUES (3399, '饲');
INSERT INTO `word` VALUES (3400, '饵');
INSERT INTO `word` VALUES (3401, '饶');
INSERT INTO `word` VALUES (3402, '饺');
INSERT INTO `word` VALUES (3403, '饼');
INSERT INTO `word` VALUES (3404, '饿');
INSERT INTO `word` VALUES (3405, '馁');
INSERT INTO `word` VALUES (3406, '馅');
INSERT INTO `word` VALUES (3407, '馆');
INSERT INTO `word` VALUES (3408, '馋');
INSERT INTO `word` VALUES (3409, '馍');
INSERT INTO `word` VALUES (3410, '馏');
INSERT INTO `word` VALUES (3411, '馒');
INSERT INTO `word` VALUES (3412, '首');
INSERT INTO `word` VALUES (3413, '香');
INSERT INTO `word` VALUES (3414, '马');
INSERT INTO `word` VALUES (3415, '驮');
INSERT INTO `word` VALUES (3416, '驯');
INSERT INTO `word` VALUES (3417, '驰');
INSERT INTO `word` VALUES (3418, '驱');
INSERT INTO `word` VALUES (3419, '驳');
INSERT INTO `word` VALUES (3420, '驴');
INSERT INTO `word` VALUES (3421, '驶');
INSERT INTO `word` VALUES (3422, '驹');
INSERT INTO `word` VALUES (3423, '驻');
INSERT INTO `word` VALUES (3424, '驼');
INSERT INTO `word` VALUES (3425, '驾');
INSERT INTO `word` VALUES (3426, '骂');
INSERT INTO `word` VALUES (3427, '骄');
INSERT INTO `word` VALUES (3428, '骆');
INSERT INTO `word` VALUES (3429, '骇');
INSERT INTO `word` VALUES (3430, '验');
INSERT INTO `word` VALUES (3431, '骏');
INSERT INTO `word` VALUES (3432, '骑');
INSERT INTO `word` VALUES (3433, '骗');
INSERT INTO `word` VALUES (3434, '骚');
INSERT INTO `word` VALUES (3435, '骡');
INSERT INTO `word` VALUES (3436, '骤');
INSERT INTO `word` VALUES (3437, '骨');
INSERT INTO `word` VALUES (3438, '髓');
INSERT INTO `word` VALUES (3439, '高');
INSERT INTO `word` VALUES (3440, '鬓');
INSERT INTO `word` VALUES (3441, '鬼');
INSERT INTO `word` VALUES (3442, '魁');
INSERT INTO `word` VALUES (3443, '魂');
INSERT INTO `word` VALUES (3444, '魄');
INSERT INTO `word` VALUES (3445, '魏');
INSERT INTO `word` VALUES (3446, '魔');
INSERT INTO `word` VALUES (3447, '鱼');
INSERT INTO `word` VALUES (3448, '鲁');
INSERT INTO `word` VALUES (3449, '鲜');
INSERT INTO `word` VALUES (3450, '鲤');
INSERT INTO `word` VALUES (3451, '鲫');
INSERT INTO `word` VALUES (3452, '鲸');
INSERT INTO `word` VALUES (3453, '鳄');
INSERT INTO `word` VALUES (3454, '鳍');
INSERT INTO `word` VALUES (3455, '鳖');
INSERT INTO `word` VALUES (3456, '鳞');
INSERT INTO `word` VALUES (3457, '鸟');
INSERT INTO `word` VALUES (3458, '鸠');
INSERT INTO `word` VALUES (3459, '鸡');
INSERT INTO `word` VALUES (3460, '鸣');
INSERT INTO `word` VALUES (3461, '鸥');
INSERT INTO `word` VALUES (3462, '鸦');
INSERT INTO `word` VALUES (3463, '鸭');
INSERT INTO `word` VALUES (3464, '鸯');
INSERT INTO `word` VALUES (3465, '鸳');
INSERT INTO `word` VALUES (3466, '鸵');
INSERT INTO `word` VALUES (3467, '鸽');
INSERT INTO `word` VALUES (3468, '鸿');
INSERT INTO `word` VALUES (3469, '鹃');
INSERT INTO `word` VALUES (3470, '鹅');
INSERT INTO `word` VALUES (3471, '鹉');
INSERT INTO `word` VALUES (3472, '鹊');
INSERT INTO `word` VALUES (3473, '鹏');
INSERT INTO `word` VALUES (3474, '鹤');
INSERT INTO `word` VALUES (3475, '鹦');
INSERT INTO `word` VALUES (3476, '鹰');
INSERT INTO `word` VALUES (3477, '鹿');
INSERT INTO `word` VALUES (3478, '麦');
INSERT INTO `word` VALUES (3479, '麸');
INSERT INTO `word` VALUES (3480, '麻');
INSERT INTO `word` VALUES (3481, '黄');
INSERT INTO `word` VALUES (3482, '黍');
INSERT INTO `word` VALUES (3483, '黎');
INSERT INTO `word` VALUES (3484, '黑');
INSERT INTO `word` VALUES (3485, '黔');
INSERT INTO `word` VALUES (3486, '默');
INSERT INTO `word` VALUES (3487, '鼎');
INSERT INTO `word` VALUES (3488, '鼓');
INSERT INTO `word` VALUES (3489, '鼠');
INSERT INTO `word` VALUES (3490, '鼻');
INSERT INTO `word` VALUES (3491, '齐');
INSERT INTO `word` VALUES (3492, '齿');
INSERT INTO `word` VALUES (3493, '龄');
INSERT INTO `word` VALUES (3494, '龙');
INSERT INTO `word` VALUES (3495, '龟');

-- ----------------------------
-- Triggers structure for table book_record
-- ----------------------------
DROP TRIGGER IF EXISTS `tri_b_u_a`;
delimiter ;;
CREATE TRIGGER `tri_b_u_a` AFTER INSERT ON `book_record` FOR EACH ROW BEGIN
UPDATE users
set book = (SELECT count(*) as book from book where userID=(SELECT userID from book where book_id=new.book_id))
WHERE userID=(SELECT userID from book where book_id=new.book_id);
END
;;
delimiter ;

-- ----------------------------
-- Triggers structure for table book_record
-- ----------------------------
DROP TRIGGER IF EXISTS `qwe`;
delimiter ;;
CREATE TRIGGER `qwe` AFTER UPDATE ON `book_record` FOR EACH ROW begin
update book set flag=1 where (select count(*) from book_record where book_id=new.book_id and rec_flag=0) =0 and book_id=old.book_id;
end
;;
delimiter ;

-- ----------------------------
-- Triggers structure for table photo_record
-- ----------------------------
DROP TRIGGER IF EXISTS `tri_p_u_a`;
delimiter ;;
CREATE TRIGGER `tri_p_u_a` AFTER INSERT ON `photo_record` FOR EACH ROW BEGIN
UPDATE users
set photo = (SELECT count(*)as photo from photo_record WHERE userID=new.userID)
WHERE userID= new.userID;
END
;;
delimiter ;

-- ----------------------------
-- Triggers structure for table photo_record
-- ----------------------------
DROP TRIGGER IF EXISTS `tir_p_w`;
delimiter ;;
CREATE TRIGGER `tir_p_w` BEFORE DELETE ON `photo_record` FOR EACH ROW BEGIN
delete from photo_word  where photo_record=old.record;
END
;;
delimiter ;

-- ----------------------------
-- Triggers structure for table photo_record
-- ----------------------------
DROP TRIGGER IF EXISTS `tir_p_u_d`;
delimiter ;;
CREATE TRIGGER `tir_p_u_d` AFTER DELETE ON `photo_record` FOR EACH ROW BEGIN
UPDATE users
set photo = (SELECT count(*)as photo from photo_record WHERE userID=old.userID)
WHERE userID= old.userID;
END
;;
delimiter ;

SET FOREIGN_KEY_CHECKS = 1;
