/*
 Navicat Premium Data Transfer

 Source Server         : root
 Source Server Type    : MySQL
 Source Server Version : 50720
 Source Host           : localhost:3306
 Source Schema         : ssmanddl4j

 Target Server Type    : MySQL
 Target Server Version : 50720
 File Encoding         : 65001

 Date: 26/04/2020 15:02:19
*/

SET NAMES utf8mb4;
SET FOREIGN_KEY_CHECKS = 0;

-- ----------------------------
-- Table structure for book
-- ----------------------------
DROP TABLE IF EXISTS `book`;
CREATE TABLE `book`  (
  `book_id` bigint(20) NOT NULL AUTO_INCREMENT,
  `book_name` varchar(254) CHARACTER SET utf8 COLLATE utf8_general_ci NULL DEFAULT NULL,
  `book_page` int(11) NOT NULL,
  `book_url` varchar(254) CHARACTER SET utf8 COLLATE utf8_general_ci NULL DEFAULT NULL,
  `userID` bigint(20) NOT NULL,
  `flag` int(255) NULL DEFAULT NULL,
  `book_date_time` date NULL DEFAULT NULL,
  `book_money` bigint(255) NULL DEFAULT NULL,
  `book_belonging` bigint(255) NULL DEFAULT NULL,
  PRIMARY KEY (`book_id`) USING BTREE,
  INDEX `book_id`(`book_id`) USING BTREE,
  INDEX `user_id`(`userID`) USING BTREE,
  CONSTRAINT `book_ibfk_1` FOREIGN KEY (`userID`) REFERENCES `users` (`userID`) ON DELETE RESTRICT ON UPDATE RESTRICT
) ENGINE = InnoDB AUTO_INCREMENT = 161 CHARACTER SET = utf8 COLLATE = utf8_general_ci ROW_FORMAT = Dynamic;

-- ----------------------------
-- Records of book
-- ----------------------------
INSERT INTO `book` VALUES (148, '我的测试1', 3, '123470//PDF//12320200417175951800', 123470, 1, '2020-04-17', 12, 1);
INSERT INTO `book` VALUES (149, '书', 3, '123470//PDF//12320200417202000220', 123470, 0, '2020-04-17', 12, 1);
INSERT INTO `book` VALUES (150, '古诗', 2, '123472//PDF//古诗20200421152742853', 123472, 0, '2020-04-21', 0, 0);
INSERT INTO `book` VALUES (151, 'gushi', 2, '123472//PDF//gushi20200421153307940', 123472, 1, '2020-04-21', 0, 0);
INSERT INTO `book` VALUES (152, 'gushi', 2, '123472//PDF//gushi20200421194610369', 123472, 1, '2020-04-21', 0, 0);
INSERT INTO `book` VALUES (153, 'gushi', 2, '123472//PDF//gushi20200421202533458', 123472, 1, '2020-04-21', 0, 0);
INSERT INTO `book` VALUES (154, 'gushi', 2, '123472//PDF//gushi20200421202606544', 123472, 1, '2020-04-21', 0, 0);
INSERT INTO `book` VALUES (155, 'gushi', 2, '123472//PDF//gushi20200422210933179', 123472, 1, '2020-04-22', 0, 0);
INSERT INTO `book` VALUES (156, 'gushi', 2, '123472//PDF//gushi2020042221125948', 123472, 0, '2020-04-22', 0, 0);
INSERT INTO `book` VALUES (157, 'gushi', 2, '123472//PDF//gushi20200422212512187', 123472, 0, '2020-04-22', 0, 0);
INSERT INTO `book` VALUES (158, 'gushi', 2, '123472//PDF//gushi20200422212521279', 123472, 0, '2020-04-22', 0, 0);
INSERT INTO `book` VALUES (159, 'gushi', 2, '123472//PDF//gushi20200422213402576', 123472, 0, '2020-04-22', 0, 0);
INSERT INTO `book` VALUES (160, 'gushi', 2, '123471//PDF//gushi20200423151942277', 123471, 0, '2020-04-23', 0, 0);

-- ----------------------------
-- Table structure for book_record
-- ----------------------------
DROP TABLE IF EXISTS `book_record`;
CREATE TABLE `book_record`  (
  `book_record` bigint(20) NOT NULL AUTO_INCREMENT,
  `book_id` bigint(20) NOT NULL,
  `rec_page` int(11) NOT NULL,
  `rec_flag` int(11) NULL DEFAULT NULL,
  `rec_book_date_time` date NULL DEFAULT NULL,
  PRIMARY KEY (`book_record`) USING BTREE,
  INDEX `book_id`(`book_id`) USING BTREE,
  INDEX `book_record`(`book_record`) USING BTREE,
  CONSTRAINT `book_record_ibfk_1` FOREIGN KEY (`book_id`) REFERENCES `book` (`book_id`) ON DELETE RESTRICT ON UPDATE RESTRICT
) ENGINE = InnoDB AUTO_INCREMENT = 461 CHARACTER SET = utf8 COLLATE = utf8_general_ci ROW_FORMAT = Dynamic;

-- ----------------------------
-- Records of book_record
-- ----------------------------
INSERT INTO `book_record` VALUES (433, 148, 1, 1, '2020-04-17');
INSERT INTO `book_record` VALUES (434, 148, 2, 1, '2020-04-17');
INSERT INTO `book_record` VALUES (435, 148, 3, 1, '2020-04-17');
INSERT INTO `book_record` VALUES (436, 149, 1, 0, '2020-04-17');
INSERT INTO `book_record` VALUES (437, 149, 2, 0, '2020-04-17');
INSERT INTO `book_record` VALUES (438, 149, 3, 0, '2020-04-17');
INSERT INTO `book_record` VALUES (439, 150, 1, 0, '2020-04-21');
INSERT INTO `book_record` VALUES (440, 150, 2, 0, '2020-04-21');
INSERT INTO `book_record` VALUES (441, 151, 1, 1, '2020-04-22');
INSERT INTO `book_record` VALUES (442, 151, 2, 1, '2020-04-22');
INSERT INTO `book_record` VALUES (443, 152, 1, 1, '2020-04-22');
INSERT INTO `book_record` VALUES (444, 152, 2, 1, '2020-04-22');
INSERT INTO `book_record` VALUES (445, 153, 1, 1, '2020-04-22');
INSERT INTO `book_record` VALUES (446, 153, 2, 1, '2020-04-22');
INSERT INTO `book_record` VALUES (447, 154, 1, 1, '2020-04-22');
INSERT INTO `book_record` VALUES (448, 154, 2, 1, '2020-04-22');
INSERT INTO `book_record` VALUES (449, 155, 1, 1, '2020-04-22');
INSERT INTO `book_record` VALUES (450, 155, 2, 1, '2020-04-22');
INSERT INTO `book_record` VALUES (451, 156, 1, 1, '2020-04-22');
INSERT INTO `book_record` VALUES (452, 156, 2, 0, '2020-04-22');
INSERT INTO `book_record` VALUES (453, 157, 1, 0, '2020-04-22');
INSERT INTO `book_record` VALUES (454, 157, 2, 1, '2020-04-22');
INSERT INTO `book_record` VALUES (455, 158, 1, 0, '2020-04-22');
INSERT INTO `book_record` VALUES (456, 158, 2, 1, '2020-04-22');
INSERT INTO `book_record` VALUES (457, 159, 1, 0, '2020-04-22');
INSERT INTO `book_record` VALUES (458, 159, 2, 1, '2020-04-22');
INSERT INTO `book_record` VALUES (459, 160, 1, 0, '2020-04-23');
INSERT INTO `book_record` VALUES (460, 160, 2, 1, '2020-04-23');

-- ----------------------------
-- Table structure for book_word
-- ----------------------------
DROP TABLE IF EXISTS `book_word`;
CREATE TABLE `book_word`  (
  `book_word_id` bigint(20) NOT NULL AUTO_INCREMENT,
  `word_id` int(11) NOT NULL,
  `record` bigint(20) NOT NULL,
  `word_url` varchar(254) CHARACTER SET utf8 COLLATE utf8_general_ci NULL DEFAULT NULL,
  PRIMARY KEY (`book_word_id`) USING BTREE,
  INDEX `word_id`(`word_id`) USING BTREE,
  INDEX `book_record`(`record`) USING BTREE,
  CONSTRAINT `book_word_ibfk_1` FOREIGN KEY (`word_id`) REFERENCES `word` (`word_id`) ON DELETE RESTRICT ON UPDATE RESTRICT,
  CONSTRAINT `book_word_ibfk_2` FOREIGN KEY (`record`) REFERENCES `book_record` (`book_record`) ON DELETE RESTRICT ON UPDATE RESTRICT
) ENGINE = InnoDB AUTO_INCREMENT = 684 CHARACTER SET = utf8 COLLATE = utf8_general_ci ROW_FORMAT = Dynamic;

-- ----------------------------
-- Records of book_word
-- ----------------------------
INSERT INTO `book_word` VALUES (62, 3309, 442, '隐\\2020042115353924.jpg');
INSERT INTO `book_word` VALUES (63, 2174, 442, '石\\2020042115353931.jpg');
INSERT INTO `book_word` VALUES (64, 1572, 442, '桃\\2020042115353937.jpg');
INSERT INTO `book_word` VALUES (65, 1763, 442, '洞\\2020042115353942.jpg');
INSERT INTO `book_word` VALUES (66, 2163, 442, '瞭\\2020042115353952.jpg');
INSERT INTO `book_word` VALUES (67, 3309, 442, '隐\\2020042115353956.jpg');
INSERT INTO `book_word` VALUES (68, 2187, 442, '砾\\2020042115353962.jpg');
INSERT INTO `book_word` VALUES (69, 2630, 442, '花\\2020042115353967.jpg');
INSERT INTO `book_word` VALUES (70, 629, 442, '在\\2020042115353972.jpg');
INSERT INTO `book_word` VALUES (71, 3391, 442, '飞\\2020042115353976.jpg');
INSERT INTO `book_word` VALUES (72, 2852, 442, '西\\2020042115353982.jpg');
INSERT INTO `book_word` VALUES (73, 878, 442, '尽\\2020042115353987.jpg');
INSERT INTO `book_word` VALUES (74, 1580, 442, '桥\\2020042115353992.jpg');
INSERT INTO `book_word` VALUES (75, 2061, 442, '畔\\2020042115353997.jpg');
INSERT INTO `book_word` VALUES (76, 1422, 442, '日\\20200421153539102.jpg');
INSERT INTO `book_word` VALUES (77, 1847, 442, '溪\\20200421153539107.jpg');
INSERT INTO `book_word` VALUES (78, 3310, 442, '隔\\20200421153539112.jpg');
INSERT INTO `book_word` VALUES (79, 3262, 442, '问\\20200421153539116.jpg');
INSERT INTO `book_word` VALUES (80, 3308, 442, '随\\20200421153539121.jpg');
INSERT INTO `book_word` VALUES (81, 146, 442, '何\\20200421153539125.jpg');
INSERT INTO `book_word` VALUES (82, 3189, 442, '野\\20200421153539130.jpg');
INSERT INTO `book_word` VALUES (83, 1825, 442, '渔\\20200421153539135.jpg');
INSERT INTO `book_word` VALUES (84, 1771, 442, '流\\20200421153539140.jpg');
INSERT INTO `book_word` VALUES (85, 701, 442, '处\\20200421153539144.jpg');
INSERT INTO `book_word` VALUES (86, 1916, 442, '烟\\20200421153539149.jpg');
INSERT INTO `book_word` VALUES (87, 2609, 442, '船\\20200421153539153.jpg');
INSERT INTO `book_word` VALUES (88, 1700, 442, '水\\20200421153539158.jpg');
INSERT INTO `book_word` VALUES (89, 3309, 442, '隐\\20200421153608920.jpg');
INSERT INTO `book_word` VALUES (90, 2174, 442, '石\\20200421153608925.jpg');
INSERT INTO `book_word` VALUES (91, 1572, 442, '桃\\20200421153608934.jpg');
INSERT INTO `book_word` VALUES (92, 1763, 442, '洞\\20200421153608940.jpg');
INSERT INTO `book_word` VALUES (93, 3309, 442, '隐\\20200421153608944.jpg');
INSERT INTO `book_word` VALUES (94, 2187, 442, '砾\\20200421153608954.jpg');
INSERT INTO `book_word` VALUES (95, 2630, 442, '花\\20200421153608959.jpg');
INSERT INTO `book_word` VALUES (96, 629, 442, '在\\20200421153608964.jpg');
INSERT INTO `book_word` VALUES (97, 3391, 442, '飞\\20200421153608969.jpg');
INSERT INTO `book_word` VALUES (98, 2852, 442, '西\\20200421153608974.jpg');
INSERT INTO `book_word` VALUES (99, 878, 442, '尽\\20200421153608979.jpg');
INSERT INTO `book_word` VALUES (100, 1750, 442, '注\\20200421153608984.jpg');
INSERT INTO `book_word` VALUES (101, 705, 442, '夕\\20200421153608988.jpg');
INSERT INTO `book_word` VALUES (102, 881, 442, '局\\20200421153608994.jpg');
INSERT INTO `book_word` VALUES (103, 1580, 442, '桥\\20200421153608999.jpg');
INSERT INTO `book_word` VALUES (104, 2061, 442, '畔\\2020042115360903.jpg');
INSERT INTO `book_word` VALUES (105, 1422, 442, '日\\2020042115360908.jpg');
INSERT INTO `book_word` VALUES (106, 1847, 442, '溪\\2020042115360913.jpg');
INSERT INTO `book_word` VALUES (107, 3310, 442, '隔\\2020042115360918.jpg');
INSERT INTO `book_word` VALUES (108, 3262, 442, '问\\2020042115360922.jpg');
INSERT INTO `book_word` VALUES (109, 3308, 442, '随\\2020042115360927.jpg');
INSERT INTO `book_word` VALUES (110, 146, 442, '何\\2020042115360932.jpg');
INSERT INTO `book_word` VALUES (111, 3189, 442, '野\\2020042115360936.jpg');
INSERT INTO `book_word` VALUES (112, 1825, 442, '渔\\2020042115360941.jpg');
INSERT INTO `book_word` VALUES (113, 1771, 442, '流\\2020042115360946.jpg');
INSERT INTO `book_word` VALUES (114, 701, 442, '处\\2020042115360950.jpg');
INSERT INTO `book_word` VALUES (115, 1916, 442, '烟\\2020042115360955.jpg');
INSERT INTO `book_word` VALUES (116, 2609, 442, '船\\2020042115360959.jpg');
INSERT INTO `book_word` VALUES (117, 1700, 442, '水\\2020042115360963.jpg');
INSERT INTO `book_word` VALUES (118, 3309, 442, '隐\\20200421201322711.jpg');
INSERT INTO `book_word` VALUES (119, 2174, 442, '石\\20200421201322716.jpg');
INSERT INTO `book_word` VALUES (120, 1572, 442, '桃\\20200421201322723.jpg');
INSERT INTO `book_word` VALUES (121, 1763, 442, '洞\\20200421201322729.jpg');
INSERT INTO `book_word` VALUES (122, 3309, 442, '隐\\20200421201322734.jpg');
INSERT INTO `book_word` VALUES (123, 2187, 442, '砾\\20200421201322739.jpg');
INSERT INTO `book_word` VALUES (124, 2630, 442, '花\\20200421201322743.jpg');
INSERT INTO `book_word` VALUES (125, 629, 442, '在\\20200421201322749.jpg');
INSERT INTO `book_word` VALUES (126, 3391, 442, '飞\\20200421201322753.jpg');
INSERT INTO `book_word` VALUES (127, 2852, 442, '西\\20200421201322758.jpg');
INSERT INTO `book_word` VALUES (128, 878, 442, '尽\\20200421201322763.jpg');
INSERT INTO `book_word` VALUES (129, 1750, 442, '注\\20200421201322767.jpg');
INSERT INTO `book_word` VALUES (130, 705, 442, '夕\\20200421201322770.jpg');
INSERT INTO `book_word` VALUES (131, 881, 442, '局\\20200421201322775.jpg');
INSERT INTO `book_word` VALUES (132, 1580, 442, '桥\\20200421201322780.jpg');
INSERT INTO `book_word` VALUES (133, 2061, 442, '畔\\20200421201322785.jpg');
INSERT INTO `book_word` VALUES (134, 1422, 442, '日\\20200421201322792.jpg');
INSERT INTO `book_word` VALUES (135, 1847, 442, '溪\\20200421201322798.jpg');
INSERT INTO `book_word` VALUES (136, 3310, 442, '隔\\20200421201322802.jpg');
INSERT INTO `book_word` VALUES (137, 3262, 442, '问\\20200421201322808.jpg');
INSERT INTO `book_word` VALUES (138, 3308, 442, '随\\20200421201322813.jpg');
INSERT INTO `book_word` VALUES (139, 146, 442, '何\\20200421201322819.jpg');
INSERT INTO `book_word` VALUES (140, 3189, 442, '野\\20200421201322824.jpg');
INSERT INTO `book_word` VALUES (141, 1825, 442, '渔\\20200421201322830.jpg');
INSERT INTO `book_word` VALUES (142, 1771, 442, '流\\20200421201322835.jpg');
INSERT INTO `book_word` VALUES (143, 701, 442, '处\\20200421201322841.jpg');
INSERT INTO `book_word` VALUES (144, 1916, 442, '烟\\20200421201322846.jpg');
INSERT INTO `book_word` VALUES (145, 2609, 442, '船\\20200421201322851.jpg');
INSERT INTO `book_word` VALUES (146, 1700, 442, '水\\20200421201322856.jpg');
INSERT INTO `book_word` VALUES (147, 3309, 442, '隐\\20200421201349266.jpg');
INSERT INTO `book_word` VALUES (148, 2174, 442, '石\\20200421201349271.jpg');
INSERT INTO `book_word` VALUES (149, 1572, 442, '桃\\20200421201349275.jpg');
INSERT INTO `book_word` VALUES (150, 1763, 442, '洞\\20200421201349281.jpg');
INSERT INTO `book_word` VALUES (151, 3309, 442, '隐\\20200421201349286.jpg');
INSERT INTO `book_word` VALUES (152, 2187, 442, '砾\\20200421201349293.jpg');
INSERT INTO `book_word` VALUES (153, 2630, 442, '花\\20200421201349303.jpg');
INSERT INTO `book_word` VALUES (154, 629, 442, '在\\20200421201349308.jpg');
INSERT INTO `book_word` VALUES (155, 3391, 442, '飞\\20200421201349313.jpg');
INSERT INTO `book_word` VALUES (156, 2852, 442, '西\\20200421201349318.jpg');
INSERT INTO `book_word` VALUES (157, 878, 442, '尽\\20200421201349322.jpg');
INSERT INTO `book_word` VALUES (158, 1750, 442, '注\\20200421201349328.jpg');
INSERT INTO `book_word` VALUES (159, 705, 442, '夕\\20200421201349333.jpg');
INSERT INTO `book_word` VALUES (160, 881, 442, '局\\20200421201349337.jpg');
INSERT INTO `book_word` VALUES (161, 1580, 442, '桥\\20200421201349341.jpg');
INSERT INTO `book_word` VALUES (162, 2061, 442, '畔\\20200421201349346.jpg');
INSERT INTO `book_word` VALUES (163, 1422, 442, '日\\20200421201349350.jpg');
INSERT INTO `book_word` VALUES (164, 1847, 442, '溪\\20200421201349354.jpg');
INSERT INTO `book_word` VALUES (165, 3310, 442, '隔\\20200421201349363.jpg');
INSERT INTO `book_word` VALUES (166, 3262, 442, '问\\20200421201349367.jpg');
INSERT INTO `book_word` VALUES (167, 3308, 442, '随\\20200421201349371.jpg');
INSERT INTO `book_word` VALUES (168, 146, 442, '何\\20200421201349375.jpg');
INSERT INTO `book_word` VALUES (169, 3189, 442, '野\\20200421201349380.jpg');
INSERT INTO `book_word` VALUES (170, 1825, 442, '渔\\20200421201349384.jpg');
INSERT INTO `book_word` VALUES (171, 1771, 442, '流\\20200421201349389.jpg');
INSERT INTO `book_word` VALUES (172, 701, 442, '处\\20200421201349393.jpg');
INSERT INTO `book_word` VALUES (173, 1916, 442, '烟\\20200421201349398.jpg');
INSERT INTO `book_word` VALUES (174, 2609, 442, '船\\20200421201349403.jpg');
INSERT INTO `book_word` VALUES (175, 1700, 442, '水\\20200421201349409.jpg');
INSERT INTO `book_word` VALUES (176, 3309, 442, '隐\\2020042120210601.jpg');
INSERT INTO `book_word` VALUES (177, 2174, 442, '石\\2020042120210605.jpg');
INSERT INTO `book_word` VALUES (178, 1572, 442, '桃\\2020042120210610.jpg');
INSERT INTO `book_word` VALUES (179, 1763, 442, '洞\\2020042120210615.jpg');
INSERT INTO `book_word` VALUES (180, 3309, 442, '隐\\2020042120210619.jpg');
INSERT INTO `book_word` VALUES (181, 2187, 442, '砾\\2020042120210623.jpg');
INSERT INTO `book_word` VALUES (182, 2630, 442, '花\\2020042120210628.jpg');
INSERT INTO `book_word` VALUES (183, 629, 442, '在\\2020042120210634.jpg');
INSERT INTO `book_word` VALUES (184, 3391, 442, '飞\\2020042120210639.jpg');
INSERT INTO `book_word` VALUES (185, 2852, 442, '西\\2020042120210646.jpg');
INSERT INTO `book_word` VALUES (186, 878, 442, '尽\\2020042120210651.jpg');
INSERT INTO `book_word` VALUES (187, 1750, 442, '注\\2020042120210657.jpg');
INSERT INTO `book_word` VALUES (188, 705, 442, '夕\\2020042120210663.jpg');
INSERT INTO `book_word` VALUES (189, 881, 442, '局\\2020042120210668.jpg');
INSERT INTO `book_word` VALUES (190, 1580, 442, '桥\\2020042120210674.jpg');
INSERT INTO `book_word` VALUES (191, 2061, 442, '畔\\2020042120210684.jpg');
INSERT INTO `book_word` VALUES (192, 1422, 442, '日\\2020042120210689.jpg');
INSERT INTO `book_word` VALUES (193, 1847, 442, '溪\\2020042120210694.jpg');
INSERT INTO `book_word` VALUES (194, 3310, 442, '隔\\20200421202106100.jpg');
INSERT INTO `book_word` VALUES (195, 3262, 442, '问\\20200421202106106.jpg');
INSERT INTO `book_word` VALUES (196, 3308, 442, '随\\20200421202106112.jpg');
INSERT INTO `book_word` VALUES (197, 146, 442, '何\\20200421202106118.jpg');
INSERT INTO `book_word` VALUES (198, 3189, 442, '野\\20200421202106123.jpg');
INSERT INTO `book_word` VALUES (199, 1825, 442, '渔\\20200421202106128.jpg');
INSERT INTO `book_word` VALUES (200, 1771, 442, '流\\20200421202106132.jpg');
INSERT INTO `book_word` VALUES (201, 701, 442, '处\\20200421202106138.jpg');
INSERT INTO `book_word` VALUES (202, 1916, 442, '烟\\20200421202106143.jpg');
INSERT INTO `book_word` VALUES (203, 2609, 442, '船\\20200421202106148.jpg');
INSERT INTO `book_word` VALUES (204, 1700, 442, '水\\20200421202106157.jpg');
INSERT INTO `book_word` VALUES (205, 3309, 442, '隐\\20200422154455808.jpg');
INSERT INTO `book_word` VALUES (206, 2174, 442, '石\\20200422154455814.jpg');
INSERT INTO `book_word` VALUES (207, 1572, 442, '桃\\20200422154455819.jpg');
INSERT INTO `book_word` VALUES (208, 1763, 442, '洞\\20200422154455825.jpg');
INSERT INTO `book_word` VALUES (209, 3309, 442, '隐\\20200422154455829.jpg');
INSERT INTO `book_word` VALUES (210, 2187, 442, '砾\\20200422154455834.jpg');
INSERT INTO `book_word` VALUES (211, 2630, 442, '花\\20200422154455838.jpg');
INSERT INTO `book_word` VALUES (212, 629, 442, '在\\20200422154455843.jpg');
INSERT INTO `book_word` VALUES (213, 3391, 442, '飞\\20200422154455848.jpg');
INSERT INTO `book_word` VALUES (214, 2852, 442, '西\\20200422154455853.jpg');
INSERT INTO `book_word` VALUES (215, 878, 442, '尽\\20200422154455858.jpg');
INSERT INTO `book_word` VALUES (216, 1750, 442, '注\\20200422154455863.jpg');
INSERT INTO `book_word` VALUES (217, 705, 442, '夕\\20200422154455868.jpg');
INSERT INTO `book_word` VALUES (218, 881, 442, '局\\20200422154455873.jpg');
INSERT INTO `book_word` VALUES (219, 1580, 442, '桥\\20200422154455877.jpg');
INSERT INTO `book_word` VALUES (220, 2061, 442, '畔\\20200422154455882.jpg');
INSERT INTO `book_word` VALUES (221, 1422, 442, '日\\20200422154455887.jpg');
INSERT INTO `book_word` VALUES (222, 1847, 442, '溪\\20200422154455892.jpg');
INSERT INTO `book_word` VALUES (223, 3310, 442, '隔\\20200422154455897.jpg');
INSERT INTO `book_word` VALUES (224, 3262, 442, '问\\20200422154455901.jpg');
INSERT INTO `book_word` VALUES (225, 3308, 442, '随\\20200422154455906.jpg');
INSERT INTO `book_word` VALUES (226, 146, 442, '何\\20200422154455910.jpg');
INSERT INTO `book_word` VALUES (227, 3189, 442, '野\\20200422154455915.jpg');
INSERT INTO `book_word` VALUES (228, 1825, 442, '渔\\20200422154455920.jpg');
INSERT INTO `book_word` VALUES (229, 1771, 442, '流\\20200422154455925.jpg');
INSERT INTO `book_word` VALUES (230, 701, 442, '处\\20200422154455930.jpg');
INSERT INTO `book_word` VALUES (231, 1916, 442, '烟\\20200422154455935.jpg');
INSERT INTO `book_word` VALUES (232, 2609, 442, '船\\20200422154455940.jpg');
INSERT INTO `book_word` VALUES (233, 1700, 442, '水\\20200422154455945.jpg');
INSERT INTO `book_word` VALUES (234, 1947, 441, '爆\\20200422173154864.jpg');
INSERT INTO `book_word` VALUES (235, 1443, 441, '春\\20200422173154873.jpg');
INSERT INTO `book_word` VALUES (236, 384, 441, '千\\20200422173154879.jpg');
INSERT INTO `book_word` VALUES (237, 1078, 441, '总\\20200422173154885.jpg');
INSERT INTO `book_word` VALUES (238, 2301, 441, '竹\\20200422173154900.jpg');
INSERT INTO `book_word` VALUES (239, 3388, 441, '风\\20200422173154906.jpg');
INSERT INTO `book_word` VALUES (240, 1199, 441, '把\\20200422173154912.jpg');
INSERT INTO `book_word` VALUES (241, 875, 441, '尸\\20200422173154917.jpg');
INSERT INTO `book_word` VALUES (242, 544, 441, '哩\\20200422173154923.jpg');
INSERT INTO `book_word` VALUES (243, 697, 441, '声\\20200422173154928.jpg');
INSERT INTO `book_word` VALUES (244, 3115, 441, '送\\20200422173154935.jpg');
INSERT INTO `book_word` VALUES (245, 4, 441, '万\\20200422173154940.jpg');
INSERT INTO `book_word` VALUES (246, 1412, 441, '新\\20200422173154946.jpg');
INSERT INTO `book_word` VALUES (247, 27, 441, '中\\20200422173154952.jpg');
INSERT INTO `book_word` VALUES (248, 1471, 441, '暖\\20200422173154958.jpg');
INSERT INTO `book_word` VALUES (249, 1168, 441, '户\\20200422173154964.jpg');
INSERT INTO `book_word` VALUES (250, 1572, 441, '桃\\20200422173154971.jpg');
INSERT INTO `book_word` VALUES (251, 236, 441, '入\\20200422173154976.jpg');
INSERT INTO `book_word` VALUES (252, 2164, 441, '瞳\\20200422173154981.jpg');
INSERT INTO `book_word` VALUES (253, 1290, 441, '换\\20200422173154987.jpg');
INSERT INTO `book_word` VALUES (254, 901, 441, '岁\\20200422173154992.jpg');
INSERT INTO `book_word` VALUES (255, 894, 441, '屠\\20200422173154996.jpg');
INSERT INTO `book_word` VALUES (256, 2164, 441, '瞳\\2020042217315501.jpg');
INSERT INTO `book_word` VALUES (257, 1424, 441, '旧\\2020042217315507.jpg');
INSERT INTO `book_word` VALUES (258, 3299, 441, '除\\2020042217315512.jpg');
INSERT INTO `book_word` VALUES (259, 2636, 441, '苏\\2020042217315516.jpg');
INSERT INTO `book_word` VALUES (260, 1422, 441, '日\\2020042217315521.jpg');
INSERT INTO `book_word` VALUES (261, 3309, 448, '隐\\20200422195119538.jpg');
INSERT INTO `book_word` VALUES (262, 2174, 448, '石\\20200422195119544.jpg');
INSERT INTO `book_word` VALUES (263, 1572, 448, '桃\\20200422195119552.jpg');
INSERT INTO `book_word` VALUES (264, 1763, 448, '洞\\20200422195119557.jpg');
INSERT INTO `book_word` VALUES (265, 3309, 448, '隐\\20200422195119564.jpg');
INSERT INTO `book_word` VALUES (266, 2187, 448, '砾\\20200422195119569.jpg');
INSERT INTO `book_word` VALUES (267, 2630, 448, '花\\20200422195119575.jpg');
INSERT INTO `book_word` VALUES (268, 629, 448, '在\\20200422195119580.jpg');
INSERT INTO `book_word` VALUES (269, 3391, 448, '飞\\20200422195119585.jpg');
INSERT INTO `book_word` VALUES (270, 2852, 448, '西\\20200422195119596.jpg');
INSERT INTO `book_word` VALUES (271, 878, 448, '尽\\20200422195119601.jpg');
INSERT INTO `book_word` VALUES (272, 1750, 448, '注\\20200422195119606.jpg');
INSERT INTO `book_word` VALUES (273, 705, 448, '夕\\20200422195119616.jpg');
INSERT INTO `book_word` VALUES (274, 881, 448, '局\\20200422195119622.jpg');
INSERT INTO `book_word` VALUES (275, 1580, 448, '桥\\20200422195119627.jpg');
INSERT INTO `book_word` VALUES (276, 2061, 448, '畔\\20200422195119633.jpg');
INSERT INTO `book_word` VALUES (277, 1422, 448, '日\\20200422195119638.jpg');
INSERT INTO `book_word` VALUES (278, 1847, 448, '溪\\20200422195119643.jpg');
INSERT INTO `book_word` VALUES (279, 3310, 448, '隔\\20200422195119648.jpg');
INSERT INTO `book_word` VALUES (280, 3262, 448, '问\\20200422195119653.jpg');
INSERT INTO `book_word` VALUES (281, 3308, 448, '随\\20200422195119658.jpg');
INSERT INTO `book_word` VALUES (282, 146, 448, '何\\20200422195119664.jpg');
INSERT INTO `book_word` VALUES (283, 3189, 448, '野\\20200422195119670.jpg');
INSERT INTO `book_word` VALUES (284, 1825, 448, '渔\\20200422195119675.jpg');
INSERT INTO `book_word` VALUES (285, 1771, 448, '流\\20200422195119680.jpg');
INSERT INTO `book_word` VALUES (286, 701, 448, '处\\20200422195119685.jpg');
INSERT INTO `book_word` VALUES (287, 1916, 448, '烟\\20200422195119690.jpg');
INSERT INTO `book_word` VALUES (288, 2609, 448, '船\\20200422195119696.jpg');
INSERT INTO `book_word` VALUES (289, 1700, 448, '水\\20200422195119706.jpg');
INSERT INTO `book_word` VALUES (290, 3309, 448, '隐\\20200422195158835.jpg');
INSERT INTO `book_word` VALUES (291, 2174, 448, '石\\20200422195158839.jpg');
INSERT INTO `book_word` VALUES (292, 1572, 448, '桃\\20200422195158844.jpg');
INSERT INTO `book_word` VALUES (293, 1763, 448, '洞\\20200422195158848.jpg');
INSERT INTO `book_word` VALUES (294, 3309, 448, '隐\\20200422195158852.jpg');
INSERT INTO `book_word` VALUES (295, 2187, 448, '砾\\20200422195158856.jpg');
INSERT INTO `book_word` VALUES (296, 2630, 448, '花\\20200422195158862.jpg');
INSERT INTO `book_word` VALUES (297, 629, 448, '在\\20200422195158866.jpg');
INSERT INTO `book_word` VALUES (298, 3391, 448, '飞\\20200422195158876.jpg');
INSERT INTO `book_word` VALUES (299, 2852, 448, '西\\20200422195158882.jpg');
INSERT INTO `book_word` VALUES (300, 878, 448, '尽\\20200422195158887.jpg');
INSERT INTO `book_word` VALUES (301, 1750, 448, '注\\20200422195158892.jpg');
INSERT INTO `book_word` VALUES (302, 705, 448, '夕\\20200422195158897.jpg');
INSERT INTO `book_word` VALUES (303, 881, 448, '局\\20200422195158902.jpg');
INSERT INTO `book_word` VALUES (304, 1580, 448, '桥\\20200422195158906.jpg');
INSERT INTO `book_word` VALUES (305, 2061, 448, '畔\\20200422195158912.jpg');
INSERT INTO `book_word` VALUES (306, 1422, 448, '日\\20200422195158917.jpg');
INSERT INTO `book_word` VALUES (307, 1847, 448, '溪\\20200422195158921.jpg');
INSERT INTO `book_word` VALUES (308, 3310, 448, '隔\\20200422195158926.jpg');
INSERT INTO `book_word` VALUES (309, 3262, 448, '问\\20200422195158930.jpg');
INSERT INTO `book_word` VALUES (310, 3308, 448, '随\\20200422195158935.jpg');
INSERT INTO `book_word` VALUES (311, 146, 448, '何\\20200422195158940.jpg');
INSERT INTO `book_word` VALUES (312, 3189, 448, '野\\20200422195158946.jpg');
INSERT INTO `book_word` VALUES (313, 1825, 448, '渔\\20200422195158951.jpg');
INSERT INTO `book_word` VALUES (314, 1771, 448, '流\\20200422195158956.jpg');
INSERT INTO `book_word` VALUES (315, 701, 448, '处\\20200422195158960.jpg');
INSERT INTO `book_word` VALUES (316, 1916, 448, '烟\\20200422195158965.jpg');
INSERT INTO `book_word` VALUES (317, 2609, 448, '船\\20200422195158970.jpg');
INSERT INTO `book_word` VALUES (318, 1700, 448, '水\\20200422195158975.jpg');
INSERT INTO `book_word` VALUES (319, 1947, 447, '爆\\20200422195828237.jpg');
INSERT INTO `book_word` VALUES (320, 1443, 447, '春\\20200422195828241.jpg');
INSERT INTO `book_word` VALUES (321, 384, 447, '千\\20200422195828246.jpg');
INSERT INTO `book_word` VALUES (322, 1078, 447, '总\\20200422195828251.jpg');
INSERT INTO `book_word` VALUES (323, 2301, 447, '竹\\20200422195828255.jpg');
INSERT INTO `book_word` VALUES (324, 3388, 447, '风\\20200422195828259.jpg');
INSERT INTO `book_word` VALUES (325, 1199, 447, '把\\20200422195828264.jpg');
INSERT INTO `book_word` VALUES (326, 875, 447, '尸\\20200422195828268.jpg');
INSERT INTO `book_word` VALUES (327, 544, 447, '哩\\20200422195828273.jpg');
INSERT INTO `book_word` VALUES (328, 697, 447, '声\\20200422195828277.jpg');
INSERT INTO `book_word` VALUES (329, 3115, 447, '送\\20200422195828282.jpg');
INSERT INTO `book_word` VALUES (330, 4, 447, '万\\20200422195828286.jpg');
INSERT INTO `book_word` VALUES (331, 1412, 447, '新\\20200422195828290.jpg');
INSERT INTO `book_word` VALUES (332, 27, 447, '中\\20200422195828294.jpg');
INSERT INTO `book_word` VALUES (333, 1471, 447, '暖\\20200422195828299.jpg');
INSERT INTO `book_word` VALUES (334, 1168, 447, '户\\20200422195828304.jpg');
INSERT INTO `book_word` VALUES (335, 1572, 447, '桃\\20200422195828308.jpg');
INSERT INTO `book_word` VALUES (336, 236, 447, '入\\20200422195828313.jpg');
INSERT INTO `book_word` VALUES (337, 2164, 447, '瞳\\20200422195828317.jpg');
INSERT INTO `book_word` VALUES (338, 1290, 447, '换\\20200422195828321.jpg');
INSERT INTO `book_word` VALUES (339, 901, 447, '岁\\20200422195828325.jpg');
INSERT INTO `book_word` VALUES (340, 894, 447, '屠\\20200422195828329.jpg');
INSERT INTO `book_word` VALUES (341, 2164, 447, '瞳\\20200422195828338.jpg');
INSERT INTO `book_word` VALUES (342, 1424, 447, '旧\\20200422195828343.jpg');
INSERT INTO `book_word` VALUES (343, 3299, 447, '除\\20200422195828346.jpg');
INSERT INTO `book_word` VALUES (344, 2636, 447, '苏\\20200422195828350.jpg');
INSERT INTO `book_word` VALUES (345, 1422, 447, '日\\20200422195828355.jpg');
INSERT INTO `book_word` VALUES (346, 3309, 446, '隐\\20200422201526205.jpg');
INSERT INTO `book_word` VALUES (347, 2174, 446, '石\\20200422201526211.jpg');
INSERT INTO `book_word` VALUES (348, 1572, 446, '桃\\20200422201526218.jpg');
INSERT INTO `book_word` VALUES (349, 1763, 446, '洞\\20200422201526224.jpg');
INSERT INTO `book_word` VALUES (350, 3309, 446, '隐\\20200422201526230.jpg');
INSERT INTO `book_word` VALUES (351, 2187, 446, '砾\\20200422201526236.jpg');
INSERT INTO `book_word` VALUES (352, 2630, 446, '花\\20200422201526242.jpg');
INSERT INTO `book_word` VALUES (353, 629, 446, '在\\20200422201526246.jpg');
INSERT INTO `book_word` VALUES (354, 3391, 446, '飞\\20200422201526252.jpg');
INSERT INTO `book_word` VALUES (355, 2852, 446, '西\\20200422201526257.jpg');
INSERT INTO `book_word` VALUES (356, 878, 446, '尽\\20200422201526262.jpg');
INSERT INTO `book_word` VALUES (357, 1750, 446, '注\\20200422201526266.jpg');
INSERT INTO `book_word` VALUES (358, 705, 446, '夕\\20200422201526272.jpg');
INSERT INTO `book_word` VALUES (359, 881, 446, '局\\20200422201526276.jpg');
INSERT INTO `book_word` VALUES (360, 1580, 446, '桥\\20200422201526282.jpg');
INSERT INTO `book_word` VALUES (361, 2061, 446, '畔\\20200422201526288.jpg');
INSERT INTO `book_word` VALUES (362, 1422, 446, '日\\20200422201526294.jpg');
INSERT INTO `book_word` VALUES (363, 1847, 446, '溪\\20200422201526299.jpg');
INSERT INTO `book_word` VALUES (364, 3310, 446, '隔\\20200422201526305.jpg');
INSERT INTO `book_word` VALUES (365, 3262, 446, '问\\20200422201526310.jpg');
INSERT INTO `book_word` VALUES (366, 3308, 446, '随\\20200422201526316.jpg');
INSERT INTO `book_word` VALUES (367, 146, 446, '何\\20200422201526326.jpg');
INSERT INTO `book_word` VALUES (368, 3189, 446, '野\\20200422201526332.jpg');
INSERT INTO `book_word` VALUES (369, 1825, 446, '渔\\20200422201526337.jpg');
INSERT INTO `book_word` VALUES (370, 1771, 446, '流\\20200422201526342.jpg');
INSERT INTO `book_word` VALUES (371, 701, 446, '处\\20200422201526347.jpg');
INSERT INTO `book_word` VALUES (372, 1916, 446, '烟\\20200422201526352.jpg');
INSERT INTO `book_word` VALUES (373, 2609, 446, '船\\20200422201526361.jpg');
INSERT INTO `book_word` VALUES (374, 1700, 446, '水\\20200422201526366.jpg');
INSERT INTO `book_word` VALUES (375, 1947, 445, '爆\\20200422201945180.jpg');
INSERT INTO `book_word` VALUES (376, 1443, 445, '春\\20200422201945187.jpg');
INSERT INTO `book_word` VALUES (377, 384, 445, '千\\20200422201945194.jpg');
INSERT INTO `book_word` VALUES (378, 1078, 445, '总\\20200422201945200.jpg');
INSERT INTO `book_word` VALUES (379, 2301, 445, '竹\\20200422201945206.jpg');
INSERT INTO `book_word` VALUES (380, 3388, 445, '风\\20200422201945212.jpg');
INSERT INTO `book_word` VALUES (381, 1199, 445, '把\\20200422201945216.jpg');
INSERT INTO `book_word` VALUES (382, 875, 445, '尸\\20200422201945222.jpg');
INSERT INTO `book_word` VALUES (383, 544, 445, '哩\\20200422201945227.jpg');
INSERT INTO `book_word` VALUES (384, 697, 445, '声\\20200422201945232.jpg');
INSERT INTO `book_word` VALUES (385, 3115, 445, '送\\20200422201945237.jpg');
INSERT INTO `book_word` VALUES (386, 4, 445, '万\\20200422201945242.jpg');
INSERT INTO `book_word` VALUES (387, 1412, 445, '新\\20200422201945247.jpg');
INSERT INTO `book_word` VALUES (388, 27, 445, '中\\20200422201945252.jpg');
INSERT INTO `book_word` VALUES (389, 1471, 445, '暖\\20200422201945258.jpg');
INSERT INTO `book_word` VALUES (390, 1168, 445, '户\\20200422201945263.jpg');
INSERT INTO `book_word` VALUES (391, 1572, 445, '桃\\20200422201945269.jpg');
INSERT INTO `book_word` VALUES (392, 236, 445, '入\\20200422201945274.jpg');
INSERT INTO `book_word` VALUES (393, 2164, 445, '瞳\\20200422201945279.jpg');
INSERT INTO `book_word` VALUES (394, 1290, 445, '换\\20200422201945283.jpg');
INSERT INTO `book_word` VALUES (395, 901, 445, '岁\\20200422201945288.jpg');
INSERT INTO `book_word` VALUES (396, 894, 445, '屠\\20200422201945293.jpg');
INSERT INTO `book_word` VALUES (397, 2164, 445, '瞳\\20200422201945298.jpg');
INSERT INTO `book_word` VALUES (398, 1424, 445, '旧\\20200422201945303.jpg');
INSERT INTO `book_word` VALUES (399, 3299, 445, '除\\20200422201945309.jpg');
INSERT INTO `book_word` VALUES (400, 2636, 445, '苏\\20200422201945314.jpg');
INSERT INTO `book_word` VALUES (401, 1422, 445, '日\\20200422201945324.jpg');
INSERT INTO `book_word` VALUES (402, 3309, 444, '隐\\20200422203516560.jpg');
INSERT INTO `book_word` VALUES (403, 2174, 444, '石\\20200422203516567.jpg');
INSERT INTO `book_word` VALUES (404, 1572, 444, '桃\\20200422203516572.jpg');
INSERT INTO `book_word` VALUES (405, 1763, 444, '洞\\20200422203516578.jpg');
INSERT INTO `book_word` VALUES (406, 3309, 444, '隐\\20200422203516585.jpg');
INSERT INTO `book_word` VALUES (407, 2187, 444, '砾\\20200422203516590.jpg');
INSERT INTO `book_word` VALUES (408, 2630, 444, '花\\20200422203516596.jpg');
INSERT INTO `book_word` VALUES (409, 629, 444, '在\\20200422203516601.jpg');
INSERT INTO `book_word` VALUES (410, 3391, 444, '飞\\20200422203516606.jpg');
INSERT INTO `book_word` VALUES (411, 2852, 444, '西\\20200422203516613.jpg');
INSERT INTO `book_word` VALUES (412, 878, 444, '尽\\20200422203516619.jpg');
INSERT INTO `book_word` VALUES (413, 1750, 444, '注\\20200422203516624.jpg');
INSERT INTO `book_word` VALUES (414, 705, 444, '夕\\20200422203516629.jpg');
INSERT INTO `book_word` VALUES (415, 881, 444, '局\\20200422203516646.jpg');
INSERT INTO `book_word` VALUES (416, 1580, 444, '桥\\20200422203516651.jpg');
INSERT INTO `book_word` VALUES (417, 2061, 444, '畔\\20200422203516658.jpg');
INSERT INTO `book_word` VALUES (418, 1422, 444, '日\\20200422203516665.jpg');
INSERT INTO `book_word` VALUES (419, 1847, 444, '溪\\20200422203516671.jpg');
INSERT INTO `book_word` VALUES (420, 3310, 444, '隔\\20200422203516675.jpg');
INSERT INTO `book_word` VALUES (421, 3262, 444, '问\\20200422203516680.jpg');
INSERT INTO `book_word` VALUES (422, 3308, 444, '随\\20200422203516686.jpg');
INSERT INTO `book_word` VALUES (423, 146, 444, '何\\20200422203516690.jpg');
INSERT INTO `book_word` VALUES (424, 3189, 444, '野\\20200422203516695.jpg');
INSERT INTO `book_word` VALUES (425, 1825, 444, '渔\\20200422203516700.jpg');
INSERT INTO `book_word` VALUES (426, 1771, 444, '流\\20200422203516704.jpg');
INSERT INTO `book_word` VALUES (427, 701, 444, '处\\20200422203516709.jpg');
INSERT INTO `book_word` VALUES (428, 1916, 444, '烟\\20200422203516714.jpg');
INSERT INTO `book_word` VALUES (429, 2609, 444, '船\\20200422203516719.jpg');
INSERT INTO `book_word` VALUES (430, 1700, 444, '水\\20200422203516725.jpg');
INSERT INTO `book_word` VALUES (431, 1947, 443, '爆\\20200422205543281.jpg');
INSERT INTO `book_word` VALUES (432, 1443, 443, '春\\20200422205543287.jpg');
INSERT INTO `book_word` VALUES (433, 384, 443, '千\\20200422205543292.jpg');
INSERT INTO `book_word` VALUES (434, 1078, 443, '总\\20200422205543298.jpg');
INSERT INTO `book_word` VALUES (435, 2301, 443, '竹\\20200422205543303.jpg');
INSERT INTO `book_word` VALUES (436, 3388, 443, '风\\20200422205543309.jpg');
INSERT INTO `book_word` VALUES (437, 1199, 443, '把\\20200422205543314.jpg');
INSERT INTO `book_word` VALUES (438, 875, 443, '尸\\20200422205543320.jpg');
INSERT INTO `book_word` VALUES (439, 544, 443, '哩\\20200422205543325.jpg');
INSERT INTO `book_word` VALUES (440, 697, 443, '声\\20200422205543331.jpg');
INSERT INTO `book_word` VALUES (441, 3115, 443, '送\\20200422205543336.jpg');
INSERT INTO `book_word` VALUES (442, 4, 443, '万\\20200422205543341.jpg');
INSERT INTO `book_word` VALUES (443, 1412, 443, '新\\20200422205543346.jpg');
INSERT INTO `book_word` VALUES (444, 27, 443, '中\\20200422205543352.jpg');
INSERT INTO `book_word` VALUES (445, 1471, 443, '暖\\20200422205543357.jpg');
INSERT INTO `book_word` VALUES (446, 1168, 443, '户\\20200422205543363.jpg');
INSERT INTO `book_word` VALUES (447, 1572, 443, '桃\\20200422205543369.jpg');
INSERT INTO `book_word` VALUES (448, 236, 443, '入\\20200422205543373.jpg');
INSERT INTO `book_word` VALUES (449, 2164, 443, '瞳\\20200422205543379.jpg');
INSERT INTO `book_word` VALUES (450, 1290, 443, '换\\20200422205543384.jpg');
INSERT INTO `book_word` VALUES (451, 901, 443, '岁\\20200422205543389.jpg');
INSERT INTO `book_word` VALUES (452, 894, 443, '屠\\20200422205543394.jpg');
INSERT INTO `book_word` VALUES (453, 2164, 443, '瞳\\20200422205543400.jpg');
INSERT INTO `book_word` VALUES (454, 1424, 443, '旧\\20200422205543405.jpg');
INSERT INTO `book_word` VALUES (455, 3299, 443, '除\\20200422205543412.jpg');
INSERT INTO `book_word` VALUES (456, 2636, 443, '苏\\20200422205543417.jpg');
INSERT INTO `book_word` VALUES (457, 1422, 443, '日\\20200422205543423.jpg');
INSERT INTO `book_word` VALUES (458, 1947, 445, '爆\\20200422210018881.jpg');
INSERT INTO `book_word` VALUES (459, 1443, 445, '春\\20200422210018886.jpg');
INSERT INTO `book_word` VALUES (460, 384, 445, '千\\20200422210018890.jpg');
INSERT INTO `book_word` VALUES (461, 1078, 445, '总\\20200422210018895.jpg');
INSERT INTO `book_word` VALUES (462, 2301, 445, '竹\\20200422210018900.jpg');
INSERT INTO `book_word` VALUES (463, 3388, 445, '风\\20200422210018904.jpg');
INSERT INTO `book_word` VALUES (464, 1199, 445, '把\\20200422210018909.jpg');
INSERT INTO `book_word` VALUES (465, 875, 445, '尸\\20200422210018913.jpg');
INSERT INTO `book_word` VALUES (466, 544, 445, '哩\\20200422210018918.jpg');
INSERT INTO `book_word` VALUES (467, 697, 445, '声\\20200422210018923.jpg');
INSERT INTO `book_word` VALUES (468, 3115, 445, '送\\20200422210018928.jpg');
INSERT INTO `book_word` VALUES (469, 4, 445, '万\\20200422210018932.jpg');
INSERT INTO `book_word` VALUES (470, 1412, 445, '新\\20200422210018937.jpg');
INSERT INTO `book_word` VALUES (471, 27, 445, '中\\20200422210018941.jpg');
INSERT INTO `book_word` VALUES (472, 1471, 445, '暖\\20200422210018946.jpg');
INSERT INTO `book_word` VALUES (473, 1168, 445, '户\\20200422210018950.jpg');
INSERT INTO `book_word` VALUES (474, 1572, 445, '桃\\20200422210018954.jpg');
INSERT INTO `book_word` VALUES (475, 236, 445, '入\\20200422210018959.jpg');
INSERT INTO `book_word` VALUES (476, 2164, 445, '瞳\\20200422210018963.jpg');
INSERT INTO `book_word` VALUES (477, 1290, 445, '换\\20200422210018968.jpg');
INSERT INTO `book_word` VALUES (478, 901, 445, '岁\\20200422210018972.jpg');
INSERT INTO `book_word` VALUES (479, 894, 445, '屠\\20200422210018977.jpg');
INSERT INTO `book_word` VALUES (480, 2164, 445, '瞳\\20200422210018982.jpg');
INSERT INTO `book_word` VALUES (481, 1424, 445, '旧\\20200422210018986.jpg');
INSERT INTO `book_word` VALUES (482, 3299, 445, '除\\20200422210018991.jpg');
INSERT INTO `book_word` VALUES (483, 2636, 445, '苏\\2020042221001911.jpg');
INSERT INTO `book_word` VALUES (484, 1422, 445, '日\\2020042221001924.jpg');
INSERT INTO `book_word` VALUES (485, 3309, 450, '隐\\20200422210956130.jpg');
INSERT INTO `book_word` VALUES (486, 2174, 450, '石\\20200422210956135.jpg');
INSERT INTO `book_word` VALUES (487, 1572, 450, '桃\\20200422210956141.jpg');
INSERT INTO `book_word` VALUES (488, 1763, 450, '洞\\20200422210956146.jpg');
INSERT INTO `book_word` VALUES (489, 3309, 450, '隐\\20200422210956151.jpg');
INSERT INTO `book_word` VALUES (490, 2187, 450, '砾\\20200422210956156.jpg');
INSERT INTO `book_word` VALUES (491, 2630, 450, '花\\20200422210956162.jpg');
INSERT INTO `book_word` VALUES (492, 629, 450, '在\\20200422210956167.jpg');
INSERT INTO `book_word` VALUES (493, 3391, 450, '飞\\20200422210956173.jpg');
INSERT INTO `book_word` VALUES (494, 2852, 450, '西\\20200422210956180.jpg');
INSERT INTO `book_word` VALUES (495, 878, 450, '尽\\20200422210956232.jpg');
INSERT INTO `book_word` VALUES (496, 1750, 450, '注\\20200422210956238.jpg');
INSERT INTO `book_word` VALUES (497, 705, 450, '夕\\20200422210956243.jpg');
INSERT INTO `book_word` VALUES (498, 881, 450, '局\\20200422210956249.jpg');
INSERT INTO `book_word` VALUES (499, 1580, 450, '桥\\20200422210956254.jpg');
INSERT INTO `book_word` VALUES (500, 2061, 450, '畔\\20200422210956260.jpg');
INSERT INTO `book_word` VALUES (501, 1422, 450, '日\\20200422210956265.jpg');
INSERT INTO `book_word` VALUES (502, 1847, 450, '溪\\20200422210956271.jpg');
INSERT INTO `book_word` VALUES (503, 3310, 450, '隔\\20200422210956276.jpg');
INSERT INTO `book_word` VALUES (504, 3262, 450, '问\\20200422210956282.jpg');
INSERT INTO `book_word` VALUES (505, 3308, 450, '随\\20200422210956287.jpg');
INSERT INTO `book_word` VALUES (506, 146, 450, '何\\20200422210956298.jpg');
INSERT INTO `book_word` VALUES (507, 3189, 450, '野\\20200422210956303.jpg');
INSERT INTO `book_word` VALUES (508, 1825, 450, '渔\\20200422210956308.jpg');
INSERT INTO `book_word` VALUES (509, 1771, 450, '流\\20200422210956313.jpg');
INSERT INTO `book_word` VALUES (510, 701, 450, '处\\20200422210956318.jpg');
INSERT INTO `book_word` VALUES (511, 1916, 450, '烟\\20200422210956323.jpg');
INSERT INTO `book_word` VALUES (512, 2609, 450, '船\\20200422210956328.jpg');
INSERT INTO `book_word` VALUES (513, 1700, 450, '水\\20200422210956333.jpg');
INSERT INTO `book_word` VALUES (514, 1947, 449, '爆\\20200422211208670.jpg');
INSERT INTO `book_word` VALUES (515, 1443, 449, '春\\20200422211208674.jpg');
INSERT INTO `book_word` VALUES (516, 384, 449, '千\\20200422211208678.jpg');
INSERT INTO `book_word` VALUES (517, 1078, 449, '总\\20200422211208682.jpg');
INSERT INTO `book_word` VALUES (518, 2301, 449, '竹\\20200422211208687.jpg');
INSERT INTO `book_word` VALUES (519, 3388, 449, '风\\20200422211208691.jpg');
INSERT INTO `book_word` VALUES (520, 1199, 449, '把\\20200422211208695.jpg');
INSERT INTO `book_word` VALUES (521, 875, 449, '尸\\20200422211208699.jpg');
INSERT INTO `book_word` VALUES (522, 544, 449, '哩\\20200422211208707.jpg');
INSERT INTO `book_word` VALUES (523, 697, 449, '声\\20200422211208712.jpg');
INSERT INTO `book_word` VALUES (524, 3115, 449, '送\\20200422211208717.jpg');
INSERT INTO `book_word` VALUES (525, 4, 449, '万\\20200422211208721.jpg');
INSERT INTO `book_word` VALUES (526, 1412, 449, '新\\20200422211208726.jpg');
INSERT INTO `book_word` VALUES (527, 27, 449, '中\\20200422211208731.jpg');
INSERT INTO `book_word` VALUES (528, 1471, 449, '暖\\20200422211208736.jpg');
INSERT INTO `book_word` VALUES (529, 1168, 449, '户\\20200422211208741.jpg');
INSERT INTO `book_word` VALUES (530, 1572, 449, '桃\\20200422211208745.jpg');
INSERT INTO `book_word` VALUES (531, 236, 449, '入\\20200422211208750.jpg');
INSERT INTO `book_word` VALUES (532, 2164, 449, '瞳\\20200422211208755.jpg');
INSERT INTO `book_word` VALUES (533, 1290, 449, '换\\20200422211208759.jpg');
INSERT INTO `book_word` VALUES (534, 901, 449, '岁\\20200422211208768.jpg');
INSERT INTO `book_word` VALUES (535, 894, 449, '屠\\20200422211208778.jpg');
INSERT INTO `book_word` VALUES (536, 2164, 449, '瞳\\20200422211208783.jpg');
INSERT INTO `book_word` VALUES (537, 1424, 449, '旧\\20200422211208787.jpg');
INSERT INTO `book_word` VALUES (538, 3299, 449, '除\\20200422211208792.jpg');
INSERT INTO `book_word` VALUES (539, 2636, 449, '苏\\20200422211208797.jpg');
INSERT INTO `book_word` VALUES (540, 1422, 449, '日\\20200422211208802.jpg');
INSERT INTO `book_word` VALUES (541, 1947, 451, '爆\\20200422212138726.jpg');
INSERT INTO `book_word` VALUES (542, 1443, 451, '春\\20200422212138733.jpg');
INSERT INTO `book_word` VALUES (543, 384, 451, '千\\20200422212138739.jpg');
INSERT INTO `book_word` VALUES (544, 1078, 451, '总\\20200422212138745.jpg');
INSERT INTO `book_word` VALUES (545, 2301, 451, '竹\\20200422212138751.jpg');
INSERT INTO `book_word` VALUES (546, 3388, 451, '风\\20200422212138757.jpg');
INSERT INTO `book_word` VALUES (547, 1199, 451, '把\\20200422212138763.jpg');
INSERT INTO `book_word` VALUES (548, 875, 451, '尸\\20200422212138768.jpg');
INSERT INTO `book_word` VALUES (549, 544, 451, '哩\\20200422212138773.jpg');
INSERT INTO `book_word` VALUES (550, 697, 451, '声\\20200422212138778.jpg');
INSERT INTO `book_word` VALUES (551, 3115, 451, '送\\20200422212138784.jpg');
INSERT INTO `book_word` VALUES (552, 4, 451, '万\\20200422212138789.jpg');
INSERT INTO `book_word` VALUES (553, 1412, 451, '新\\20200422212138795.jpg');
INSERT INTO `book_word` VALUES (554, 27, 451, '中\\20200422212138801.jpg');
INSERT INTO `book_word` VALUES (555, 1471, 451, '暖\\20200422212138806.jpg');
INSERT INTO `book_word` VALUES (556, 1168, 451, '户\\20200422212138812.jpg');
INSERT INTO `book_word` VALUES (557, 1572, 451, '桃\\20200422212138817.jpg');
INSERT INTO `book_word` VALUES (558, 236, 451, '入\\20200422212138822.jpg');
INSERT INTO `book_word` VALUES (559, 2164, 451, '瞳\\20200422212138826.jpg');
INSERT INTO `book_word` VALUES (560, 1290, 451, '换\\20200422212138831.jpg');
INSERT INTO `book_word` VALUES (561, 901, 451, '岁\\20200422212138835.jpg');
INSERT INTO `book_word` VALUES (562, 894, 451, '屠\\20200422212138841.jpg');
INSERT INTO `book_word` VALUES (563, 2164, 451, '瞳\\20200422212138847.jpg');
INSERT INTO `book_word` VALUES (564, 1424, 451, '旧\\20200422212138852.jpg');
INSERT INTO `book_word` VALUES (565, 3299, 451, '除\\20200422212138862.jpg');
INSERT INTO `book_word` VALUES (566, 2636, 451, '苏\\20200422212138867.jpg');
INSERT INTO `book_word` VALUES (567, 1422, 451, '日\\20200422212138872.jpg');
INSERT INTO `book_word` VALUES (568, 3309, 454, '隐\\20200422212550680.jpg');
INSERT INTO `book_word` VALUES (569, 2174, 454, '石\\20200422212550686.jpg');
INSERT INTO `book_word` VALUES (570, 1572, 454, '桃\\20200422212550691.jpg');
INSERT INTO `book_word` VALUES (571, 1763, 454, '洞\\20200422212550696.jpg');
INSERT INTO `book_word` VALUES (572, 3309, 454, '隐\\20200422212550701.jpg');
INSERT INTO `book_word` VALUES (573, 2187, 454, '砾\\20200422212550706.jpg');
INSERT INTO `book_word` VALUES (574, 2630, 454, '花\\20200422212550710.jpg');
INSERT INTO `book_word` VALUES (575, 629, 454, '在\\20200422212550714.jpg');
INSERT INTO `book_word` VALUES (576, 3391, 454, '飞\\20200422212550720.jpg');
INSERT INTO `book_word` VALUES (577, 2852, 454, '西\\20200422212550724.jpg');
INSERT INTO `book_word` VALUES (578, 878, 454, '尽\\20200422212550728.jpg');
INSERT INTO `book_word` VALUES (579, 1750, 454, '注\\20200422212550733.jpg');
INSERT INTO `book_word` VALUES (580, 705, 454, '夕\\20200422212550742.jpg');
INSERT INTO `book_word` VALUES (581, 881, 454, '局\\20200422212550747.jpg');
INSERT INTO `book_word` VALUES (582, 1580, 454, '桥\\20200422212550751.jpg');
INSERT INTO `book_word` VALUES (583, 2061, 454, '畔\\20200422212550757.jpg');
INSERT INTO `book_word` VALUES (584, 1422, 454, '日\\20200422212550762.jpg');
INSERT INTO `book_word` VALUES (585, 1847, 454, '溪\\20200422212550767.jpg');
INSERT INTO `book_word` VALUES (586, 3310, 454, '隔\\20200422212550777.jpg');
INSERT INTO `book_word` VALUES (587, 3262, 454, '问\\20200422212550781.jpg');
INSERT INTO `book_word` VALUES (588, 3308, 454, '随\\20200422212550786.jpg');
INSERT INTO `book_word` VALUES (589, 146, 454, '何\\20200422212550790.jpg');
INSERT INTO `book_word` VALUES (590, 3189, 454, '野\\20200422212550794.jpg');
INSERT INTO `book_word` VALUES (591, 1825, 454, '渔\\20200422212550800.jpg');
INSERT INTO `book_word` VALUES (592, 1771, 454, '流\\20200422212550804.jpg');
INSERT INTO `book_word` VALUES (593, 701, 454, '处\\20200422212550813.jpg');
INSERT INTO `book_word` VALUES (594, 1916, 454, '烟\\20200422212550817.jpg');
INSERT INTO `book_word` VALUES (595, 2609, 454, '船\\20200422212550821.jpg');
INSERT INTO `book_word` VALUES (596, 1700, 454, '水\\20200422212550830.jpg');
INSERT INTO `book_word` VALUES (597, 3309, 456, '隐\\20200422213258364.jpg');
INSERT INTO `book_word` VALUES (598, 2174, 456, '石\\20200422213258370.jpg');
INSERT INTO `book_word` VALUES (599, 1572, 456, '桃\\20200422213258375.jpg');
INSERT INTO `book_word` VALUES (600, 1763, 456, '洞\\20200422213258381.jpg');
INSERT INTO `book_word` VALUES (601, 3309, 456, '隐\\20200422213258386.jpg');
INSERT INTO `book_word` VALUES (602, 2187, 456, '砾\\20200422213258396.jpg');
INSERT INTO `book_word` VALUES (603, 2630, 456, '花\\20200422213258401.jpg');
INSERT INTO `book_word` VALUES (604, 629, 456, '在\\20200422213258406.jpg');
INSERT INTO `book_word` VALUES (605, 3391, 456, '飞\\20200422213258411.jpg');
INSERT INTO `book_word` VALUES (606, 2852, 456, '西\\20200422213258416.jpg');
INSERT INTO `book_word` VALUES (607, 878, 456, '尽\\20200422213258422.jpg');
INSERT INTO `book_word` VALUES (608, 1750, 456, '注\\20200422213258427.jpg');
INSERT INTO `book_word` VALUES (609, 705, 456, '夕\\20200422213258432.jpg');
INSERT INTO `book_word` VALUES (610, 881, 456, '局\\20200422213258438.jpg');
INSERT INTO `book_word` VALUES (611, 1580, 456, '桥\\20200422213258444.jpg');
INSERT INTO `book_word` VALUES (612, 2061, 456, '畔\\20200422213258450.jpg');
INSERT INTO `book_word` VALUES (613, 1422, 456, '日\\20200422213258456.jpg');
INSERT INTO `book_word` VALUES (614, 1847, 456, '溪\\20200422213258461.jpg');
INSERT INTO `book_word` VALUES (615, 3310, 456, '隔\\20200422213258466.jpg');
INSERT INTO `book_word` VALUES (616, 3262, 456, '问\\20200422213258472.jpg');
INSERT INTO `book_word` VALUES (617, 3308, 456, '随\\20200422213258477.jpg');
INSERT INTO `book_word` VALUES (618, 146, 456, '何\\20200422213258482.jpg');
INSERT INTO `book_word` VALUES (619, 3189, 456, '野\\20200422213258487.jpg');
INSERT INTO `book_word` VALUES (620, 1825, 456, '渔\\20200422213258492.jpg');
INSERT INTO `book_word` VALUES (621, 1771, 456, '流\\20200422213258497.jpg');
INSERT INTO `book_word` VALUES (622, 701, 456, '处\\20200422213258502.jpg');
INSERT INTO `book_word` VALUES (623, 1916, 456, '烟\\20200422213258507.jpg');
INSERT INTO `book_word` VALUES (624, 2609, 456, '船\\20200422213258512.jpg');
INSERT INTO `book_word` VALUES (625, 1700, 456, '水\\20200422213258517.jpg');
INSERT INTO `book_word` VALUES (626, 3309, 458, '隐\\20200422213641337.jpg');
INSERT INTO `book_word` VALUES (627, 2174, 458, '石\\20200422213641344.jpg');
INSERT INTO `book_word` VALUES (628, 1572, 458, '桃\\20200422213641349.jpg');
INSERT INTO `book_word` VALUES (629, 1763, 458, '洞\\20200422213641355.jpg');
INSERT INTO `book_word` VALUES (630, 3309, 458, '隐\\20200422213641361.jpg');
INSERT INTO `book_word` VALUES (631, 2187, 458, '砾\\20200422213641367.jpg');
INSERT INTO `book_word` VALUES (632, 2630, 458, '花\\20200422213641373.jpg');
INSERT INTO `book_word` VALUES (633, 629, 458, '在\\20200422213641378.jpg');
INSERT INTO `book_word` VALUES (634, 3391, 458, '飞\\20200422213641384.jpg');
INSERT INTO `book_word` VALUES (635, 2852, 458, '西\\20200422213641389.jpg');
INSERT INTO `book_word` VALUES (636, 878, 458, '尽\\20200422213641394.jpg');
INSERT INTO `book_word` VALUES (637, 1750, 458, '注\\20200422213641400.jpg');
INSERT INTO `book_word` VALUES (638, 705, 458, '夕\\20200422213641405.jpg');
INSERT INTO `book_word` VALUES (639, 881, 458, '局\\20200422213641410.jpg');
INSERT INTO `book_word` VALUES (640, 1580, 458, '桥\\20200422213641415.jpg');
INSERT INTO `book_word` VALUES (641, 2061, 458, '畔\\20200422213641421.jpg');
INSERT INTO `book_word` VALUES (642, 1422, 458, '日\\20200422213641427.jpg');
INSERT INTO `book_word` VALUES (643, 1847, 458, '溪\\20200422213641434.jpg');
INSERT INTO `book_word` VALUES (644, 3310, 458, '隔\\20200422213641439.jpg');
INSERT INTO `book_word` VALUES (645, 3262, 458, '问\\20200422213641445.jpg');
INSERT INTO `book_word` VALUES (646, 3308, 458, '随\\20200422213641451.jpg');
INSERT INTO `book_word` VALUES (647, 146, 458, '何\\20200422213641457.jpg');
INSERT INTO `book_word` VALUES (648, 3189, 458, '野\\20200422213641462.jpg');
INSERT INTO `book_word` VALUES (649, 1825, 458, '渔\\20200422213641467.jpg');
INSERT INTO `book_word` VALUES (650, 1771, 458, '流\\20200422213641472.jpg');
INSERT INTO `book_word` VALUES (651, 701, 458, '处\\20200422213641478.jpg');
INSERT INTO `book_word` VALUES (652, 1916, 458, '烟\\20200422213641483.jpg');
INSERT INTO `book_word` VALUES (653, 2609, 458, '船\\20200422213641488.jpg');
INSERT INTO `book_word` VALUES (654, 1700, 458, '水\\20200422213641494.jpg');
INSERT INTO `book_word` VALUES (655, 3309, 460, '隐\\20200423152000560.jpg');
INSERT INTO `book_word` VALUES (656, 2174, 460, '石\\20200423152000565.jpg');
INSERT INTO `book_word` VALUES (657, 1572, 460, '桃\\20200423152000571.jpg');
INSERT INTO `book_word` VALUES (658, 1763, 460, '洞\\20200423152000576.jpg');
INSERT INTO `book_word` VALUES (659, 3309, 460, '隐\\20200423152000580.jpg');
INSERT INTO `book_word` VALUES (660, 2187, 460, '砾\\20200423152000584.jpg');
INSERT INTO `book_word` VALUES (661, 2630, 460, '花\\20200423152000588.jpg');
INSERT INTO `book_word` VALUES (662, 629, 460, '在\\20200423152000592.jpg');
INSERT INTO `book_word` VALUES (663, 3391, 460, '飞\\20200423152000596.jpg');
INSERT INTO `book_word` VALUES (664, 2852, 460, '西\\20200423152000600.jpg');
INSERT INTO `book_word` VALUES (665, 878, 460, '尽\\20200423152000604.jpg');
INSERT INTO `book_word` VALUES (666, 1750, 460, '注\\20200423152000609.jpg');
INSERT INTO `book_word` VALUES (667, 705, 460, '夕\\20200423152000614.jpg');
INSERT INTO `book_word` VALUES (668, 881, 460, '局\\20200423152000619.jpg');
INSERT INTO `book_word` VALUES (669, 1580, 460, '桥\\20200423152000624.jpg');
INSERT INTO `book_word` VALUES (670, 2061, 460, '畔\\20200423152000630.jpg');
INSERT INTO `book_word` VALUES (671, 1422, 460, '日\\20200423152000636.jpg');
INSERT INTO `book_word` VALUES (672, 1847, 460, '溪\\20200423152000641.jpg');
INSERT INTO `book_word` VALUES (673, 3310, 460, '隔\\20200423152000646.jpg');
INSERT INTO `book_word` VALUES (674, 3262, 460, '问\\20200423152000651.jpg');
INSERT INTO `book_word` VALUES (675, 3308, 460, '随\\20200423152000656.jpg');
INSERT INTO `book_word` VALUES (676, 146, 460, '何\\20200423152000661.jpg');
INSERT INTO `book_word` VALUES (677, 3189, 460, '野\\20200423152000666.jpg');
INSERT INTO `book_word` VALUES (678, 1825, 460, '渔\\20200423152000669.jpg');
INSERT INTO `book_word` VALUES (679, 1771, 460, '流\\20200423152000674.jpg');
INSERT INTO `book_word` VALUES (680, 701, 460, '处\\20200423152000678.jpg');
INSERT INTO `book_word` VALUES (681, 1916, 460, '烟\\20200423152000682.jpg');
INSERT INTO `book_word` VALUES (682, 2609, 460, '船\\20200423152000687.jpg');
INSERT INTO `book_word` VALUES (683, 1700, 460, '水\\20200423152000691.jpg');

-- ----------------------------
-- Table structure for photo_record
-- ----------------------------
DROP TABLE IF EXISTS `photo_record`;
CREATE TABLE `photo_record`  (
  `record` bigint(20) NOT NULL AUTO_INCREMENT,
  `userID` bigint(20) NOT NULL,
  `date_time` date NULL DEFAULT NULL,
  `record_url` varchar(254) CHARACTER SET utf8 COLLATE utf8_general_ci NULL DEFAULT NULL,
  `recognized` int(1) NULL DEFAULT NULL,
  PRIMARY KEY (`record`) USING BTREE,
  INDEX `userID`(`userID`) USING BTREE,
  INDEX `record`(`record`) USING BTREE,
  CONSTRAINT `photo_record_ibfk_1` FOREIGN KEY (`userID`) REFERENCES `users` (`userID`) ON DELETE RESTRICT ON UPDATE RESTRICT
) ENGINE = InnoDB AUTO_INCREMENT = 137 CHARACTER SET = utf8 COLLATE = utf8_general_ci ROW_FORMAT = Dynamic;

-- ----------------------------
-- Records of photo_record
-- ----------------------------
INSERT INTO `photo_record` VALUES (121, 123472, '2020-04-21', '123472//jpg//sliver20200421143142152.png', 1);
INSERT INTO `photo_record` VALUES (122, 123472, '2020-04-21', '123472//jpg//sliver20200421143217204.png', 1);
INSERT INTO `photo_record` VALUES (123, 123472, '2020-04-21', '123472//jpg//sliver20200421151230330.png', 1);
INSERT INTO `photo_record` VALUES (124, 123472, '2020-04-21', '123472//jpg//sliver20200421151610889.png', 1);
INSERT INTO `photo_record` VALUES (125, 123472, '2020-04-21', '123472//jpg//sliver20200421195155523.png', 1);
INSERT INTO `photo_record` VALUES (126, 123472, '2020-04-21', '123472//jpg//sliver20200421195257540.png', 0);
INSERT INTO `photo_record` VALUES (127, 123472, '2020-04-21', '123472//jpg//sliver20200421195440193.png', 0);
INSERT INTO `photo_record` VALUES (128, 123472, '2020-04-21', '123472//jpg//sliver20200421195531257.png', 1);
INSERT INTO `photo_record` VALUES (129, 123472, '2020-04-21', '123472//jpg//sliver20200421195942824.png', 1);
INSERT INTO `photo_record` VALUES (130, 123472, '2020-04-22', '123472//jpg//sliver20200422152437197.png', 0);
INSERT INTO `photo_record` VALUES (131, 123472, '2020-04-22', '123472//jpg//sliver20200422152935612.png', 0);
INSERT INTO `photo_record` VALUES (132, 123472, '2020-04-22', '123472//jpg//sliver20200422153037828.png', 1);
INSERT INTO `photo_record` VALUES (133, 123472, '2020-04-22', '123472//jpg//sliver20200422153647746.png', 1);
INSERT INTO `photo_record` VALUES (134, 123472, '2020-04-22', '123472//jpg//sliver2020042220590916.pdf', 0);
INSERT INTO `photo_record` VALUES (135, 123471, '2020-04-23', '123471//jpg//sliver20200423151921750.png', 1);
INSERT INTO `photo_record` VALUES (136, 123472, '2020-04-24', '123472//jpg//sliver20200424202257774.png', 1);

-- ----------------------------
-- Table structure for photo_word
-- ----------------------------
DROP TABLE IF EXISTS `photo_word`;
CREATE TABLE `photo_word`  (
  `photo_word_record` bigint(20) NOT NULL AUTO_INCREMENT,
  `word_id` int(11) NOT NULL,
  `photo_record` bigint(20) NOT NULL,
  `word_url` varchar(254) CHARACTER SET utf8 COLLATE utf8_general_ci NULL DEFAULT NULL,
  PRIMARY KEY (`photo_word_record`) USING BTREE,
  INDEX `wordID`(`word_id`) USING BTREE,
  INDEX `photo_record`(`photo_record`) USING BTREE,
  CONSTRAINT `photo_word_ibfk_1` FOREIGN KEY (`word_id`) REFERENCES `word` (`word_id`) ON DELETE RESTRICT ON UPDATE RESTRICT,
  CONSTRAINT `photo_word_ibfk_2` FOREIGN KEY (`photo_record`) REFERENCES `photo_record` (`record`) ON DELETE RESTRICT ON UPDATE RESTRICT
) ENGINE = InnoDB AUTO_INCREMENT = 4485 CHARACTER SET = utf8 COLLATE = utf8_general_ci ROW_FORMAT = Dynamic;

-- ----------------------------
-- Records of photo_word
-- ----------------------------
INSERT INTO `photo_word` VALUES (4205, 1947, 122, '爆\\20200421150829841.jpg');
INSERT INTO `photo_word` VALUES (4206, 1443, 122, '春\\20200421150829850.jpg');
INSERT INTO `photo_word` VALUES (4207, 384, 122, '千\\20200421150829857.jpg');
INSERT INTO `photo_word` VALUES (4208, 1078, 122, '总\\20200421150829863.jpg');
INSERT INTO `photo_word` VALUES (4209, 2301, 122, '竹\\20200421150829869.jpg');
INSERT INTO `photo_word` VALUES (4210, 3388, 122, '风\\20200421150829875.jpg');
INSERT INTO `photo_word` VALUES (4211, 3259, 122, '门\\20200421150829882.jpg');
INSERT INTO `photo_word` VALUES (4212, 1199, 122, '把\\20200421150829893.jpg');
INSERT INTO `photo_word` VALUES (4213, 697, 122, '声\\20200421150829898.jpg');
INSERT INTO `photo_word` VALUES (4214, 3115, 122, '送\\20200421150829904.jpg');
INSERT INTO `photo_word` VALUES (4215, 4, 122, '万\\20200421150829908.jpg');
INSERT INTO `photo_word` VALUES (4216, 1412, 122, '新\\20200421150829914.jpg');
INSERT INTO `photo_word` VALUES (4217, 27, 122, '中\\20200421150829920.jpg');
INSERT INTO `photo_word` VALUES (4218, 1471, 122, '暖\\20200421150829926.jpg');
INSERT INTO `photo_word` VALUES (4219, 1168, 122, '户\\20200421150829941.jpg');
INSERT INTO `photo_word` VALUES (4220, 1572, 122, '桃\\20200421150829949.jpg');
INSERT INTO `photo_word` VALUES (4221, 3309, 121, '隐\\20200421151213676.jpg');
INSERT INTO `photo_word` VALUES (4222, 2174, 121, '石\\20200421151213685.jpg');
INSERT INTO `photo_word` VALUES (4223, 1572, 121, '桃\\20200421151213691.jpg');
INSERT INTO `photo_word` VALUES (4224, 1763, 121, '洞\\20200421151213699.jpg');
INSERT INTO `photo_word` VALUES (4225, 3309, 121, '隐\\20200421151213706.jpg');
INSERT INTO `photo_word` VALUES (4226, 2187, 121, '砾\\20200421151213712.jpg');
INSERT INTO `photo_word` VALUES (4227, 2630, 121, '花\\20200421151213720.jpg');
INSERT INTO `photo_word` VALUES (4228, 629, 121, '在\\20200421151213726.jpg');
INSERT INTO `photo_word` VALUES (4229, 3391, 121, '飞\\20200421151213732.jpg');
INSERT INTO `photo_word` VALUES (4230, 2852, 121, '西\\20200421151213737.jpg');
INSERT INTO `photo_word` VALUES (4231, 878, 121, '尽\\20200421151213742.jpg');
INSERT INTO `photo_word` VALUES (4232, 1822, 121, '清\\20200421151213748.jpg');
INSERT INTO `photo_word` VALUES (4233, 1580, 121, '桥\\20200421151213753.jpg');
INSERT INTO `photo_word` VALUES (4234, 2061, 121, '畔\\20200421151213759.jpg');
INSERT INTO `photo_word` VALUES (4235, 1422, 121, '日\\20200421151213774.jpg');
INSERT INTO `photo_word` VALUES (4236, 1847, 121, '溪\\20200421151213782.jpg');
INSERT INTO `photo_word` VALUES (4237, 3310, 121, '隔\\20200421151213790.jpg');
INSERT INTO `photo_word` VALUES (4238, 3262, 121, '问\\20200421151213795.jpg');
INSERT INTO `photo_word` VALUES (4239, 3308, 121, '随\\20200421151213800.jpg');
INSERT INTO `photo_word` VALUES (4240, 146, 121, '何\\20200421151213805.jpg');
INSERT INTO `photo_word` VALUES (4241, 3189, 121, '野\\20200421151213810.jpg');
INSERT INTO `photo_word` VALUES (4242, 1825, 121, '渔\\20200421151213815.jpg');
INSERT INTO `photo_word` VALUES (4243, 1771, 121, '流\\20200421151213820.jpg');
INSERT INTO `photo_word` VALUES (4244, 701, 121, '处\\20200421151213824.jpg');
INSERT INTO `photo_word` VALUES (4245, 1916, 121, '烟\\20200421151213829.jpg');
INSERT INTO `photo_word` VALUES (4246, 2609, 121, '船\\20200421151213834.jpg');
INSERT INTO `photo_word` VALUES (4247, 1700, 121, '水\\20200421151213839.jpg');
INSERT INTO `photo_word` VALUES (4248, 1947, 123, '爆\\20200421151317111.jpg');
INSERT INTO `photo_word` VALUES (4249, 1443, 123, '春\\20200421151317116.jpg');
INSERT INTO `photo_word` VALUES (4250, 384, 123, '千\\20200421151317120.jpg');
INSERT INTO `photo_word` VALUES (4251, 1078, 123, '总\\20200421151317125.jpg');
INSERT INTO `photo_word` VALUES (4252, 2301, 123, '竹\\20200421151317130.jpg');
INSERT INTO `photo_word` VALUES (4253, 3388, 123, '风\\20200421151317134.jpg');
INSERT INTO `photo_word` VALUES (4254, 3259, 123, '门\\20200421151317144.jpg');
INSERT INTO `photo_word` VALUES (4255, 1199, 123, '把\\20200421151317149.jpg');
INSERT INTO `photo_word` VALUES (4256, 697, 123, '声\\20200421151317154.jpg');
INSERT INTO `photo_word` VALUES (4257, 3115, 123, '送\\20200421151317158.jpg');
INSERT INTO `photo_word` VALUES (4258, 4, 123, '万\\20200421151317163.jpg');
INSERT INTO `photo_word` VALUES (4259, 1412, 123, '新\\20200421151317168.jpg');
INSERT INTO `photo_word` VALUES (4260, 27, 123, '中\\20200421151317173.jpg');
INSERT INTO `photo_word` VALUES (4261, 1471, 123, '暖\\20200421151317178.jpg');
INSERT INTO `photo_word` VALUES (4262, 1168, 123, '户\\20200421151317182.jpg');
INSERT INTO `photo_word` VALUES (4263, 1572, 123, '桃\\20200421151317187.jpg');
INSERT INTO `photo_word` VALUES (4264, 1947, 124, '爆\\20200421151830244.jpg');
INSERT INTO `photo_word` VALUES (4265, 1443, 124, '春\\20200421151830252.jpg');
INSERT INTO `photo_word` VALUES (4266, 384, 124, '千\\20200421151830260.jpg');
INSERT INTO `photo_word` VALUES (4267, 1078, 124, '总\\20200421151830273.jpg');
INSERT INTO `photo_word` VALUES (4268, 2301, 124, '竹\\20200421151830284.jpg');
INSERT INTO `photo_word` VALUES (4269, 3388, 124, '风\\20200421151830291.jpg');
INSERT INTO `photo_word` VALUES (4270, 3259, 124, '门\\20200421151830297.jpg');
INSERT INTO `photo_word` VALUES (4271, 1199, 124, '把\\20200421151830303.jpg');
INSERT INTO `photo_word` VALUES (4272, 697, 124, '声\\20200421151830310.jpg');
INSERT INTO `photo_word` VALUES (4273, 3115, 124, '送\\20200421151830316.jpg');
INSERT INTO `photo_word` VALUES (4274, 4, 124, '万\\20200421151830321.jpg');
INSERT INTO `photo_word` VALUES (4275, 1412, 124, '新\\20200421151830326.jpg');
INSERT INTO `photo_word` VALUES (4276, 27, 124, '中\\20200421151830332.jpg');
INSERT INTO `photo_word` VALUES (4277, 1471, 124, '暖\\20200421151830338.jpg');
INSERT INTO `photo_word` VALUES (4278, 1168, 124, '户\\20200421151830344.jpg');
INSERT INTO `photo_word` VALUES (4279, 1572, 124, '桃\\20200421151830351.jpg');
INSERT INTO `photo_word` VALUES (4280, 1947, 129, '爆\\20200421195949182.jpg');
INSERT INTO `photo_word` VALUES (4281, 1443, 129, '春\\20200421195949193.jpg');
INSERT INTO `photo_word` VALUES (4282, 384, 129, '千\\20200421195949199.jpg');
INSERT INTO `photo_word` VALUES (4283, 1078, 129, '总\\20200421195949207.jpg');
INSERT INTO `photo_word` VALUES (4284, 2301, 129, '竹\\20200421195949224.jpg');
INSERT INTO `photo_word` VALUES (4285, 3388, 129, '风\\20200421195949234.jpg');
INSERT INTO `photo_word` VALUES (4286, 3259, 129, '门\\20200421195949241.jpg');
INSERT INTO `photo_word` VALUES (4287, 1199, 129, '把\\20200421195949247.jpg');
INSERT INTO `photo_word` VALUES (4288, 697, 129, '声\\20200421195949254.jpg');
INSERT INTO `photo_word` VALUES (4289, 3115, 129, '送\\20200421195949260.jpg');
INSERT INTO `photo_word` VALUES (4290, 4, 129, '万\\20200421195949267.jpg');
INSERT INTO `photo_word` VALUES (4291, 1412, 129, '新\\20200421195949275.jpg');
INSERT INTO `photo_word` VALUES (4292, 27, 129, '中\\20200421195949282.jpg');
INSERT INTO `photo_word` VALUES (4293, 1471, 129, '暖\\20200421195949289.jpg');
INSERT INTO `photo_word` VALUES (4294, 1168, 129, '户\\20200421195949296.jpg');
INSERT INTO `photo_word` VALUES (4295, 1572, 129, '桃\\20200421195949304.jpg');
INSERT INTO `photo_word` VALUES (4296, 1947, 129, '爆\\20200421200056643.jpg');
INSERT INTO `photo_word` VALUES (4297, 1443, 129, '春\\20200421200056648.jpg');
INSERT INTO `photo_word` VALUES (4298, 384, 129, '千\\20200421200056652.jpg');
INSERT INTO `photo_word` VALUES (4299, 1078, 129, '总\\20200421200056657.jpg');
INSERT INTO `photo_word` VALUES (4300, 2301, 129, '竹\\20200421200056662.jpg');
INSERT INTO `photo_word` VALUES (4301, 3388, 129, '风\\20200421200056667.jpg');
INSERT INTO `photo_word` VALUES (4302, 3259, 129, '门\\20200421200056676.jpg');
INSERT INTO `photo_word` VALUES (4303, 1199, 129, '把\\20200421200056682.jpg');
INSERT INTO `photo_word` VALUES (4304, 697, 129, '声\\20200421200056687.jpg');
INSERT INTO `photo_word` VALUES (4305, 3115, 129, '送\\20200421200056693.jpg');
INSERT INTO `photo_word` VALUES (4306, 4, 129, '万\\20200421200056698.jpg');
INSERT INTO `photo_word` VALUES (4307, 1412, 129, '新\\20200421200056703.jpg');
INSERT INTO `photo_word` VALUES (4308, 27, 129, '中\\20200421200056710.jpg');
INSERT INTO `photo_word` VALUES (4309, 1471, 129, '暖\\20200421200056715.jpg');
INSERT INTO `photo_word` VALUES (4310, 1168, 129, '户\\20200421200056720.jpg');
INSERT INTO `photo_word` VALUES (4311, 1572, 129, '桃\\20200421200056725.jpg');
INSERT INTO `photo_word` VALUES (4312, 1, 129, '一\\20200421200056731.jpg');
INSERT INTO `photo_word` VALUES (4313, 236, 129, '入\\20200421200056737.jpg');
INSERT INTO `photo_word` VALUES (4314, 2164, 129, '瞳\\20200421200056743.jpg');
INSERT INTO `photo_word` VALUES (4315, 1290, 129, '换\\20200421200056749.jpg');
INSERT INTO `photo_word` VALUES (4316, 901, 129, '岁\\20200421200056754.jpg');
INSERT INTO `photo_word` VALUES (4317, 894, 129, '屠\\20200421200056759.jpg');
INSERT INTO `photo_word` VALUES (4318, 2164, 129, '瞳\\20200421200056765.jpg');
INSERT INTO `photo_word` VALUES (4319, 1424, 129, '旧\\20200421200056769.jpg');
INSERT INTO `photo_word` VALUES (4320, 3299, 129, '除\\20200421200056774.jpg');
INSERT INTO `photo_word` VALUES (4321, 2636, 129, '苏\\20200421200056780.jpg');
INSERT INTO `photo_word` VALUES (4322, 1422, 129, '日\\20200421200056790.jpg');
INSERT INTO `photo_word` VALUES (4323, 1947, 128, '爆\\20200421200405401.jpg');
INSERT INTO `photo_word` VALUES (4324, 1443, 128, '春\\20200421200405406.jpg');
INSERT INTO `photo_word` VALUES (4325, 384, 128, '千\\20200421200405411.jpg');
INSERT INTO `photo_word` VALUES (4326, 1078, 128, '总\\20200421200405417.jpg');
INSERT INTO `photo_word` VALUES (4327, 2301, 128, '竹\\20200421200405422.jpg');
INSERT INTO `photo_word` VALUES (4328, 3388, 128, '风\\20200421200405427.jpg');
INSERT INTO `photo_word` VALUES (4329, 3259, 128, '门\\20200421200405437.jpg');
INSERT INTO `photo_word` VALUES (4330, 1199, 128, '把\\20200421200405442.jpg');
INSERT INTO `photo_word` VALUES (4331, 697, 128, '声\\20200421200405448.jpg');
INSERT INTO `photo_word` VALUES (4332, 3115, 128, '送\\20200421200405455.jpg');
INSERT INTO `photo_word` VALUES (4333, 4, 128, '万\\20200421200405460.jpg');
INSERT INTO `photo_word` VALUES (4334, 1412, 128, '新\\20200421200405465.jpg');
INSERT INTO `photo_word` VALUES (4335, 27, 128, '中\\20200421200405469.jpg');
INSERT INTO `photo_word` VALUES (4336, 1471, 128, '暖\\20200421200405474.jpg');
INSERT INTO `photo_word` VALUES (4337, 1168, 128, '户\\20200421200405478.jpg');
INSERT INTO `photo_word` VALUES (4338, 1572, 128, '桃\\20200421200405484.jpg');
INSERT INTO `photo_word` VALUES (4339, 1, 128, '一\\20200421200405489.jpg');
INSERT INTO `photo_word` VALUES (4340, 236, 128, '入\\20200421200405494.jpg');
INSERT INTO `photo_word` VALUES (4341, 2164, 128, '瞳\\20200421200405499.jpg');
INSERT INTO `photo_word` VALUES (4342, 1290, 128, '换\\20200421200405504.jpg');
INSERT INTO `photo_word` VALUES (4343, 901, 128, '岁\\20200421200405509.jpg');
INSERT INTO `photo_word` VALUES (4344, 894, 128, '屠\\20200421200405513.jpg');
INSERT INTO `photo_word` VALUES (4345, 2164, 128, '瞳\\20200421200405517.jpg');
INSERT INTO `photo_word` VALUES (4346, 1424, 128, '旧\\20200421200405523.jpg');
INSERT INTO `photo_word` VALUES (4347, 3299, 128, '除\\20200421200405527.jpg');
INSERT INTO `photo_word` VALUES (4348, 2636, 128, '苏\\20200421200405532.jpg');
INSERT INTO `photo_word` VALUES (4349, 1422, 128, '日\\20200421200405537.jpg');
INSERT INTO `photo_word` VALUES (4350, 3309, 132, '隐\\20200422153745710.jpg');
INSERT INTO `photo_word` VALUES (4351, 2174, 132, '石\\20200422153745716.jpg');
INSERT INTO `photo_word` VALUES (4352, 1572, 132, '桃\\20200422153745721.jpg');
INSERT INTO `photo_word` VALUES (4353, 1763, 132, '洞\\20200422153745726.jpg');
INSERT INTO `photo_word` VALUES (4354, 3309, 132, '隐\\20200422153745730.jpg');
INSERT INTO `photo_word` VALUES (4355, 2187, 132, '砾\\20200422153745735.jpg');
INSERT INTO `photo_word` VALUES (4356, 2630, 132, '花\\20200422153745739.jpg');
INSERT INTO `photo_word` VALUES (4357, 629, 132, '在\\20200422153745745.jpg');
INSERT INTO `photo_word` VALUES (4358, 3391, 132, '飞\\20200422153745749.jpg');
INSERT INTO `photo_word` VALUES (4359, 2852, 132, '西\\20200422153745754.jpg');
INSERT INTO `photo_word` VALUES (4360, 878, 132, '尽\\20200422153745758.jpg');
INSERT INTO `photo_word` VALUES (4361, 1822, 132, '清\\20200422153745764.jpg');
INSERT INTO `photo_word` VALUES (4362, 1580, 132, '桥\\20200422153745769.jpg');
INSERT INTO `photo_word` VALUES (4363, 2061, 132, '畔\\20200422153745773.jpg');
INSERT INTO `photo_word` VALUES (4364, 1422, 132, '日\\20200422153745783.jpg');
INSERT INTO `photo_word` VALUES (4365, 1847, 132, '溪\\20200422153745789.jpg');
INSERT INTO `photo_word` VALUES (4366, 3310, 132, '隔\\20200422153745796.jpg');
INSERT INTO `photo_word` VALUES (4367, 3262, 132, '问\\20200422153745801.jpg');
INSERT INTO `photo_word` VALUES (4368, 3308, 132, '随\\20200422153745807.jpg');
INSERT INTO `photo_word` VALUES (4369, 146, 132, '何\\20200422153745813.jpg');
INSERT INTO `photo_word` VALUES (4370, 3189, 132, '野\\20200422153745818.jpg');
INSERT INTO `photo_word` VALUES (4371, 1825, 132, '渔\\20200422153745823.jpg');
INSERT INTO `photo_word` VALUES (4372, 1771, 132, '流\\20200422153745830.jpg');
INSERT INTO `photo_word` VALUES (4373, 701, 132, '处\\20200422153745834.jpg');
INSERT INTO `photo_word` VALUES (4374, 1916, 132, '烟\\20200422153745839.jpg');
INSERT INTO `photo_word` VALUES (4375, 2609, 132, '船\\20200422153745845.jpg');
INSERT INTO `photo_word` VALUES (4376, 1700, 132, '水\\20200422153745850.jpg');
INSERT INTO `photo_word` VALUES (4377, 3309, 133, '隐\\20200422211108988.jpg');
INSERT INTO `photo_word` VALUES (4378, 2174, 133, '石\\20200422211108993.jpg');
INSERT INTO `photo_word` VALUES (4379, 1572, 133, '桃\\20200422211108998.jpg');
INSERT INTO `photo_word` VALUES (4380, 1763, 133, '洞\\2020042221110902.jpg');
INSERT INTO `photo_word` VALUES (4381, 3309, 133, '隐\\2020042221110906.jpg');
INSERT INTO `photo_word` VALUES (4382, 2187, 133, '砾\\2020042221110910.jpg');
INSERT INTO `photo_word` VALUES (4383, 2630, 133, '花\\2020042221110915.jpg');
INSERT INTO `photo_word` VALUES (4384, 629, 133, '在\\2020042221110919.jpg');
INSERT INTO `photo_word` VALUES (4385, 3391, 133, '飞\\2020042221110924.jpg');
INSERT INTO `photo_word` VALUES (4386, 2852, 133, '西\\2020042221110930.jpg');
INSERT INTO `photo_word` VALUES (4387, 878, 133, '尽\\2020042221110936.jpg');
INSERT INTO `photo_word` VALUES (4388, 1822, 133, '清\\2020042221110941.jpg');
INSERT INTO `photo_word` VALUES (4389, 1580, 133, '桥\\2020042221110947.jpg');
INSERT INTO `photo_word` VALUES (4390, 2061, 133, '畔\\2020042221110952.jpg');
INSERT INTO `photo_word` VALUES (4391, 1422, 133, '日\\2020042221110957.jpg');
INSERT INTO `photo_word` VALUES (4392, 1847, 133, '溪\\2020042221110962.jpg');
INSERT INTO `photo_word` VALUES (4393, 3310, 133, '隔\\2020042221110968.jpg');
INSERT INTO `photo_word` VALUES (4394, 3262, 133, '问\\2020042221110973.jpg');
INSERT INTO `photo_word` VALUES (4395, 3308, 133, '随\\2020042221110978.jpg');
INSERT INTO `photo_word` VALUES (4396, 146, 133, '何\\2020042221110982.jpg');
INSERT INTO `photo_word` VALUES (4397, 3189, 133, '野\\2020042221110987.jpg');
INSERT INTO `photo_word` VALUES (4398, 1825, 133, '渔\\2020042221110998.jpg');
INSERT INTO `photo_word` VALUES (4399, 1771, 133, '流\\20200422211109102.jpg');
INSERT INTO `photo_word` VALUES (4400, 701, 133, '处\\20200422211109107.jpg');
INSERT INTO `photo_word` VALUES (4401, 1916, 133, '烟\\20200422211109112.jpg');
INSERT INTO `photo_word` VALUES (4402, 2609, 133, '船\\20200422211109116.jpg');
INSERT INTO `photo_word` VALUES (4403, 1700, 133, '水\\20200422211109121.jpg');
INSERT INTO `photo_word` VALUES (4404, 3309, 135, '隐\\2020042315192975.jpg');
INSERT INTO `photo_word` VALUES (4405, 2174, 135, '石\\2020042315192984.jpg');
INSERT INTO `photo_word` VALUES (4406, 1572, 135, '桃\\2020042315192990.jpg');
INSERT INTO `photo_word` VALUES (4407, 1763, 135, '洞\\2020042315192996.jpg');
INSERT INTO `photo_word` VALUES (4408, 3309, 135, '隐\\20200423151929102.jpg');
INSERT INTO `photo_word` VALUES (4409, 2187, 135, '砾\\20200423151929108.jpg');
INSERT INTO `photo_word` VALUES (4410, 2630, 135, '花\\20200423151929114.jpg');
INSERT INTO `photo_word` VALUES (4411, 629, 135, '在\\20200423151929119.jpg');
INSERT INTO `photo_word` VALUES (4412, 3391, 135, '飞\\20200423151929129.jpg');
INSERT INTO `photo_word` VALUES (4413, 2852, 135, '西\\20200423151929135.jpg');
INSERT INTO `photo_word` VALUES (4414, 878, 135, '尽\\20200423151929141.jpg');
INSERT INTO `photo_word` VALUES (4415, 1822, 135, '清\\20200423151929147.jpg');
INSERT INTO `photo_word` VALUES (4416, 1580, 135, '桥\\20200423151929154.jpg');
INSERT INTO `photo_word` VALUES (4417, 2061, 135, '畔\\20200423151929159.jpg');
INSERT INTO `photo_word` VALUES (4418, 1422, 135, '日\\20200423151929165.jpg');
INSERT INTO `photo_word` VALUES (4419, 1847, 135, '溪\\20200423151929172.jpg');
INSERT INTO `photo_word` VALUES (4420, 3310, 135, '隔\\20200423151929177.jpg');
INSERT INTO `photo_word` VALUES (4421, 3262, 135, '问\\20200423151929182.jpg');
INSERT INTO `photo_word` VALUES (4422, 3308, 135, '随\\20200423151929187.jpg');
INSERT INTO `photo_word` VALUES (4423, 146, 135, '何\\20200423151929193.jpg');
INSERT INTO `photo_word` VALUES (4424, 3189, 135, '野\\20200423151929197.jpg');
INSERT INTO `photo_word` VALUES (4425, 1825, 135, '渔\\20200423151929202.jpg');
INSERT INTO `photo_word` VALUES (4426, 1771, 135, '流\\20200423151929208.jpg');
INSERT INTO `photo_word` VALUES (4427, 701, 135, '处\\20200423151929213.jpg');
INSERT INTO `photo_word` VALUES (4428, 1916, 135, '烟\\20200423151929218.jpg');
INSERT INTO `photo_word` VALUES (4429, 2609, 135, '船\\20200423151929223.jpg');
INSERT INTO `photo_word` VALUES (4430, 1700, 135, '水\\20200423151929234.jpg');
INSERT INTO `photo_word` VALUES (4431, 3309, 125, '隐\\20200424101024503.jpg');
INSERT INTO `photo_word` VALUES (4432, 2174, 125, '石\\20200424101024509.jpg');
INSERT INTO `photo_word` VALUES (4433, 1572, 125, '桃\\20200424101024515.jpg');
INSERT INTO `photo_word` VALUES (4434, 1763, 125, '洞\\20200424101024526.jpg');
INSERT INTO `photo_word` VALUES (4435, 3309, 125, '隐\\20200424101024531.jpg');
INSERT INTO `photo_word` VALUES (4436, 2187, 125, '砾\\20200424101024537.jpg');
INSERT INTO `photo_word` VALUES (4437, 2630, 125, '花\\20200424101024542.jpg');
INSERT INTO `photo_word` VALUES (4438, 629, 125, '在\\20200424101024549.jpg');
INSERT INTO `photo_word` VALUES (4439, 3391, 125, '飞\\20200424101024554.jpg');
INSERT INTO `photo_word` VALUES (4440, 2852, 125, '西\\20200424101024559.jpg');
INSERT INTO `photo_word` VALUES (4441, 878, 125, '尽\\20200424101024565.jpg');
INSERT INTO `photo_word` VALUES (4442, 1822, 125, '清\\20200424101024570.jpg');
INSERT INTO `photo_word` VALUES (4443, 1580, 125, '桥\\20200424101024575.jpg');
INSERT INTO `photo_word` VALUES (4444, 2061, 125, '畔\\20200424101024580.jpg');
INSERT INTO `photo_word` VALUES (4445, 1422, 125, '日\\20200424101024586.jpg');
INSERT INTO `photo_word` VALUES (4446, 1847, 125, '溪\\20200424101024592.jpg');
INSERT INTO `photo_word` VALUES (4447, 3310, 125, '隔\\20200424101024599.jpg');
INSERT INTO `photo_word` VALUES (4448, 3262, 125, '问\\20200424101024605.jpg');
INSERT INTO `photo_word` VALUES (4449, 3308, 125, '随\\20200424101024611.jpg');
INSERT INTO `photo_word` VALUES (4450, 146, 125, '何\\20200424101024617.jpg');
INSERT INTO `photo_word` VALUES (4451, 3189, 125, '野\\20200424101024622.jpg');
INSERT INTO `photo_word` VALUES (4452, 1825, 125, '渔\\20200424101024627.jpg');
INSERT INTO `photo_word` VALUES (4453, 1771, 125, '流\\20200424101024633.jpg');
INSERT INTO `photo_word` VALUES (4454, 701, 125, '处\\20200424101024639.jpg');
INSERT INTO `photo_word` VALUES (4455, 1916, 125, '烟\\20200424101024644.jpg');
INSERT INTO `photo_word` VALUES (4456, 2609, 125, '船\\20200424101024649.jpg');
INSERT INTO `photo_word` VALUES (4457, 1700, 125, '水\\20200424101024654.jpg');
INSERT INTO `photo_word` VALUES (4458, 3309, 136, '隐\\2020042420230400.jpg');
INSERT INTO `photo_word` VALUES (4459, 2174, 136, '石\\2020042420230409.jpg');
INSERT INTO `photo_word` VALUES (4460, 1572, 136, '桃\\2020042420230414.jpg');
INSERT INTO `photo_word` VALUES (4461, 1763, 136, '洞\\2020042420230418.jpg');
INSERT INTO `photo_word` VALUES (4462, 3309, 136, '隐\\2020042420230423.jpg');
INSERT INTO `photo_word` VALUES (4463, 2187, 136, '砾\\2020042420230427.jpg');
INSERT INTO `photo_word` VALUES (4464, 2630, 136, '花\\2020042420230431.jpg');
INSERT INTO `photo_word` VALUES (4465, 629, 136, '在\\2020042420230440.jpg');
INSERT INTO `photo_word` VALUES (4466, 3391, 136, '飞\\2020042420230444.jpg');
INSERT INTO `photo_word` VALUES (4467, 2852, 136, '西\\2020042420230448.jpg');
INSERT INTO `photo_word` VALUES (4468, 878, 136, '尽\\2020042420230452.jpg');
INSERT INTO `photo_word` VALUES (4469, 1822, 136, '清\\2020042420230457.jpg');
INSERT INTO `photo_word` VALUES (4470, 1580, 136, '桥\\2020042420230461.jpg');
INSERT INTO `photo_word` VALUES (4471, 2061, 136, '畔\\2020042420230465.jpg');
INSERT INTO `photo_word` VALUES (4472, 1422, 136, '日\\2020042420230470.jpg');
INSERT INTO `photo_word` VALUES (4473, 1847, 136, '溪\\2020042420230474.jpg');
INSERT INTO `photo_word` VALUES (4474, 3310, 136, '隔\\2020042420230478.jpg');
INSERT INTO `photo_word` VALUES (4475, 3262, 136, '问\\2020042420230483.jpg');
INSERT INTO `photo_word` VALUES (4476, 3308, 136, '随\\2020042420230487.jpg');
INSERT INTO `photo_word` VALUES (4477, 146, 136, '何\\2020042420230492.jpg');
INSERT INTO `photo_word` VALUES (4478, 3189, 136, '野\\2020042420230496.jpg');
INSERT INTO `photo_word` VALUES (4479, 1825, 136, '渔\\20200424202304100.jpg');
INSERT INTO `photo_word` VALUES (4480, 1771, 136, '流\\20200424202304110.jpg');
INSERT INTO `photo_word` VALUES (4481, 701, 136, '处\\20200424202304114.jpg');
INSERT INTO `photo_word` VALUES (4482, 1916, 136, '烟\\20200424202304118.jpg');
INSERT INTO `photo_word` VALUES (4483, 2609, 136, '船\\20200424202304123.jpg');
INSERT INTO `photo_word` VALUES (4484, 1700, 136, '水\\20200424202304128.jpg');

-- ----------------------------
-- Table structure for reply
-- ----------------------------
DROP TABLE IF EXISTS `reply`;
CREATE TABLE `reply`  (
  `replyID` bigint(20) NOT NULL AUTO_INCREMENT,
  `userID` bigint(20) NOT NULL,
  `resourceID` bigint(20) NOT NULL,
  `replyDate` timestamp(0) NOT NULL DEFAULT CURRENT_TIMESTAMP(0) ON UPDATE CURRENT_TIMESTAMP(0),
  `replyContent` text CHARACTER SET utf8 COLLATE utf8_general_ci NOT NULL,
  PRIMARY KEY (`replyID`) USING BTREE,
  INDEX `reply_ibfk_1`(`userID`) USING BTREE,
  INDEX `reply_ibfk_2`(`resourceID`) USING BTREE,
  CONSTRAINT `reply_ibfk_1` FOREIGN KEY (`userID`) REFERENCES `users` (`userID`) ON DELETE RESTRICT ON UPDATE RESTRICT,
  CONSTRAINT `reply_ibfk_2` FOREIGN KEY (`resourceID`) REFERENCES `resource` (`resourceId`) ON DELETE RESTRICT ON UPDATE RESTRICT
) ENGINE = InnoDB AUTO_INCREMENT = 8 CHARACTER SET = utf8 COLLATE = utf8_general_ci ROW_FORMAT = Compact;

-- ----------------------------
-- Table structure for resource
-- ----------------------------
DROP TABLE IF EXISTS `resource`;
CREATE TABLE `resource`  (
  `resourceId` bigint(20) NOT NULL AUTO_INCREMENT,
  `userId` bigint(20) NOT NULL,
  `resourceDate` timestamp(0) NOT NULL DEFAULT CURRENT_TIMESTAMP(0) ON UPDATE CURRENT_TIMESTAMP(0),
  `resourceName` varchar(255) CHARACTER SET utf8 COLLATE utf8_general_ci NOT NULL,
  `resourceUrl` varchar(255) CHARACTER SET utf8 COLLATE utf8_general_ci NOT NULL,
  `resourceDescription` varchar(255) CHARACTER SET utf8 COLLATE utf8_general_ci NOT NULL,
  `resourceCredit` int(10) NOT NULL,
  PRIMARY KEY (`resourceId`) USING BTREE,
  INDEX `resource_ibfk_1`(`userId`) USING BTREE,
  CONSTRAINT `resource_ibfk_1` FOREIGN KEY (`userId`) REFERENCES `users` (`userID`) ON DELETE RESTRICT ON UPDATE RESTRICT
) ENGINE = InnoDB AUTO_INCREMENT = 4 CHARACTER SET = utf8 COLLATE = utf8_general_ci ROW_FORMAT = Compact;

-- ----------------------------
-- Table structure for users
-- ----------------------------
DROP TABLE IF EXISTS `users`;
CREATE TABLE `users`  (
  `userID` bigint(20) NOT NULL AUTO_INCREMENT,
  `password` varchar(254) CHARACTER SET utf8 COLLATE utf8_general_ci NOT NULL,
  `phonenumber` varchar(254) CHARACTER SET utf8 COLLATE utf8_general_ci NOT NULL,
  `regDate` date NULL DEFAULT NULL,
  `isVIP` int(11) NULL DEFAULT NULL,
  `money` double NULL DEFAULT NULL,
  `money_wait` double NULL DEFAULT NULL,
  `book` int(11) NULL DEFAULT NULL,
  `photo` int(11) NULL DEFAULT NULL,
  `adminFlag` int(255) NULL DEFAULT NULL,
  `sex` int(255) NULL DEFAULT NULL,
  `age` int(255) NULL DEFAULT NULL,
  `name` varchar(255) CHARACTER SET utf8 COLLATE utf8_general_ci NULL DEFAULT NULL,
  `occupation` varchar(255) CHARACTER SET utf8 COLLATE utf8_general_ci NULL DEFAULT NULL,
  PRIMARY KEY (`userID`, `phonenumber`) USING BTREE,
  UNIQUE INDEX `userID`(`userID`) USING BTREE,
  UNIQUE INDEX `phonenumber`(`phonenumber`) USING BTREE
) ENGINE = InnoDB AUTO_INCREMENT = 123473 CHARACTER SET = utf8 COLLATE = utf8_general_ci ROW_FORMAT = Dynamic;

-- ----------------------------
-- Records of users
-- ----------------------------
INSERT INTO `users` VALUES (123470, '000000', '000001', '2020-04-17', 0, 0, 0, 2, 0, 0, 1, 12, '刘', '0');
INSERT INTO `users` VALUES (123471, '123456', '123456', '2020-04-17', 0, NULL, NULL, 1, 1, NULL, NULL, NULL, NULL, NULL);
INSERT INTO `users` VALUES (123472, '123456', '19883103662', '2020-04-21', 0, NULL, NULL, 10, 15, NULL, NULL, NULL, NULL, NULL);

-- ----------------------------
-- Table structure for word
-- ----------------------------
DROP TABLE IF EXISTS `word`;
CREATE TABLE `word`  (
  `word_id` int(11) NOT NULL AUTO_INCREMENT,
  `word` varchar(254) CHARACTER SET utf8 COLLATE utf8_general_ci NOT NULL,
  PRIMARY KEY (`word_id`) USING BTREE,
  UNIQUE INDEX `No`(`word_id`) USING BTREE,
  UNIQUE INDEX `word`(`word`) USING BTREE
) ENGINE = InnoDB AUTO_INCREMENT = 3496 CHARACTER SET = utf8 COLLATE = utf8_general_ci ROW_FORMAT = Dynamic;

-- ----------------------------
-- Records of word
-- ----------------------------
INSERT INTO `word` VALUES (1, '一');
INSERT INTO `word` VALUES (2, '丁');
INSERT INTO `word` VALUES (3, '七');
INSERT INTO `word` VALUES (4, '万');
INSERT INTO `word` VALUES (5, '丈');
INSERT INTO `word` VALUES (6, '三');
INSERT INTO `word` VALUES (7, '上');
INSERT INTO `word` VALUES (8, '下');
INSERT INTO `word` VALUES (9, '不');
INSERT INTO `word` VALUES (10, '与');
INSERT INTO `word` VALUES (11, '丐');
INSERT INTO `word` VALUES (12, '丑');
INSERT INTO `word` VALUES (13, '专');
INSERT INTO `word` VALUES (14, '且');
INSERT INTO `word` VALUES (15, '世');
INSERT INTO `word` VALUES (16, '丘');
INSERT INTO `word` VALUES (17, '丙');
INSERT INTO `word` VALUES (18, '业');
INSERT INTO `word` VALUES (19, '丛');
INSERT INTO `word` VALUES (20, '东');
INSERT INTO `word` VALUES (21, '丝');
INSERT INTO `word` VALUES (22, '丢');
INSERT INTO `word` VALUES (23, '两');
INSERT INTO `word` VALUES (24, '严');
INSERT INTO `word` VALUES (25, '丧');
INSERT INTO `word` VALUES (26, '个');
INSERT INTO `word` VALUES (27, '中');
INSERT INTO `word` VALUES (28, '丰');
INSERT INTO `word` VALUES (29, '串');
INSERT INTO `word` VALUES (30, '临');
INSERT INTO `word` VALUES (31, '丸');
INSERT INTO `word` VALUES (32, '丹');
INSERT INTO `word` VALUES (33, '为');
INSERT INTO `word` VALUES (34, '主');
INSERT INTO `word` VALUES (35, '丽');
INSERT INTO `word` VALUES (36, '举');
INSERT INTO `word` VALUES (37, '乃');
INSERT INTO `word` VALUES (38, '久');
INSERT INTO `word` VALUES (39, '么');
INSERT INTO `word` VALUES (40, '义');
INSERT INTO `word` VALUES (41, '之');
INSERT INTO `word` VALUES (42, '乌');
INSERT INTO `word` VALUES (43, '乍');
INSERT INTO `word` VALUES (44, '乎');
INSERT INTO `word` VALUES (45, '乏');
INSERT INTO `word` VALUES (46, '乐');
INSERT INTO `word` VALUES (47, '乒');
INSERT INTO `word` VALUES (48, '乓');
INSERT INTO `word` VALUES (49, '乔');
INSERT INTO `word` VALUES (50, '乖');
INSERT INTO `word` VALUES (51, '乘');
INSERT INTO `word` VALUES (52, '乙');
INSERT INTO `word` VALUES (53, '九');
INSERT INTO `word` VALUES (54, '乞');
INSERT INTO `word` VALUES (55, '也');
INSERT INTO `word` VALUES (56, '习');
INSERT INTO `word` VALUES (57, '乡');
INSERT INTO `word` VALUES (58, '书');
INSERT INTO `word` VALUES (59, '买');
INSERT INTO `word` VALUES (60, '乱');
INSERT INTO `word` VALUES (61, '乳');
INSERT INTO `word` VALUES (62, '了');
INSERT INTO `word` VALUES (63, '予');
INSERT INTO `word` VALUES (64, '争');
INSERT INTO `word` VALUES (65, '事');
INSERT INTO `word` VALUES (66, '二');
INSERT INTO `word` VALUES (67, '于');
INSERT INTO `word` VALUES (68, '亏');
INSERT INTO `word` VALUES (69, '云');
INSERT INTO `word` VALUES (70, '互');
INSERT INTO `word` VALUES (71, '五');
INSERT INTO `word` VALUES (72, '井');
INSERT INTO `word` VALUES (73, '亚');
INSERT INTO `word` VALUES (74, '些');
INSERT INTO `word` VALUES (75, '亡');
INSERT INTO `word` VALUES (76, '交');
INSERT INTO `word` VALUES (77, '亥');
INSERT INTO `word` VALUES (78, '亦');
INSERT INTO `word` VALUES (79, '产');
INSERT INTO `word` VALUES (80, '亩');
INSERT INTO `word` VALUES (81, '享');
INSERT INTO `word` VALUES (82, '京');
INSERT INTO `word` VALUES (83, '亭');
INSERT INTO `word` VALUES (84, '亮');
INSERT INTO `word` VALUES (85, '亲');
INSERT INTO `word` VALUES (86, '人');
INSERT INTO `word` VALUES (87, '亿');
INSERT INTO `word` VALUES (88, '什');
INSERT INTO `word` VALUES (89, '仁');
INSERT INTO `word` VALUES (90, '仅');
INSERT INTO `word` VALUES (91, '仆');
INSERT INTO `word` VALUES (92, '仇');
INSERT INTO `word` VALUES (93, '今');
INSERT INTO `word` VALUES (94, '介');
INSERT INTO `word` VALUES (95, '仍');
INSERT INTO `word` VALUES (96, '从');
INSERT INTO `word` VALUES (97, '仑');
INSERT INTO `word` VALUES (98, '仓');
INSERT INTO `word` VALUES (99, '仔');
INSERT INTO `word` VALUES (100, '他');
INSERT INTO `word` VALUES (101, '仗');
INSERT INTO `word` VALUES (102, '付');
INSERT INTO `word` VALUES (103, '仙');
INSERT INTO `word` VALUES (104, '代');
INSERT INTO `word` VALUES (105, '令');
INSERT INTO `word` VALUES (106, '以');
INSERT INTO `word` VALUES (107, '仪');
INSERT INTO `word` VALUES (108, '们');
INSERT INTO `word` VALUES (109, '仰');
INSERT INTO `word` VALUES (110, '仲');
INSERT INTO `word` VALUES (111, '件');
INSERT INTO `word` VALUES (112, '价');
INSERT INTO `word` VALUES (113, '任');
INSERT INTO `word` VALUES (114, '份');
INSERT INTO `word` VALUES (115, '仿');
INSERT INTO `word` VALUES (116, '企');
INSERT INTO `word` VALUES (117, '伊');
INSERT INTO `word` VALUES (118, '伍');
INSERT INTO `word` VALUES (119, '伏');
INSERT INTO `word` VALUES (120, '伐');
INSERT INTO `word` VALUES (121, '休');
INSERT INTO `word` VALUES (122, '众');
INSERT INTO `word` VALUES (123, '优');
INSERT INTO `word` VALUES (124, '伙');
INSERT INTO `word` VALUES (125, '会');
INSERT INTO `word` VALUES (126, '伞');
INSERT INTO `word` VALUES (127, '伟');
INSERT INTO `word` VALUES (128, '传');
INSERT INTO `word` VALUES (129, '伤');
INSERT INTO `word` VALUES (130, '伦');
INSERT INTO `word` VALUES (131, '伪');
INSERT INTO `word` VALUES (132, '伯');
INSERT INTO `word` VALUES (133, '估');
INSERT INTO `word` VALUES (134, '伴');
INSERT INTO `word` VALUES (135, '伶');
INSERT INTO `word` VALUES (136, '伸');
INSERT INTO `word` VALUES (137, '伺');
INSERT INTO `word` VALUES (138, '似');
INSERT INTO `word` VALUES (139, '佃');
INSERT INTO `word` VALUES (140, '但');
INSERT INTO `word` VALUES (141, '位');
INSERT INTO `word` VALUES (142, '低');
INSERT INTO `word` VALUES (143, '住');
INSERT INTO `word` VALUES (144, '佑');
INSERT INTO `word` VALUES (145, '体');
INSERT INTO `word` VALUES (146, '何');
INSERT INTO `word` VALUES (147, '余');
INSERT INTO `word` VALUES (148, '佛');
INSERT INTO `word` VALUES (149, '作');
INSERT INTO `word` VALUES (150, '你');
INSERT INTO `word` VALUES (151, '佣');
INSERT INTO `word` VALUES (152, '佩');
INSERT INTO `word` VALUES (153, '佳');
INSERT INTO `word` VALUES (154, '使');
INSERT INTO `word` VALUES (155, '侄');
INSERT INTO `word` VALUES (156, '侈');
INSERT INTO `word` VALUES (157, '例');
INSERT INTO `word` VALUES (158, '侍');
INSERT INTO `word` VALUES (159, '供');
INSERT INTO `word` VALUES (160, '依');
INSERT INTO `word` VALUES (161, '侠');
INSERT INTO `word` VALUES (162, '侣');
INSERT INTO `word` VALUES (163, '侥');
INSERT INTO `word` VALUES (164, '侦');
INSERT INTO `word` VALUES (165, '侧');
INSERT INTO `word` VALUES (166, '侨');
INSERT INTO `word` VALUES (167, '侮');
INSERT INTO `word` VALUES (168, '侯');
INSERT INTO `word` VALUES (169, '侵');
INSERT INTO `word` VALUES (170, '便');
INSERT INTO `word` VALUES (171, '促');
INSERT INTO `word` VALUES (172, '俄');
INSERT INTO `word` VALUES (173, '俊');
INSERT INTO `word` VALUES (174, '俏');
INSERT INTO `word` VALUES (175, '俐');
INSERT INTO `word` VALUES (176, '俗');
INSERT INTO `word` VALUES (177, '俘');
INSERT INTO `word` VALUES (178, '保');
INSERT INTO `word` VALUES (179, '信');
INSERT INTO `word` VALUES (180, '俩');
INSERT INTO `word` VALUES (181, '俭');
INSERT INTO `word` VALUES (182, '修');
INSERT INTO `word` VALUES (183, '俯');
INSERT INTO `word` VALUES (184, '俱');
INSERT INTO `word` VALUES (185, '俺');
INSERT INTO `word` VALUES (186, '倍');
INSERT INTO `word` VALUES (187, '倒');
INSERT INTO `word` VALUES (188, '倔');
INSERT INTO `word` VALUES (189, '倘');
INSERT INTO `word` VALUES (190, '候');
INSERT INTO `word` VALUES (191, '倚');
INSERT INTO `word` VALUES (192, '借');
INSERT INTO `word` VALUES (193, '倡');
INSERT INTO `word` VALUES (194, '倦');
INSERT INTO `word` VALUES (195, '债');
INSERT INTO `word` VALUES (196, '值');
INSERT INTO `word` VALUES (197, '倾');
INSERT INTO `word` VALUES (198, '假');
INSERT INTO `word` VALUES (199, '偎');
INSERT INTO `word` VALUES (200, '偏');
INSERT INTO `word` VALUES (201, '做');
INSERT INTO `word` VALUES (202, '停');
INSERT INTO `word` VALUES (203, '健');
INSERT INTO `word` VALUES (204, '偶');
INSERT INTO `word` VALUES (205, '偷');
INSERT INTO `word` VALUES (206, '偿');
INSERT INTO `word` VALUES (207, '傀');
INSERT INTO `word` VALUES (208, '傅');
INSERT INTO `word` VALUES (209, '傍');
INSERT INTO `word` VALUES (210, '储');
INSERT INTO `word` VALUES (211, '催');
INSERT INTO `word` VALUES (212, '傲');
INSERT INTO `word` VALUES (213, '傻');
INSERT INTO `word` VALUES (214, '像');
INSERT INTO `word` VALUES (215, '僚');
INSERT INTO `word` VALUES (216, '僧');
INSERT INTO `word` VALUES (217, '僵');
INSERT INTO `word` VALUES (218, '僻');
INSERT INTO `word` VALUES (219, '儒');
INSERT INTO `word` VALUES (220, '儡');
INSERT INTO `word` VALUES (221, '儿');
INSERT INTO `word` VALUES (222, '允');
INSERT INTO `word` VALUES (223, '元');
INSERT INTO `word` VALUES (224, '兄');
INSERT INTO `word` VALUES (225, '充');
INSERT INTO `word` VALUES (226, '兆');
INSERT INTO `word` VALUES (227, '先');
INSERT INTO `word` VALUES (228, '光');
INSERT INTO `word` VALUES (229, '克');
INSERT INTO `word` VALUES (230, '免');
INSERT INTO `word` VALUES (231, '兑');
INSERT INTO `word` VALUES (232, '兔');
INSERT INTO `word` VALUES (233, '党');
INSERT INTO `word` VALUES (234, '兜');
INSERT INTO `word` VALUES (235, '兢');
INSERT INTO `word` VALUES (236, '入');
INSERT INTO `word` VALUES (237, '全');
INSERT INTO `word` VALUES (238, '八');
INSERT INTO `word` VALUES (239, '公');
INSERT INTO `word` VALUES (240, '六');
INSERT INTO `word` VALUES (241, '兰');
INSERT INTO `word` VALUES (242, '共');
INSERT INTO `word` VALUES (243, '关');
INSERT INTO `word` VALUES (244, '兴');
INSERT INTO `word` VALUES (245, '兵');
INSERT INTO `word` VALUES (246, '其');
INSERT INTO `word` VALUES (247, '具');
INSERT INTO `word` VALUES (248, '典');
INSERT INTO `word` VALUES (249, '养');
INSERT INTO `word` VALUES (250, '兼');
INSERT INTO `word` VALUES (251, '兽');
INSERT INTO `word` VALUES (252, '冀');
INSERT INTO `word` VALUES (253, '内');
INSERT INTO `word` VALUES (254, '冈');
INSERT INTO `word` VALUES (255, '册');
INSERT INTO `word` VALUES (256, '再');
INSERT INTO `word` VALUES (257, '冒');
INSERT INTO `word` VALUES (258, '冕');
INSERT INTO `word` VALUES (259, '冗');
INSERT INTO `word` VALUES (260, '写');
INSERT INTO `word` VALUES (261, '军');
INSERT INTO `word` VALUES (262, '农');
INSERT INTO `word` VALUES (263, '冠');
INSERT INTO `word` VALUES (264, '冤');
INSERT INTO `word` VALUES (265, '冬');
INSERT INTO `word` VALUES (266, '冯');
INSERT INTO `word` VALUES (267, '冰');
INSERT INTO `word` VALUES (268, '冲');
INSERT INTO `word` VALUES (269, '决');
INSERT INTO `word` VALUES (270, '况');
INSERT INTO `word` VALUES (271, '冶');
INSERT INTO `word` VALUES (272, '冷');
INSERT INTO `word` VALUES (273, '冻');
INSERT INTO `word` VALUES (274, '净');
INSERT INTO `word` VALUES (275, '凄');
INSERT INTO `word` VALUES (276, '准');
INSERT INTO `word` VALUES (277, '凉');
INSERT INTO `word` VALUES (278, '凌');
INSERT INTO `word` VALUES (279, '减');
INSERT INTO `word` VALUES (280, '凑');
INSERT INTO `word` VALUES (281, '凛');
INSERT INTO `word` VALUES (282, '凝');
INSERT INTO `word` VALUES (283, '几');
INSERT INTO `word` VALUES (284, '凡');
INSERT INTO `word` VALUES (285, '凤');
INSERT INTO `word` VALUES (286, '凫');
INSERT INTO `word` VALUES (287, '凭');
INSERT INTO `word` VALUES (288, '凯');
INSERT INTO `word` VALUES (289, '凰');
INSERT INTO `word` VALUES (290, '凳');
INSERT INTO `word` VALUES (291, '凶');
INSERT INTO `word` VALUES (292, '凸');
INSERT INTO `word` VALUES (293, '凹');
INSERT INTO `word` VALUES (294, '出');
INSERT INTO `word` VALUES (295, '击');
INSERT INTO `word` VALUES (296, '函');
INSERT INTO `word` VALUES (297, '凿');
INSERT INTO `word` VALUES (298, '刀');
INSERT INTO `word` VALUES (299, '刁');
INSERT INTO `word` VALUES (300, '刃');
INSERT INTO `word` VALUES (301, '分');
INSERT INTO `word` VALUES (302, '切');
INSERT INTO `word` VALUES (303, '刊');
INSERT INTO `word` VALUES (304, '刑');
INSERT INTO `word` VALUES (305, '划');
INSERT INTO `word` VALUES (306, '列');
INSERT INTO `word` VALUES (307, '刘');
INSERT INTO `word` VALUES (308, '则');
INSERT INTO `word` VALUES (309, '刚');
INSERT INTO `word` VALUES (310, '创');
INSERT INTO `word` VALUES (311, '初');
INSERT INTO `word` VALUES (312, '删');
INSERT INTO `word` VALUES (313, '判');
INSERT INTO `word` VALUES (314, '刨');
INSERT INTO `word` VALUES (315, '利');
INSERT INTO `word` VALUES (316, '别');
INSERT INTO `word` VALUES (317, '刮');
INSERT INTO `word` VALUES (318, '到');
INSERT INTO `word` VALUES (319, '制');
INSERT INTO `word` VALUES (320, '刷');
INSERT INTO `word` VALUES (321, '券');
INSERT INTO `word` VALUES (322, '刹');
INSERT INTO `word` VALUES (323, '刺');
INSERT INTO `word` VALUES (324, '刻');
INSERT INTO `word` VALUES (325, '刽');
INSERT INTO `word` VALUES (326, '剂');
INSERT INTO `word` VALUES (327, '剃');
INSERT INTO `word` VALUES (328, '削');
INSERT INTO `word` VALUES (329, '前');
INSERT INTO `word` VALUES (330, '剑');
INSERT INTO `word` VALUES (331, '剔');
INSERT INTO `word` VALUES (332, '剖');
INSERT INTO `word` VALUES (333, '剥');
INSERT INTO `word` VALUES (334, '剧');
INSERT INTO `word` VALUES (335, '剩');
INSERT INTO `word` VALUES (336, '剪');
INSERT INTO `word` VALUES (337, '副');
INSERT INTO `word` VALUES (338, '割');
INSERT INTO `word` VALUES (339, '剿');
INSERT INTO `word` VALUES (340, '劈');
INSERT INTO `word` VALUES (341, '力');
INSERT INTO `word` VALUES (342, '劝');
INSERT INTO `word` VALUES (343, '办');
INSERT INTO `word` VALUES (344, '功');
INSERT INTO `word` VALUES (345, '加');
INSERT INTO `word` VALUES (346, '务');
INSERT INTO `word` VALUES (347, '劣');
INSERT INTO `word` VALUES (348, '动');
INSERT INTO `word` VALUES (349, '助');
INSERT INTO `word` VALUES (350, '努');
INSERT INTO `word` VALUES (351, '劫');
INSERT INTO `word` VALUES (352, '励');
INSERT INTO `word` VALUES (353, '劲');
INSERT INTO `word` VALUES (354, '劳');
INSERT INTO `word` VALUES (355, '势');
INSERT INTO `word` VALUES (356, '勃');
INSERT INTO `word` VALUES (357, '勇');
INSERT INTO `word` VALUES (358, '勉');
INSERT INTO `word` VALUES (359, '勋');
INSERT INTO `word` VALUES (360, '勒');
INSERT INTO `word` VALUES (361, '勘');
INSERT INTO `word` VALUES (362, '募');
INSERT INTO `word` VALUES (363, '勤');
INSERT INTO `word` VALUES (364, '勺');
INSERT INTO `word` VALUES (365, '勾');
INSERT INTO `word` VALUES (366, '勿');
INSERT INTO `word` VALUES (367, '匀');
INSERT INTO `word` VALUES (368, '包');
INSERT INTO `word` VALUES (369, '匆');
INSERT INTO `word` VALUES (370, '匈');
INSERT INTO `word` VALUES (371, '匕');
INSERT INTO `word` VALUES (372, '化');
INSERT INTO `word` VALUES (373, '北');
INSERT INTO `word` VALUES (374, '匙');
INSERT INTO `word` VALUES (375, '匠');
INSERT INTO `word` VALUES (376, '匣');
INSERT INTO `word` VALUES (377, '匪');
INSERT INTO `word` VALUES (378, '匹');
INSERT INTO `word` VALUES (379, '区');
INSERT INTO `word` VALUES (380, '医');
INSERT INTO `word` VALUES (381, '匾');
INSERT INTO `word` VALUES (382, '匿');
INSERT INTO `word` VALUES (383, '十');
INSERT INTO `word` VALUES (384, '千');
INSERT INTO `word` VALUES (385, '升');
INSERT INTO `word` VALUES (386, '午');
INSERT INTO `word` VALUES (387, '半');
INSERT INTO `word` VALUES (388, '华');
INSERT INTO `word` VALUES (389, '协');
INSERT INTO `word` VALUES (390, '卑');
INSERT INTO `word` VALUES (391, '卒');
INSERT INTO `word` VALUES (392, '卓');
INSERT INTO `word` VALUES (393, '单');
INSERT INTO `word` VALUES (394, '卖');
INSERT INTO `word` VALUES (395, '南');
INSERT INTO `word` VALUES (396, '博');
INSERT INTO `word` VALUES (397, '卜');
INSERT INTO `word` VALUES (398, '占');
INSERT INTO `word` VALUES (399, '卡');
INSERT INTO `word` VALUES (400, '卢');
INSERT INTO `word` VALUES (401, '卤');
INSERT INTO `word` VALUES (402, '卦');
INSERT INTO `word` VALUES (403, '卧');
INSERT INTO `word` VALUES (404, '卫');
INSERT INTO `word` VALUES (405, '印');
INSERT INTO `word` VALUES (406, '危');
INSERT INTO `word` VALUES (407, '即');
INSERT INTO `word` VALUES (408, '却');
INSERT INTO `word` VALUES (409, '卵');
INSERT INTO `word` VALUES (410, '卷');
INSERT INTO `word` VALUES (411, '卸');
INSERT INTO `word` VALUES (412, '卿');
INSERT INTO `word` VALUES (413, '厂');
INSERT INTO `word` VALUES (414, '厅');
INSERT INTO `word` VALUES (415, '历');
INSERT INTO `word` VALUES (416, '厉');
INSERT INTO `word` VALUES (417, '压');
INSERT INTO `word` VALUES (418, '厌');
INSERT INTO `word` VALUES (419, '厕');
INSERT INTO `word` VALUES (420, '厘');
INSERT INTO `word` VALUES (421, '厚');
INSERT INTO `word` VALUES (422, '原');
INSERT INTO `word` VALUES (423, '厢');
INSERT INTO `word` VALUES (424, '厦');
INSERT INTO `word` VALUES (425, '厨');
INSERT INTO `word` VALUES (426, '去');
INSERT INTO `word` VALUES (427, '县');
INSERT INTO `word` VALUES (428, '参');
INSERT INTO `word` VALUES (429, '又');
INSERT INTO `word` VALUES (430, '叉');
INSERT INTO `word` VALUES (431, '及');
INSERT INTO `word` VALUES (432, '友');
INSERT INTO `word` VALUES (433, '双');
INSERT INTO `word` VALUES (434, '反');
INSERT INTO `word` VALUES (435, '发');
INSERT INTO `word` VALUES (436, '叔');
INSERT INTO `word` VALUES (437, '取');
INSERT INTO `word` VALUES (438, '受');
INSERT INTO `word` VALUES (439, '变');
INSERT INTO `word` VALUES (440, '叙');
INSERT INTO `word` VALUES (441, '叛');
INSERT INTO `word` VALUES (442, '叠');
INSERT INTO `word` VALUES (443, '口');
INSERT INTO `word` VALUES (444, '古');
INSERT INTO `word` VALUES (445, '句');
INSERT INTO `word` VALUES (446, '另');
INSERT INTO `word` VALUES (447, '叨');
INSERT INTO `word` VALUES (448, '只');
INSERT INTO `word` VALUES (449, '叫');
INSERT INTO `word` VALUES (450, '召');
INSERT INTO `word` VALUES (451, '叭');
INSERT INTO `word` VALUES (452, '叮');
INSERT INTO `word` VALUES (453, '可');
INSERT INTO `word` VALUES (454, '台');
INSERT INTO `word` VALUES (455, '史');
INSERT INTO `word` VALUES (456, '右');
INSERT INTO `word` VALUES (457, '叶');
INSERT INTO `word` VALUES (458, '号');
INSERT INTO `word` VALUES (459, '司');
INSERT INTO `word` VALUES (460, '叹');
INSERT INTO `word` VALUES (461, '叼');
INSERT INTO `word` VALUES (462, '叽');
INSERT INTO `word` VALUES (463, '吁');
INSERT INTO `word` VALUES (464, '吃');
INSERT INTO `word` VALUES (465, '各');
INSERT INTO `word` VALUES (466, '吆');
INSERT INTO `word` VALUES (467, '合');
INSERT INTO `word` VALUES (468, '吉');
INSERT INTO `word` VALUES (469, '吊');
INSERT INTO `word` VALUES (470, '同');
INSERT INTO `word` VALUES (471, '名');
INSERT INTO `word` VALUES (472, '后');
INSERT INTO `word` VALUES (473, '吏');
INSERT INTO `word` VALUES (474, '吐');
INSERT INTO `word` VALUES (475, '向');
INSERT INTO `word` VALUES (476, '吓');
INSERT INTO `word` VALUES (477, '吕');
INSERT INTO `word` VALUES (478, '吗');
INSERT INTO `word` VALUES (479, '君');
INSERT INTO `word` VALUES (480, '吝');
INSERT INTO `word` VALUES (481, '吞');
INSERT INTO `word` VALUES (482, '吟');
INSERT INTO `word` VALUES (483, '吠');
INSERT INTO `word` VALUES (484, '否');
INSERT INTO `word` VALUES (485, '吧');
INSERT INTO `word` VALUES (486, '吨');
INSERT INTO `word` VALUES (487, '吩');
INSERT INTO `word` VALUES (488, '含');
INSERT INTO `word` VALUES (489, '听');
INSERT INTO `word` VALUES (490, '吭');
INSERT INTO `word` VALUES (491, '吮');
INSERT INTO `word` VALUES (492, '启');
INSERT INTO `word` VALUES (493, '吱');
INSERT INTO `word` VALUES (494, '吴');
INSERT INTO `word` VALUES (495, '吵');
INSERT INTO `word` VALUES (496, '吸');
INSERT INTO `word` VALUES (497, '吹');
INSERT INTO `word` VALUES (498, '吻');
INSERT INTO `word` VALUES (499, '吼');
INSERT INTO `word` VALUES (500, '呀');
INSERT INTO `word` VALUES (501, '呆');
INSERT INTO `word` VALUES (502, '呈');
INSERT INTO `word` VALUES (503, '告');
INSERT INTO `word` VALUES (504, '呐');
INSERT INTO `word` VALUES (505, '呕');
INSERT INTO `word` VALUES (506, '员');
INSERT INTO `word` VALUES (507, '呛');
INSERT INTO `word` VALUES (508, '呜');
INSERT INTO `word` VALUES (509, '呢');
INSERT INTO `word` VALUES (510, '周');
INSERT INTO `word` VALUES (511, '味');
INSERT INTO `word` VALUES (512, '呵');
INSERT INTO `word` VALUES (513, '呻');
INSERT INTO `word` VALUES (514, '呼');
INSERT INTO `word` VALUES (515, '命');
INSERT INTO `word` VALUES (516, '咆');
INSERT INTO `word` VALUES (517, '和');
INSERT INTO `word` VALUES (518, '咏');
INSERT INTO `word` VALUES (519, '咐');
INSERT INTO `word` VALUES (520, '咒');
INSERT INTO `word` VALUES (521, '咕');
INSERT INTO `word` VALUES (522, '咖');
INSERT INTO `word` VALUES (523, '咙');
INSERT INTO `word` VALUES (524, '咧');
INSERT INTO `word` VALUES (525, '咨');
INSERT INTO `word` VALUES (526, '咪');
INSERT INTO `word` VALUES (527, '咬');
INSERT INTO `word` VALUES (528, '咱');
INSERT INTO `word` VALUES (529, '咳');
INSERT INTO `word` VALUES (530, '咸');
INSERT INTO `word` VALUES (531, '咽');
INSERT INTO `word` VALUES (532, '哀');
INSERT INTO `word` VALUES (533, '品');
INSERT INTO `word` VALUES (534, '哄');
INSERT INTO `word` VALUES (535, '哆');
INSERT INTO `word` VALUES (536, '哈');
INSERT INTO `word` VALUES (537, '响');
INSERT INTO `word` VALUES (538, '哎');
INSERT INTO `word` VALUES (539, '哑');
INSERT INTO `word` VALUES (540, '哗');
INSERT INTO `word` VALUES (541, '哟');
INSERT INTO `word` VALUES (542, '哥');
INSERT INTO `word` VALUES (543, '哨');
INSERT INTO `word` VALUES (544, '哩');
INSERT INTO `word` VALUES (545, '哪');
INSERT INTO `word` VALUES (546, '哭');
INSERT INTO `word` VALUES (547, '哮');
INSERT INTO `word` VALUES (548, '哲');
INSERT INTO `word` VALUES (549, '哺');
INSERT INTO `word` VALUES (550, '哼');
INSERT INTO `word` VALUES (551, '唁');
INSERT INTO `word` VALUES (552, '唆');
INSERT INTO `word` VALUES (553, '唇');
INSERT INTO `word` VALUES (554, '唉');
INSERT INTO `word` VALUES (555, '唐');
INSERT INTO `word` VALUES (556, '唠');
INSERT INTO `word` VALUES (557, '唤');
INSERT INTO `word` VALUES (558, '唧');
INSERT INTO `word` VALUES (559, '唬');
INSERT INTO `word` VALUES (560, '售');
INSERT INTO `word` VALUES (561, '唯');
INSERT INTO `word` VALUES (562, '唱');
INSERT INTO `word` VALUES (563, '唾');
INSERT INTO `word` VALUES (564, '啃');
INSERT INTO `word` VALUES (565, '啄');
INSERT INTO `word` VALUES (566, '商');
INSERT INTO `word` VALUES (567, '啊');
INSERT INTO `word` VALUES (568, '啡');
INSERT INTO `word` VALUES (569, '啤');
INSERT INTO `word` VALUES (570, '啥');
INSERT INTO `word` VALUES (571, '啦');
INSERT INTO `word` VALUES (572, '啰');
INSERT INTO `word` VALUES (573, '啸');
INSERT INTO `word` VALUES (574, '啼');
INSERT INTO `word` VALUES (575, '喂');
INSERT INTO `word` VALUES (576, '善');
INSERT INTO `word` VALUES (577, '喇');
INSERT INTO `word` VALUES (578, '喉');
INSERT INTO `word` VALUES (579, '喊');
INSERT INTO `word` VALUES (580, '喘');
INSERT INTO `word` VALUES (581, '喜');
INSERT INTO `word` VALUES (582, '喝');
INSERT INTO `word` VALUES (583, '喧');
INSERT INTO `word` VALUES (584, '喳');
INSERT INTO `word` VALUES (585, '喷');
INSERT INTO `word` VALUES (586, '喻');
INSERT INTO `word` VALUES (587, '嗅');
INSERT INTO `word` VALUES (588, '嗓');
INSERT INTO `word` VALUES (589, '嗜');
INSERT INTO `word` VALUES (590, '嗡');
INSERT INTO `word` VALUES (591, '嗤');
INSERT INTO `word` VALUES (592, '嗦');
INSERT INTO `word` VALUES (593, '嗽');
INSERT INTO `word` VALUES (594, '嘀');
INSERT INTO `word` VALUES (595, '嘁');
INSERT INTO `word` VALUES (596, '嘉');
INSERT INTO `word` VALUES (597, '嘱');
INSERT INTO `word` VALUES (598, '嘲');
INSERT INTO `word` VALUES (599, '嘴');
INSERT INTO `word` VALUES (600, '嘶');
INSERT INTO `word` VALUES (601, '嘹');
INSERT INTO `word` VALUES (602, '嘿');
INSERT INTO `word` VALUES (603, '器');
INSERT INTO `word` VALUES (604, '噩');
INSERT INTO `word` VALUES (605, '噪');
INSERT INTO `word` VALUES (606, '嚎');
INSERT INTO `word` VALUES (607, '嚣');
INSERT INTO `word` VALUES (608, '嚷');
INSERT INTO `word` VALUES (609, '嚼');
INSERT INTO `word` VALUES (610, '囊');
INSERT INTO `word` VALUES (611, '囚');
INSERT INTO `word` VALUES (612, '四');
INSERT INTO `word` VALUES (613, '回');
INSERT INTO `word` VALUES (614, '因');
INSERT INTO `word` VALUES (615, '团');
INSERT INTO `word` VALUES (616, '囤');
INSERT INTO `word` VALUES (617, '园');
INSERT INTO `word` VALUES (618, '困');
INSERT INTO `word` VALUES (619, '囱');
INSERT INTO `word` VALUES (620, '围');
INSERT INTO `word` VALUES (621, '固');
INSERT INTO `word` VALUES (622, '国');
INSERT INTO `word` VALUES (623, '图');
INSERT INTO `word` VALUES (624, '圃');
INSERT INTO `word` VALUES (625, '圆');
INSERT INTO `word` VALUES (626, '圈');
INSERT INTO `word` VALUES (627, '土');
INSERT INTO `word` VALUES (628, '圣');
INSERT INTO `word` VALUES (629, '在');
INSERT INTO `word` VALUES (630, '地');
INSERT INTO `word` VALUES (631, '场');
INSERT INTO `word` VALUES (632, '圾');
INSERT INTO `word` VALUES (633, '址');
INSERT INTO `word` VALUES (634, '均');
INSERT INTO `word` VALUES (635, '坊');
INSERT INTO `word` VALUES (636, '坎');
INSERT INTO `word` VALUES (637, '坏');
INSERT INTO `word` VALUES (638, '坐');
INSERT INTO `word` VALUES (639, '坑');
INSERT INTO `word` VALUES (640, '块');
INSERT INTO `word` VALUES (641, '坚');
INSERT INTO `word` VALUES (642, '坛');
INSERT INTO `word` VALUES (643, '坝');
INSERT INTO `word` VALUES (644, '坞');
INSERT INTO `word` VALUES (645, '坟');
INSERT INTO `word` VALUES (646, '坠');
INSERT INTO `word` VALUES (647, '坡');
INSERT INTO `word` VALUES (648, '坤');
INSERT INTO `word` VALUES (649, '坦');
INSERT INTO `word` VALUES (650, '坪');
INSERT INTO `word` VALUES (651, '坯');
INSERT INTO `word` VALUES (652, '坷');
INSERT INTO `word` VALUES (653, '垂');
INSERT INTO `word` VALUES (654, '垃');
INSERT INTO `word` VALUES (655, '垄');
INSERT INTO `word` VALUES (656, '型');
INSERT INTO `word` VALUES (657, '垒');
INSERT INTO `word` VALUES (658, '垛');
INSERT INTO `word` VALUES (659, '垢');
INSERT INTO `word` VALUES (660, '垦');
INSERT INTO `word` VALUES (661, '垫');
INSERT INTO `word` VALUES (662, '垮');
INSERT INTO `word` VALUES (663, '埂');
INSERT INTO `word` VALUES (664, '埃');
INSERT INTO `word` VALUES (665, '埋');
INSERT INTO `word` VALUES (666, '城');
INSERT INTO `word` VALUES (667, '域');
INSERT INTO `word` VALUES (668, '埠');
INSERT INTO `word` VALUES (669, '培');
INSERT INTO `word` VALUES (670, '基');
INSERT INTO `word` VALUES (671, '堂');
INSERT INTO `word` VALUES (672, '堆');
INSERT INTO `word` VALUES (673, '堕');
INSERT INTO `word` VALUES (674, '堡');
INSERT INTO `word` VALUES (675, '堤');
INSERT INTO `word` VALUES (676, '堪');
INSERT INTO `word` VALUES (677, '堰');
INSERT INTO `word` VALUES (678, '堵');
INSERT INTO `word` VALUES (679, '塌');
INSERT INTO `word` VALUES (680, '塑');
INSERT INTO `word` VALUES (681, '塔');
INSERT INTO `word` VALUES (682, '塘');
INSERT INTO `word` VALUES (683, '塞');
INSERT INTO `word` VALUES (684, '填');
INSERT INTO `word` VALUES (685, '境');
INSERT INTO `word` VALUES (686, '墅');
INSERT INTO `word` VALUES (687, '墓');
INSERT INTO `word` VALUES (688, '墙');
INSERT INTO `word` VALUES (689, '增');
INSERT INTO `word` VALUES (690, '墨');
INSERT INTO `word` VALUES (691, '墩');
INSERT INTO `word` VALUES (692, '壁');
INSERT INTO `word` VALUES (693, '壕');
INSERT INTO `word` VALUES (694, '壤');
INSERT INTO `word` VALUES (695, '士');
INSERT INTO `word` VALUES (696, '壮');
INSERT INTO `word` VALUES (697, '声');
INSERT INTO `word` VALUES (698, '壳');
INSERT INTO `word` VALUES (699, '壶');
INSERT INTO `word` VALUES (700, '壹');
INSERT INTO `word` VALUES (701, '处');
INSERT INTO `word` VALUES (702, '备');
INSERT INTO `word` VALUES (703, '复');
INSERT INTO `word` VALUES (704, '夏');
INSERT INTO `word` VALUES (705, '夕');
INSERT INTO `word` VALUES (706, '外');
INSERT INTO `word` VALUES (707, '多');
INSERT INTO `word` VALUES (708, '夜');
INSERT INTO `word` VALUES (709, '够');
INSERT INTO `word` VALUES (710, '大');
INSERT INTO `word` VALUES (711, '天');
INSERT INTO `word` VALUES (712, '太');
INSERT INTO `word` VALUES (713, '夫');
INSERT INTO `word` VALUES (714, '夭');
INSERT INTO `word` VALUES (715, '央');
INSERT INTO `word` VALUES (716, '夯');
INSERT INTO `word` VALUES (717, '失');
INSERT INTO `word` VALUES (718, '头');
INSERT INTO `word` VALUES (719, '夷');
INSERT INTO `word` VALUES (720, '夸');
INSERT INTO `word` VALUES (721, '夹');
INSERT INTO `word` VALUES (722, '夺');
INSERT INTO `word` VALUES (723, '奄');
INSERT INTO `word` VALUES (724, '奇');
INSERT INTO `word` VALUES (725, '奈');
INSERT INTO `word` VALUES (726, '奉');
INSERT INTO `word` VALUES (727, '奋');
INSERT INTO `word` VALUES (728, '奏');
INSERT INTO `word` VALUES (729, '契');
INSERT INTO `word` VALUES (730, '奔');
INSERT INTO `word` VALUES (731, '奕');
INSERT INTO `word` VALUES (732, '奖');
INSERT INTO `word` VALUES (733, '套');
INSERT INTO `word` VALUES (734, '奠');
INSERT INTO `word` VALUES (735, '奢');
INSERT INTO `word` VALUES (736, '奥');
INSERT INTO `word` VALUES (737, '女');
INSERT INTO `word` VALUES (738, '奴');
INSERT INTO `word` VALUES (739, '奶');
INSERT INTO `word` VALUES (740, '奸');
INSERT INTO `word` VALUES (741, '她');
INSERT INTO `word` VALUES (742, '好');
INSERT INTO `word` VALUES (743, '如');
INSERT INTO `word` VALUES (744, '妄');
INSERT INTO `word` VALUES (745, '妆');
INSERT INTO `word` VALUES (746, '妇');
INSERT INTO `word` VALUES (747, '妈');
INSERT INTO `word` VALUES (748, '妒');
INSERT INTO `word` VALUES (749, '妓');
INSERT INTO `word` VALUES (750, '妖');
INSERT INTO `word` VALUES (751, '妙');
INSERT INTO `word` VALUES (752, '妥');
INSERT INTO `word` VALUES (753, '妨');
INSERT INTO `word` VALUES (754, '妹');
INSERT INTO `word` VALUES (755, '妻');
INSERT INTO `word` VALUES (756, '姆');
INSERT INTO `word` VALUES (757, '姊');
INSERT INTO `word` VALUES (758, '始');
INSERT INTO `word` VALUES (759, '姐');
INSERT INTO `word` VALUES (760, '姑');
INSERT INTO `word` VALUES (761, '姓');
INSERT INTO `word` VALUES (762, '委');
INSERT INTO `word` VALUES (763, '姚');
INSERT INTO `word` VALUES (764, '姜');
INSERT INTO `word` VALUES (765, '姥');
INSERT INTO `word` VALUES (766, '姨');
INSERT INTO `word` VALUES (767, '姻');
INSERT INTO `word` VALUES (768, '姿');
INSERT INTO `word` VALUES (769, '威');
INSERT INTO `word` VALUES (770, '娃');
INSERT INTO `word` VALUES (771, '娄');
INSERT INTO `word` VALUES (772, '娇');
INSERT INTO `word` VALUES (773, '娘');
INSERT INTO `word` VALUES (774, '娜');
INSERT INTO `word` VALUES (775, '娩');
INSERT INTO `word` VALUES (776, '娱');
INSERT INTO `word` VALUES (777, '娶');
INSERT INTO `word` VALUES (778, '婆');
INSERT INTO `word` VALUES (779, '婉');
INSERT INTO `word` VALUES (780, '婚');
INSERT INTO `word` VALUES (781, '婴');
INSERT INTO `word` VALUES (782, '婶');
INSERT INTO `word` VALUES (783, '婿');
INSERT INTO `word` VALUES (784, '媒');
INSERT INTO `word` VALUES (785, '媚');
INSERT INTO `word` VALUES (786, '媳');
INSERT INTO `word` VALUES (787, '嫁');
INSERT INTO `word` VALUES (788, '嫂');
INSERT INTO `word` VALUES (789, '嫉');
INSERT INTO `word` VALUES (790, '嫌');
INSERT INTO `word` VALUES (791, '嫡');
INSERT INTO `word` VALUES (792, '嫩');
INSERT INTO `word` VALUES (793, '嬉');
INSERT INTO `word` VALUES (794, '子');
INSERT INTO `word` VALUES (795, '孔');
INSERT INTO `word` VALUES (796, '孕');
INSERT INTO `word` VALUES (797, '字');
INSERT INTO `word` VALUES (798, '存');
INSERT INTO `word` VALUES (799, '孙');
INSERT INTO `word` VALUES (800, '孝');
INSERT INTO `word` VALUES (801, '孟');
INSERT INTO `word` VALUES (802, '季');
INSERT INTO `word` VALUES (803, '孤');
INSERT INTO `word` VALUES (804, '学');
INSERT INTO `word` VALUES (805, '孩');
INSERT INTO `word` VALUES (806, '孵');
INSERT INTO `word` VALUES (807, '孽');
INSERT INTO `word` VALUES (808, '宁');
INSERT INTO `word` VALUES (809, '它');
INSERT INTO `word` VALUES (810, '宅');
INSERT INTO `word` VALUES (811, '宇');
INSERT INTO `word` VALUES (812, '守');
INSERT INTO `word` VALUES (813, '安');
INSERT INTO `word` VALUES (814, '宋');
INSERT INTO `word` VALUES (815, '完');
INSERT INTO `word` VALUES (816, '宏');
INSERT INTO `word` VALUES (817, '宗');
INSERT INTO `word` VALUES (818, '官');
INSERT INTO `word` VALUES (819, '宙');
INSERT INTO `word` VALUES (820, '定');
INSERT INTO `word` VALUES (821, '宛');
INSERT INTO `word` VALUES (822, '宜');
INSERT INTO `word` VALUES (823, '宝');
INSERT INTO `word` VALUES (824, '实');
INSERT INTO `word` VALUES (825, '宠');
INSERT INTO `word` VALUES (826, '审');
INSERT INTO `word` VALUES (827, '客');
INSERT INTO `word` VALUES (828, '宣');
INSERT INTO `word` VALUES (829, '室');
INSERT INTO `word` VALUES (830, '宦');
INSERT INTO `word` VALUES (831, '宪');
INSERT INTO `word` VALUES (832, '宫');
INSERT INTO `word` VALUES (833, '宰');
INSERT INTO `word` VALUES (834, '害');
INSERT INTO `word` VALUES (835, '宴');
INSERT INTO `word` VALUES (836, '宵');
INSERT INTO `word` VALUES (837, '家');
INSERT INTO `word` VALUES (838, '容');
INSERT INTO `word` VALUES (839, '宽');
INSERT INTO `word` VALUES (840, '宾');
INSERT INTO `word` VALUES (841, '宿');
INSERT INTO `word` VALUES (842, '寂');
INSERT INTO `word` VALUES (843, '寄');
INSERT INTO `word` VALUES (844, '密');
INSERT INTO `word` VALUES (845, '寇');
INSERT INTO `word` VALUES (846, '富');
INSERT INTO `word` VALUES (847, '寒');
INSERT INTO `word` VALUES (848, '寓');
INSERT INTO `word` VALUES (849, '寝');
INSERT INTO `word` VALUES (850, '寞');
INSERT INTO `word` VALUES (851, '察');
INSERT INTO `word` VALUES (852, '寡');
INSERT INTO `word` VALUES (853, '寥');
INSERT INTO `word` VALUES (854, '寨');
INSERT INTO `word` VALUES (855, '寸');
INSERT INTO `word` VALUES (856, '对');
INSERT INTO `word` VALUES (857, '寺');
INSERT INTO `word` VALUES (858, '寻');
INSERT INTO `word` VALUES (859, '导');
INSERT INTO `word` VALUES (860, '寿');
INSERT INTO `word` VALUES (861, '封');
INSERT INTO `word` VALUES (862, '射');
INSERT INTO `word` VALUES (863, '将');
INSERT INTO `word` VALUES (864, '尉');
INSERT INTO `word` VALUES (865, '尊');
INSERT INTO `word` VALUES (866, '小');
INSERT INTO `word` VALUES (867, '少');
INSERT INTO `word` VALUES (868, '尔');
INSERT INTO `word` VALUES (869, '尖');
INSERT INTO `word` VALUES (870, '尘');
INSERT INTO `word` VALUES (871, '尚');
INSERT INTO `word` VALUES (872, '尝');
INSERT INTO `word` VALUES (873, '尤');
INSERT INTO `word` VALUES (874, '就');
INSERT INTO `word` VALUES (875, '尸');
INSERT INTO `word` VALUES (876, '尺');
INSERT INTO `word` VALUES (877, '尼');
INSERT INTO `word` VALUES (878, '尽');
INSERT INTO `word` VALUES (879, '尾');
INSERT INTO `word` VALUES (880, '尿');
INSERT INTO `word` VALUES (881, '局');
INSERT INTO `word` VALUES (882, '屁');
INSERT INTO `word` VALUES (883, '层');
INSERT INTO `word` VALUES (884, '居');
INSERT INTO `word` VALUES (885, '屈');
INSERT INTO `word` VALUES (886, '屉');
INSERT INTO `word` VALUES (887, '届');
INSERT INTO `word` VALUES (888, '屋');
INSERT INTO `word` VALUES (889, '屎');
INSERT INTO `word` VALUES (890, '屏');
INSERT INTO `word` VALUES (891, '屑');
INSERT INTO `word` VALUES (892, '展');
INSERT INTO `word` VALUES (893, '属');
INSERT INTO `word` VALUES (894, '屠');
INSERT INTO `word` VALUES (895, '屡');
INSERT INTO `word` VALUES (896, '履');
INSERT INTO `word` VALUES (897, '屯');
INSERT INTO `word` VALUES (898, '山');
INSERT INTO `word` VALUES (899, '屹');
INSERT INTO `word` VALUES (900, '屿');
INSERT INTO `word` VALUES (901, '岁');
INSERT INTO `word` VALUES (902, '岂');
INSERT INTO `word` VALUES (903, '岔');
INSERT INTO `word` VALUES (904, '岖');
INSERT INTO `word` VALUES (905, '岗');
INSERT INTO `word` VALUES (906, '岛');
INSERT INTO `word` VALUES (907, '岩');
INSERT INTO `word` VALUES (908, '岭');
INSERT INTO `word` VALUES (909, '岳');
INSERT INTO `word` VALUES (910, '岸');
INSERT INTO `word` VALUES (911, '峡');
INSERT INTO `word` VALUES (912, '峦');
INSERT INTO `word` VALUES (913, '峭');
INSERT INTO `word` VALUES (914, '峰');
INSERT INTO `word` VALUES (915, '峻');
INSERT INTO `word` VALUES (916, '崇');
INSERT INTO `word` VALUES (917, '崎');
INSERT INTO `word` VALUES (918, '崔');
INSERT INTO `word` VALUES (919, '崖');
INSERT INTO `word` VALUES (920, '崩');
INSERT INTO `word` VALUES (921, '崭');
INSERT INTO `word` VALUES (922, '嵌');
INSERT INTO `word` VALUES (923, '巍');
INSERT INTO `word` VALUES (924, '川');
INSERT INTO `word` VALUES (925, '州');
INSERT INTO `word` VALUES (926, '巡');
INSERT INTO `word` VALUES (927, '巢');
INSERT INTO `word` VALUES (928, '工');
INSERT INTO `word` VALUES (929, '左');
INSERT INTO `word` VALUES (930, '巧');
INSERT INTO `word` VALUES (931, '巨');
INSERT INTO `word` VALUES (932, '巩');
INSERT INTO `word` VALUES (933, '巫');
INSERT INTO `word` VALUES (934, '差');
INSERT INTO `word` VALUES (935, '己');
INSERT INTO `word` VALUES (936, '已');
INSERT INTO `word` VALUES (937, '巴');
INSERT INTO `word` VALUES (938, '巷');
INSERT INTO `word` VALUES (939, '巾');
INSERT INTO `word` VALUES (940, '币');
INSERT INTO `word` VALUES (941, '市');
INSERT INTO `word` VALUES (942, '布');
INSERT INTO `word` VALUES (943, '帅');
INSERT INTO `word` VALUES (944, '帆');
INSERT INTO `word` VALUES (945, '师');
INSERT INTO `word` VALUES (946, '希');
INSERT INTO `word` VALUES (947, '帐');
INSERT INTO `word` VALUES (948, '帕');
INSERT INTO `word` VALUES (949, '帖');
INSERT INTO `word` VALUES (950, '帘');
INSERT INTO `word` VALUES (951, '帚');
INSERT INTO `word` VALUES (952, '帜');
INSERT INTO `word` VALUES (953, '帝');
INSERT INTO `word` VALUES (954, '带');
INSERT INTO `word` VALUES (955, '席');
INSERT INTO `word` VALUES (956, '帮');
INSERT INTO `word` VALUES (957, '常');
INSERT INTO `word` VALUES (958, '帽');
INSERT INTO `word` VALUES (959, '幅');
INSERT INTO `word` VALUES (960, '幌');
INSERT INTO `word` VALUES (961, '幔');
INSERT INTO `word` VALUES (962, '幕');
INSERT INTO `word` VALUES (963, '幢');
INSERT INTO `word` VALUES (964, '干');
INSERT INTO `word` VALUES (965, '平');
INSERT INTO `word` VALUES (966, '年');
INSERT INTO `word` VALUES (967, '并');
INSERT INTO `word` VALUES (968, '幸');
INSERT INTO `word` VALUES (969, '幻');
INSERT INTO `word` VALUES (970, '幼');
INSERT INTO `word` VALUES (971, '幽');
INSERT INTO `word` VALUES (972, '广');
INSERT INTO `word` VALUES (973, '庄');
INSERT INTO `word` VALUES (974, '庆');
INSERT INTO `word` VALUES (975, '庇');
INSERT INTO `word` VALUES (976, '床');
INSERT INTO `word` VALUES (977, '序');
INSERT INTO `word` VALUES (978, '庐');
INSERT INTO `word` VALUES (979, '库');
INSERT INTO `word` VALUES (980, '应');
INSERT INTO `word` VALUES (981, '底');
INSERT INTO `word` VALUES (982, '店');
INSERT INTO `word` VALUES (983, '庙');
INSERT INTO `word` VALUES (984, '府');
INSERT INTO `word` VALUES (985, '庞');
INSERT INTO `word` VALUES (986, '废');
INSERT INTO `word` VALUES (987, '度');
INSERT INTO `word` VALUES (988, '座');
INSERT INTO `word` VALUES (989, '庭');
INSERT INTO `word` VALUES (990, '庵');
INSERT INTO `word` VALUES (991, '庶');
INSERT INTO `word` VALUES (992, '康');
INSERT INTO `word` VALUES (993, '庸');
INSERT INTO `word` VALUES (994, '廉');
INSERT INTO `word` VALUES (995, '廊');
INSERT INTO `word` VALUES (996, '廓');
INSERT INTO `word` VALUES (997, '延');
INSERT INTO `word` VALUES (998, '廷');
INSERT INTO `word` VALUES (999, '建');
INSERT INTO `word` VALUES (1000, '开');
INSERT INTO `word` VALUES (1001, '异');
INSERT INTO `word` VALUES (1002, '弃');
INSERT INTO `word` VALUES (1003, '弄');
INSERT INTO `word` VALUES (1004, '弊');
INSERT INTO `word` VALUES (1005, '式');
INSERT INTO `word` VALUES (1006, '弓');
INSERT INTO `word` VALUES (1007, '引');
INSERT INTO `word` VALUES (1008, '弛');
INSERT INTO `word` VALUES (1009, '弟');
INSERT INTO `word` VALUES (1010, '张');
INSERT INTO `word` VALUES (1011, '弥');
INSERT INTO `word` VALUES (1012, '弦');
INSERT INTO `word` VALUES (1013, '弧');
INSERT INTO `word` VALUES (1014, '弯');
INSERT INTO `word` VALUES (1015, '弱');
INSERT INTO `word` VALUES (1016, '弹');
INSERT INTO `word` VALUES (1017, '强');
INSERT INTO `word` VALUES (1018, '归');
INSERT INTO `word` VALUES (1019, '当');
INSERT INTO `word` VALUES (1020, '录');
INSERT INTO `word` VALUES (1021, '形');
INSERT INTO `word` VALUES (1022, '彤');
INSERT INTO `word` VALUES (1023, '彩');
INSERT INTO `word` VALUES (1024, '彪');
INSERT INTO `word` VALUES (1025, '彬');
INSERT INTO `word` VALUES (1026, '彭');
INSERT INTO `word` VALUES (1027, '彰');
INSERT INTO `word` VALUES (1028, '影');
INSERT INTO `word` VALUES (1029, '役');
INSERT INTO `word` VALUES (1030, '彻');
INSERT INTO `word` VALUES (1031, '彼');
INSERT INTO `word` VALUES (1032, '往');
INSERT INTO `word` VALUES (1033, '征');
INSERT INTO `word` VALUES (1034, '径');
INSERT INTO `word` VALUES (1035, '待');
INSERT INTO `word` VALUES (1036, '很');
INSERT INTO `word` VALUES (1037, '徊');
INSERT INTO `word` VALUES (1038, '律');
INSERT INTO `word` VALUES (1039, '徐');
INSERT INTO `word` VALUES (1040, '徒');
INSERT INTO `word` VALUES (1041, '得');
INSERT INTO `word` VALUES (1042, '徘');
INSERT INTO `word` VALUES (1043, '御');
INSERT INTO `word` VALUES (1044, '循');
INSERT INTO `word` VALUES (1045, '微');
INSERT INTO `word` VALUES (1046, '德');
INSERT INTO `word` VALUES (1047, '徽');
INSERT INTO `word` VALUES (1048, '心');
INSERT INTO `word` VALUES (1049, '必');
INSERT INTO `word` VALUES (1050, '忆');
INSERT INTO `word` VALUES (1051, '忌');
INSERT INTO `word` VALUES (1052, '忍');
INSERT INTO `word` VALUES (1053, '志');
INSERT INTO `word` VALUES (1054, '忘');
INSERT INTO `word` VALUES (1055, '忙');
INSERT INTO `word` VALUES (1056, '忠');
INSERT INTO `word` VALUES (1057, '忧');
INSERT INTO `word` VALUES (1058, '快');
INSERT INTO `word` VALUES (1059, '忱');
INSERT INTO `word` VALUES (1060, '念');
INSERT INTO `word` VALUES (1061, '忽');
INSERT INTO `word` VALUES (1062, '忿');
INSERT INTO `word` VALUES (1063, '怀');
INSERT INTO `word` VALUES (1064, '态');
INSERT INTO `word` VALUES (1065, '怎');
INSERT INTO `word` VALUES (1066, '怒');
INSERT INTO `word` VALUES (1067, '怔');
INSERT INTO `word` VALUES (1068, '怕');
INSERT INTO `word` VALUES (1069, '怖');
INSERT INTO `word` VALUES (1070, '怜');
INSERT INTO `word` VALUES (1071, '思');
INSERT INTO `word` VALUES (1072, '怠');
INSERT INTO `word` VALUES (1073, '急');
INSERT INTO `word` VALUES (1074, '性');
INSERT INTO `word` VALUES (1075, '怨');
INSERT INTO `word` VALUES (1076, '怪');
INSERT INTO `word` VALUES (1077, '怯');
INSERT INTO `word` VALUES (1078, '总');
INSERT INTO `word` VALUES (1079, '恃');
INSERT INTO `word` VALUES (1080, '恋');
INSERT INTO `word` VALUES (1081, '恍');
INSERT INTO `word` VALUES (1082, '恐');
INSERT INTO `word` VALUES (1083, '恒');
INSERT INTO `word` VALUES (1084, '恕');
INSERT INTO `word` VALUES (1085, '恢');
INSERT INTO `word` VALUES (1086, '恤');
INSERT INTO `word` VALUES (1087, '恨');
INSERT INTO `word` VALUES (1088, '恩');
INSERT INTO `word` VALUES (1089, '恬');
INSERT INTO `word` VALUES (1090, '恭');
INSERT INTO `word` VALUES (1091, '息');
INSERT INTO `word` VALUES (1092, '恰');
INSERT INTO `word` VALUES (1093, '恳');
INSERT INTO `word` VALUES (1094, '恶');
INSERT INTO `word` VALUES (1095, '恼');
INSERT INTO `word` VALUES (1096, '悄');
INSERT INTO `word` VALUES (1097, '悉');
INSERT INTO `word` VALUES (1098, '悍');
INSERT INTO `word` VALUES (1099, '悔');
INSERT INTO `word` VALUES (1100, '悟');
INSERT INTO `word` VALUES (1101, '悠');
INSERT INTO `word` VALUES (1102, '患');
INSERT INTO `word` VALUES (1103, '悦');
INSERT INTO `word` VALUES (1104, '您');
INSERT INTO `word` VALUES (1105, '悬');
INSERT INTO `word` VALUES (1106, '悯');
INSERT INTO `word` VALUES (1107, '悲');
INSERT INTO `word` VALUES (1108, '悴');
INSERT INTO `word` VALUES (1109, '悼');
INSERT INTO `word` VALUES (1110, '情');
INSERT INTO `word` VALUES (1111, '惊');
INSERT INTO `word` VALUES (1112, '惋');
INSERT INTO `word` VALUES (1113, '惑');
INSERT INTO `word` VALUES (1114, '惕');
INSERT INTO `word` VALUES (1115, '惜');
INSERT INTO `word` VALUES (1116, '惠');
INSERT INTO `word` VALUES (1117, '惦');
INSERT INTO `word` VALUES (1118, '惧');
INSERT INTO `word` VALUES (1119, '惨');
INSERT INTO `word` VALUES (1120, '惩');
INSERT INTO `word` VALUES (1121, '惫');
INSERT INTO `word` VALUES (1122, '惭');
INSERT INTO `word` VALUES (1123, '惯');
INSERT INTO `word` VALUES (1124, '惰');
INSERT INTO `word` VALUES (1125, '想');
INSERT INTO `word` VALUES (1126, '惶');
INSERT INTO `word` VALUES (1127, '惹');
INSERT INTO `word` VALUES (1128, '愁');
INSERT INTO `word` VALUES (1129, '愈');
INSERT INTO `word` VALUES (1130, '愉');
INSERT INTO `word` VALUES (1131, '意');
INSERT INTO `word` VALUES (1132, '愕');
INSERT INTO `word` VALUES (1133, '愚');
INSERT INTO `word` VALUES (1134, '感');
INSERT INTO `word` VALUES (1135, '愤');
INSERT INTO `word` VALUES (1136, '愧');
INSERT INTO `word` VALUES (1137, '愿');
INSERT INTO `word` VALUES (1138, '慈');
INSERT INTO `word` VALUES (1139, '慌');
INSERT INTO `word` VALUES (1140, '慎');
INSERT INTO `word` VALUES (1141, '慕');
INSERT INTO `word` VALUES (1142, '慢');
INSERT INTO `word` VALUES (1143, '慧');
INSERT INTO `word` VALUES (1144, '慨');
INSERT INTO `word` VALUES (1145, '慰');
INSERT INTO `word` VALUES (1146, '慷');
INSERT INTO `word` VALUES (1147, '憋');
INSERT INTO `word` VALUES (1148, '憎');
INSERT INTO `word` VALUES (1149, '憔');
INSERT INTO `word` VALUES (1150, '憨');
INSERT INTO `word` VALUES (1151, '憾');
INSERT INTO `word` VALUES (1152, '懂');
INSERT INTO `word` VALUES (1153, '懈');
INSERT INTO `word` VALUES (1154, '懊');
INSERT INTO `word` VALUES (1155, '懒');
INSERT INTO `word` VALUES (1156, '懦');
INSERT INTO `word` VALUES (1157, '戈');
INSERT INTO `word` VALUES (1158, '戏');
INSERT INTO `word` VALUES (1159, '成');
INSERT INTO `word` VALUES (1160, '我');
INSERT INTO `word` VALUES (1161, '戒');
INSERT INTO `word` VALUES (1162, '或');
INSERT INTO `word` VALUES (1163, '战');
INSERT INTO `word` VALUES (1164, '戚');
INSERT INTO `word` VALUES (1165, '截');
INSERT INTO `word` VALUES (1166, '戳');
INSERT INTO `word` VALUES (1167, '戴');
INSERT INTO `word` VALUES (1168, '户');
INSERT INTO `word` VALUES (1169, '房');
INSERT INTO `word` VALUES (1170, '所');
INSERT INTO `word` VALUES (1171, '扁');
INSERT INTO `word` VALUES (1172, '扇');
INSERT INTO `word` VALUES (1173, '手');
INSERT INTO `word` VALUES (1174, '才');
INSERT INTO `word` VALUES (1175, '扎');
INSERT INTO `word` VALUES (1176, '扑');
INSERT INTO `word` VALUES (1177, '扒');
INSERT INTO `word` VALUES (1178, '打');
INSERT INTO `word` VALUES (1179, '扔');
INSERT INTO `word` VALUES (1180, '托');
INSERT INTO `word` VALUES (1181, '扛');
INSERT INTO `word` VALUES (1182, '扣');
INSERT INTO `word` VALUES (1183, '执');
INSERT INTO `word` VALUES (1184, '扩');
INSERT INTO `word` VALUES (1185, '扫');
INSERT INTO `word` VALUES (1186, '扬');
INSERT INTO `word` VALUES (1187, '扭');
INSERT INTO `word` VALUES (1188, '扮');
INSERT INTO `word` VALUES (1189, '扯');
INSERT INTO `word` VALUES (1190, '扰');
INSERT INTO `word` VALUES (1191, '扳');
INSERT INTO `word` VALUES (1192, '扶');
INSERT INTO `word` VALUES (1193, '批');
INSERT INTO `word` VALUES (1194, '扼');
INSERT INTO `word` VALUES (1195, '找');
INSERT INTO `word` VALUES (1196, '承');
INSERT INTO `word` VALUES (1197, '技');
INSERT INTO `word` VALUES (1198, '抄');
INSERT INTO `word` VALUES (1199, '把');
INSERT INTO `word` VALUES (1200, '抑');
INSERT INTO `word` VALUES (1201, '抒');
INSERT INTO `word` VALUES (1202, '抓');
INSERT INTO `word` VALUES (1203, '投');
INSERT INTO `word` VALUES (1204, '抖');
INSERT INTO `word` VALUES (1205, '抗');
INSERT INTO `word` VALUES (1206, '折');
INSERT INTO `word` VALUES (1207, '抚');
INSERT INTO `word` VALUES (1208, '抛');
INSERT INTO `word` VALUES (1209, '抠');
INSERT INTO `word` VALUES (1210, '抡');
INSERT INTO `word` VALUES (1211, '抢');
INSERT INTO `word` VALUES (1212, '护');
INSERT INTO `word` VALUES (1213, '报');
INSERT INTO `word` VALUES (1214, '披');
INSERT INTO `word` VALUES (1215, '抬');
INSERT INTO `word` VALUES (1216, '抱');
INSERT INTO `word` VALUES (1217, '抵');
INSERT INTO `word` VALUES (1218, '抹');
INSERT INTO `word` VALUES (1219, '押');
INSERT INTO `word` VALUES (1220, '抽');
INSERT INTO `word` VALUES (1221, '拂');
INSERT INTO `word` VALUES (1222, '拄');
INSERT INTO `word` VALUES (1223, '担');
INSERT INTO `word` VALUES (1224, '拆');
INSERT INTO `word` VALUES (1225, '拇');
INSERT INTO `word` VALUES (1226, '拉');
INSERT INTO `word` VALUES (1227, '拌');
INSERT INTO `word` VALUES (1228, '拍');
INSERT INTO `word` VALUES (1229, '拐');
INSERT INTO `word` VALUES (1230, '拒');
INSERT INTO `word` VALUES (1231, '拓');
INSERT INTO `word` VALUES (1232, '拔');
INSERT INTO `word` VALUES (1233, '拖');
INSERT INTO `word` VALUES (1234, '拗');
INSERT INTO `word` VALUES (1235, '拘');
INSERT INTO `word` VALUES (1236, '拙');
INSERT INTO `word` VALUES (1237, '招');
INSERT INTO `word` VALUES (1238, '拜');
INSERT INTO `word` VALUES (1239, '拟');
INSERT INTO `word` VALUES (1240, '拢');
INSERT INTO `word` VALUES (1241, '拣');
INSERT INTO `word` VALUES (1242, '拥');
INSERT INTO `word` VALUES (1243, '拦');
INSERT INTO `word` VALUES (1244, '拧');
INSERT INTO `word` VALUES (1245, '拨');
INSERT INTO `word` VALUES (1246, '择');
INSERT INTO `word` VALUES (1247, '括');
INSERT INTO `word` VALUES (1248, '拭');
INSERT INTO `word` VALUES (1249, '拯');
INSERT INTO `word` VALUES (1250, '拱');
INSERT INTO `word` VALUES (1251, '拳');
INSERT INTO `word` VALUES (1252, '拴');
INSERT INTO `word` VALUES (1253, '拷');
INSERT INTO `word` VALUES (1254, '拼');
INSERT INTO `word` VALUES (1255, '拾');
INSERT INTO `word` VALUES (1256, '拿');
INSERT INTO `word` VALUES (1257, '持');
INSERT INTO `word` VALUES (1258, '挂');
INSERT INTO `word` VALUES (1259, '指');
INSERT INTO `word` VALUES (1260, '按');
INSERT INTO `word` VALUES (1261, '挎');
INSERT INTO `word` VALUES (1262, '挑');
INSERT INTO `word` VALUES (1263, '挖');
INSERT INTO `word` VALUES (1264, '挚');
INSERT INTO `word` VALUES (1265, '挟');
INSERT INTO `word` VALUES (1266, '挠');
INSERT INTO `word` VALUES (1267, '挡');
INSERT INTO `word` VALUES (1268, '挣');
INSERT INTO `word` VALUES (1269, '挤');
INSERT INTO `word` VALUES (1270, '挥');
INSERT INTO `word` VALUES (1271, '挨');
INSERT INTO `word` VALUES (1272, '挪');
INSERT INTO `word` VALUES (1273, '挫');
INSERT INTO `word` VALUES (1274, '振');
INSERT INTO `word` VALUES (1275, '挺');
INSERT INTO `word` VALUES (1276, '挽');
INSERT INTO `word` VALUES (1277, '捂');
INSERT INTO `word` VALUES (1278, '捅');
INSERT INTO `word` VALUES (1279, '捆');
INSERT INTO `word` VALUES (1280, '捉');
INSERT INTO `word` VALUES (1281, '捌');
INSERT INTO `word` VALUES (1282, '捍');
INSERT INTO `word` VALUES (1283, '捎');
INSERT INTO `word` VALUES (1284, '捏');
INSERT INTO `word` VALUES (1285, '捐');
INSERT INTO `word` VALUES (1286, '捕');
INSERT INTO `word` VALUES (1287, '捞');
INSERT INTO `word` VALUES (1288, '损');
INSERT INTO `word` VALUES (1289, '捡');
INSERT INTO `word` VALUES (1290, '换');
INSERT INTO `word` VALUES (1291, '捣');
INSERT INTO `word` VALUES (1292, '捧');
INSERT INTO `word` VALUES (1293, '据');
INSERT INTO `word` VALUES (1294, '捶');
INSERT INTO `word` VALUES (1295, '捷');
INSERT INTO `word` VALUES (1296, '捺');
INSERT INTO `word` VALUES (1297, '捻');
INSERT INTO `word` VALUES (1298, '掀');
INSERT INTO `word` VALUES (1299, '掂');
INSERT INTO `word` VALUES (1300, '授');
INSERT INTO `word` VALUES (1301, '掉');
INSERT INTO `word` VALUES (1302, '掌');
INSERT INTO `word` VALUES (1303, '掏');
INSERT INTO `word` VALUES (1304, '掐');
INSERT INTO `word` VALUES (1305, '排');
INSERT INTO `word` VALUES (1306, '掖');
INSERT INTO `word` VALUES (1307, '掘');
INSERT INTO `word` VALUES (1308, '掠');
INSERT INTO `word` VALUES (1309, '探');
INSERT INTO `word` VALUES (1310, '接');
INSERT INTO `word` VALUES (1311, '控');
INSERT INTO `word` VALUES (1312, '推');
INSERT INTO `word` VALUES (1313, '掩');
INSERT INTO `word` VALUES (1314, '措');
INSERT INTO `word` VALUES (1315, '掰');
INSERT INTO `word` VALUES (1316, '掷');
INSERT INTO `word` VALUES (1317, '掸');
INSERT INTO `word` VALUES (1318, '掺');
INSERT INTO `word` VALUES (1319, '揉');
INSERT INTO `word` VALUES (1320, '揍');
INSERT INTO `word` VALUES (1321, '描');
INSERT INTO `word` VALUES (1322, '提');
INSERT INTO `word` VALUES (1323, '插');
INSERT INTO `word` VALUES (1324, '揖');
INSERT INTO `word` VALUES (1325, '握');
INSERT INTO `word` VALUES (1326, '揣');
INSERT INTO `word` VALUES (1327, '揩');
INSERT INTO `word` VALUES (1328, '揪');
INSERT INTO `word` VALUES (1329, '揭');
INSERT INTO `word` VALUES (1330, '援');
INSERT INTO `word` VALUES (1331, '揽');
INSERT INTO `word` VALUES (1332, '搀');
INSERT INTO `word` VALUES (1333, '搁');
INSERT INTO `word` VALUES (1334, '搂');
INSERT INTO `word` VALUES (1335, '搅');
INSERT INTO `word` VALUES (1336, '搏');
INSERT INTO `word` VALUES (1337, '搓');
INSERT INTO `word` VALUES (1338, '搔');
INSERT INTO `word` VALUES (1339, '搜');
INSERT INTO `word` VALUES (1340, '搞');
INSERT INTO `word` VALUES (1341, '搪');
INSERT INTO `word` VALUES (1342, '搬');
INSERT INTO `word` VALUES (1343, '搭');
INSERT INTO `word` VALUES (1344, '携');
INSERT INTO `word` VALUES (1345, '摄');
INSERT INTO `word` VALUES (1346, '摆');
INSERT INTO `word` VALUES (1347, '摇');
INSERT INTO `word` VALUES (1348, '摊');
INSERT INTO `word` VALUES (1349, '摔');
INSERT INTO `word` VALUES (1350, '摘');
INSERT INTO `word` VALUES (1351, '摧');
INSERT INTO `word` VALUES (1352, '摩');
INSERT INTO `word` VALUES (1353, '摸');
INSERT INTO `word` VALUES (1354, '摹');
INSERT INTO `word` VALUES (1355, '撇');
INSERT INTO `word` VALUES (1356, '撑');
INSERT INTO `word` VALUES (1357, '撒');
INSERT INTO `word` VALUES (1358, '撕');
INSERT INTO `word` VALUES (1359, '撞');
INSERT INTO `word` VALUES (1360, '撤');
INSERT INTO `word` VALUES (1361, '撩');
INSERT INTO `word` VALUES (1362, '撬');
INSERT INTO `word` VALUES (1363, '播');
INSERT INTO `word` VALUES (1364, '撮');
INSERT INTO `word` VALUES (1365, '撰');
INSERT INTO `word` VALUES (1366, '撵');
INSERT INTO `word` VALUES (1367, '撼');
INSERT INTO `word` VALUES (1368, '擂');
INSERT INTO `word` VALUES (1369, '擅');
INSERT INTO `word` VALUES (1370, '操');
INSERT INTO `word` VALUES (1371, '擎');
INSERT INTO `word` VALUES (1372, '擒');
INSERT INTO `word` VALUES (1373, '擦');
INSERT INTO `word` VALUES (1374, '攀');
INSERT INTO `word` VALUES (1375, '攒');
INSERT INTO `word` VALUES (1376, '攘');
INSERT INTO `word` VALUES (1377, '支');
INSERT INTO `word` VALUES (1378, '收');
INSERT INTO `word` VALUES (1379, '改');
INSERT INTO `word` VALUES (1380, '攻');
INSERT INTO `word` VALUES (1381, '放');
INSERT INTO `word` VALUES (1382, '政');
INSERT INTO `word` VALUES (1383, '故');
INSERT INTO `word` VALUES (1384, '效');
INSERT INTO `word` VALUES (1385, '敌');
INSERT INTO `word` VALUES (1386, '敏');
INSERT INTO `word` VALUES (1387, '救');
INSERT INTO `word` VALUES (1388, '教');
INSERT INTO `word` VALUES (1389, '敛');
INSERT INTO `word` VALUES (1390, '敞');
INSERT INTO `word` VALUES (1391, '敢');
INSERT INTO `word` VALUES (1392, '散');
INSERT INTO `word` VALUES (1393, '敦');
INSERT INTO `word` VALUES (1394, '敬');
INSERT INTO `word` VALUES (1395, '数');
INSERT INTO `word` VALUES (1396, '敲');
INSERT INTO `word` VALUES (1397, '整');
INSERT INTO `word` VALUES (1398, '敷');
INSERT INTO `word` VALUES (1399, '文');
INSERT INTO `word` VALUES (1400, '斋');
INSERT INTO `word` VALUES (1401, '斑');
INSERT INTO `word` VALUES (1402, '斗');
INSERT INTO `word` VALUES (1403, '料');
INSERT INTO `word` VALUES (1404, '斜');
INSERT INTO `word` VALUES (1405, '斟');
INSERT INTO `word` VALUES (1406, '斤');
INSERT INTO `word` VALUES (1407, '斥');
INSERT INTO `word` VALUES (1408, '斧');
INSERT INTO `word` VALUES (1409, '斩');
INSERT INTO `word` VALUES (1410, '断');
INSERT INTO `word` VALUES (1411, '斯');
INSERT INTO `word` VALUES (1412, '新');
INSERT INTO `word` VALUES (1413, '方');
INSERT INTO `word` VALUES (1414, '施');
INSERT INTO `word` VALUES (1415, '旁');
INSERT INTO `word` VALUES (1416, '旅');
INSERT INTO `word` VALUES (1417, '旋');
INSERT INTO `word` VALUES (1418, '族');
INSERT INTO `word` VALUES (1419, '旗');
INSERT INTO `word` VALUES (1420, '无');
INSERT INTO `word` VALUES (1421, '既');
INSERT INTO `word` VALUES (1422, '日');
INSERT INTO `word` VALUES (1423, '旦');
INSERT INTO `word` VALUES (1424, '旧');
INSERT INTO `word` VALUES (1425, '旨');
INSERT INTO `word` VALUES (1426, '早');
INSERT INTO `word` VALUES (1427, '旬');
INSERT INTO `word` VALUES (1428, '旭');
INSERT INTO `word` VALUES (1429, '旱');
INSERT INTO `word` VALUES (1430, '时');
INSERT INTO `word` VALUES (1431, '旷');
INSERT INTO `word` VALUES (1432, '旺');
INSERT INTO `word` VALUES (1433, '昂');
INSERT INTO `word` VALUES (1434, '昆');
INSERT INTO `word` VALUES (1435, '昌');
INSERT INTO `word` VALUES (1436, '明');
INSERT INTO `word` VALUES (1437, '昏');
INSERT INTO `word` VALUES (1438, '易');
INSERT INTO `word` VALUES (1439, '昔');
INSERT INTO `word` VALUES (1440, '昙');
INSERT INTO `word` VALUES (1441, '星');
INSERT INTO `word` VALUES (1442, '映');
INSERT INTO `word` VALUES (1443, '春');
INSERT INTO `word` VALUES (1444, '昧');
INSERT INTO `word` VALUES (1445, '昨');
INSERT INTO `word` VALUES (1446, '昭');
INSERT INTO `word` VALUES (1447, '是');
INSERT INTO `word` VALUES (1448, '昵');
INSERT INTO `word` VALUES (1449, '昼');
INSERT INTO `word` VALUES (1450, '显');
INSERT INTO `word` VALUES (1451, '晃');
INSERT INTO `word` VALUES (1452, '晋');
INSERT INTO `word` VALUES (1453, '晌');
INSERT INTO `word` VALUES (1454, '晒');
INSERT INTO `word` VALUES (1455, '晓');
INSERT INTO `word` VALUES (1456, '晕');
INSERT INTO `word` VALUES (1457, '晚');
INSERT INTO `word` VALUES (1458, '晤');
INSERT INTO `word` VALUES (1459, '晦');
INSERT INTO `word` VALUES (1460, '晨');
INSERT INTO `word` VALUES (1461, '普');
INSERT INTO `word` VALUES (1462, '景');
INSERT INTO `word` VALUES (1463, '晰');
INSERT INTO `word` VALUES (1464, '晴');
INSERT INTO `word` VALUES (1465, '晶');
INSERT INTO `word` VALUES (1466, '智');
INSERT INTO `word` VALUES (1467, '晾');
INSERT INTO `word` VALUES (1468, '暂');
INSERT INTO `word` VALUES (1469, '暇');
INSERT INTO `word` VALUES (1470, '暑');
INSERT INTO `word` VALUES (1471, '暖');
INSERT INTO `word` VALUES (1472, '暗');
INSERT INTO `word` VALUES (1473, '暮');
INSERT INTO `word` VALUES (1474, '暴');
INSERT INTO `word` VALUES (1475, '曙');
INSERT INTO `word` VALUES (1476, '曲');
INSERT INTO `word` VALUES (1477, '更');
INSERT INTO `word` VALUES (1478, '曹');
INSERT INTO `word` VALUES (1479, '曼');
INSERT INTO `word` VALUES (1480, '曾');
INSERT INTO `word` VALUES (1481, '替');
INSERT INTO `word` VALUES (1482, '最');
INSERT INTO `word` VALUES (1483, '月');
INSERT INTO `word` VALUES (1484, '有');
INSERT INTO `word` VALUES (1485, '朋');
INSERT INTO `word` VALUES (1486, '服');
INSERT INTO `word` VALUES (1487, '朗');
INSERT INTO `word` VALUES (1488, '望');
INSERT INTO `word` VALUES (1489, '朝');
INSERT INTO `word` VALUES (1490, '期');
INSERT INTO `word` VALUES (1491, '朦');
INSERT INTO `word` VALUES (1492, '木');
INSERT INTO `word` VALUES (1493, '未');
INSERT INTO `word` VALUES (1494, '末');
INSERT INTO `word` VALUES (1495, '本');
INSERT INTO `word` VALUES (1496, '术');
INSERT INTO `word` VALUES (1497, '朱');
INSERT INTO `word` VALUES (1498, '朴');
INSERT INTO `word` VALUES (1499, '朵');
INSERT INTO `word` VALUES (1500, '机');
INSERT INTO `word` VALUES (1501, '朽');
INSERT INTO `word` VALUES (1502, '杀');
INSERT INTO `word` VALUES (1503, '杂');
INSERT INTO `word` VALUES (1504, '权');
INSERT INTO `word` VALUES (1505, '杆');
INSERT INTO `word` VALUES (1506, '杈');
INSERT INTO `word` VALUES (1507, '杉');
INSERT INTO `word` VALUES (1508, '李');
INSERT INTO `word` VALUES (1509, '杏');
INSERT INTO `word` VALUES (1510, '材');
INSERT INTO `word` VALUES (1511, '村');
INSERT INTO `word` VALUES (1512, '杖');
INSERT INTO `word` VALUES (1513, '杜');
INSERT INTO `word` VALUES (1514, '束');
INSERT INTO `word` VALUES (1515, '杠');
INSERT INTO `word` VALUES (1516, '条');
INSERT INTO `word` VALUES (1517, '来');
INSERT INTO `word` VALUES (1518, '杨');
INSERT INTO `word` VALUES (1519, '杭');
INSERT INTO `word` VALUES (1520, '杯');
INSERT INTO `word` VALUES (1521, '杰');
INSERT INTO `word` VALUES (1522, '松');
INSERT INTO `word` VALUES (1523, '板');
INSERT INTO `word` VALUES (1524, '极');
INSERT INTO `word` VALUES (1525, '构');
INSERT INTO `word` VALUES (1526, '枉');
INSERT INTO `word` VALUES (1527, '析');
INSERT INTO `word` VALUES (1528, '枕');
INSERT INTO `word` VALUES (1529, '林');
INSERT INTO `word` VALUES (1530, '枚');
INSERT INTO `word` VALUES (1531, '果');
INSERT INTO `word` VALUES (1532, '枝');
INSERT INTO `word` VALUES (1533, '枢');
INSERT INTO `word` VALUES (1534, '枣');
INSERT INTO `word` VALUES (1535, '枪');
INSERT INTO `word` VALUES (1536, '枫');
INSERT INTO `word` VALUES (1537, '枯');
INSERT INTO `word` VALUES (1538, '架');
INSERT INTO `word` VALUES (1539, '枷');
INSERT INTO `word` VALUES (1540, '柄');
INSERT INTO `word` VALUES (1541, '柏');
INSERT INTO `word` VALUES (1542, '某');
INSERT INTO `word` VALUES (1543, '柑');
INSERT INTO `word` VALUES (1544, '柒');
INSERT INTO `word` VALUES (1545, '染');
INSERT INTO `word` VALUES (1546, '柔');
INSERT INTO `word` VALUES (1547, '柜');
INSERT INTO `word` VALUES (1548, '柠');
INSERT INTO `word` VALUES (1549, '查');
INSERT INTO `word` VALUES (1550, '柬');
INSERT INTO `word` VALUES (1551, '柱');
INSERT INTO `word` VALUES (1552, '柳');
INSERT INTO `word` VALUES (1553, '柴');
INSERT INTO `word` VALUES (1554, '柿');
INSERT INTO `word` VALUES (1555, '栅');
INSERT INTO `word` VALUES (1556, '标');
INSERT INTO `word` VALUES (1557, '栈');
INSERT INTO `word` VALUES (1558, '栋');
INSERT INTO `word` VALUES (1559, '栏');
INSERT INTO `word` VALUES (1560, '树');
INSERT INTO `word` VALUES (1561, '栓');
INSERT INTO `word` VALUES (1562, '栖');
INSERT INTO `word` VALUES (1563, '栗');
INSERT INTO `word` VALUES (1564, '校');
INSERT INTO `word` VALUES (1565, '株');
INSERT INTO `word` VALUES (1566, '样');
INSERT INTO `word` VALUES (1567, '核');
INSERT INTO `word` VALUES (1568, '根');
INSERT INTO `word` VALUES (1569, '格');
INSERT INTO `word` VALUES (1570, '栽');
INSERT INTO `word` VALUES (1571, '桂');
INSERT INTO `word` VALUES (1572, '桃');
INSERT INTO `word` VALUES (1573, '桅');
INSERT INTO `word` VALUES (1574, '框');
INSERT INTO `word` VALUES (1575, '案');
INSERT INTO `word` VALUES (1576, '桌');
INSERT INTO `word` VALUES (1577, '桐');
INSERT INTO `word` VALUES (1578, '桑');
INSERT INTO `word` VALUES (1579, '档');
INSERT INTO `word` VALUES (1580, '桥');
INSERT INTO `word` VALUES (1581, '桦');
INSERT INTO `word` VALUES (1582, '桨');
INSERT INTO `word` VALUES (1583, '桩');
INSERT INTO `word` VALUES (1584, '桶');
INSERT INTO `word` VALUES (1585, '梁');
INSERT INTO `word` VALUES (1586, '梅');
INSERT INTO `word` VALUES (1587, '梆');
INSERT INTO `word` VALUES (1588, '梗');
INSERT INTO `word` VALUES (1589, '梢');
INSERT INTO `word` VALUES (1590, '梦');
INSERT INTO `word` VALUES (1591, '梧');
INSERT INTO `word` VALUES (1592, '梨');
INSERT INTO `word` VALUES (1593, '梭');
INSERT INTO `word` VALUES (1594, '梯');
INSERT INTO `word` VALUES (1595, '械');
INSERT INTO `word` VALUES (1596, '梳');
INSERT INTO `word` VALUES (1597, '检');
INSERT INTO `word` VALUES (1598, '棉');
INSERT INTO `word` VALUES (1599, '棋');
INSERT INTO `word` VALUES (1600, '棍');
INSERT INTO `word` VALUES (1601, '棒');
INSERT INTO `word` VALUES (1602, '棕');
INSERT INTO `word` VALUES (1603, '棘');
INSERT INTO `word` VALUES (1604, '棚');
INSERT INTO `word` VALUES (1605, '棠');
INSERT INTO `word` VALUES (1606, '森');
INSERT INTO `word` VALUES (1607, '棱');
INSERT INTO `word` VALUES (1608, '棵');
INSERT INTO `word` VALUES (1609, '棺');
INSERT INTO `word` VALUES (1610, '椅');
INSERT INTO `word` VALUES (1611, '植');
INSERT INTO `word` VALUES (1612, '椎');
INSERT INTO `word` VALUES (1613, '椒');
INSERT INTO `word` VALUES (1614, '椭');
INSERT INTO `word` VALUES (1615, '椰');
INSERT INTO `word` VALUES (1616, '椿');
INSERT INTO `word` VALUES (1617, '楔');
INSERT INTO `word` VALUES (1618, '楚');
INSERT INTO `word` VALUES (1619, '楞');
INSERT INTO `word` VALUES (1620, '楣');
INSERT INTO `word` VALUES (1621, '楷');
INSERT INTO `word` VALUES (1622, '楼');
INSERT INTO `word` VALUES (1623, '概');
INSERT INTO `word` VALUES (1624, '榄');
INSERT INTO `word` VALUES (1625, '榆');
INSERT INTO `word` VALUES (1626, '榔');
INSERT INTO `word` VALUES (1627, '榕');
INSERT INTO `word` VALUES (1628, '榛');
INSERT INTO `word` VALUES (1629, '榜');
INSERT INTO `word` VALUES (1630, '榨');
INSERT INTO `word` VALUES (1631, '榴');
INSERT INTO `word` VALUES (1632, '槐');
INSERT INTO `word` VALUES (1633, '槽');
INSERT INTO `word` VALUES (1634, '樊');
INSERT INTO `word` VALUES (1635, '樟');
INSERT INTO `word` VALUES (1636, '模');
INSERT INTO `word` VALUES (1637, '横');
INSERT INTO `word` VALUES (1638, '樱');
INSERT INTO `word` VALUES (1639, '橄');
INSERT INTO `word` VALUES (1640, '橘');
INSERT INTO `word` VALUES (1641, '橙');
INSERT INTO `word` VALUES (1642, '橡');
INSERT INTO `word` VALUES (1643, '橱');
INSERT INTO `word` VALUES (1644, '檀');
INSERT INTO `word` VALUES (1645, '檐');
INSERT INTO `word` VALUES (1646, '檩');
INSERT INTO `word` VALUES (1647, '檬');
INSERT INTO `word` VALUES (1648, '欠');
INSERT INTO `word` VALUES (1649, '次');
INSERT INTO `word` VALUES (1650, '欢');
INSERT INTO `word` VALUES (1651, '欣');
INSERT INTO `word` VALUES (1652, '欧');
INSERT INTO `word` VALUES (1653, '欲');
INSERT INTO `word` VALUES (1654, '欺');
INSERT INTO `word` VALUES (1655, '款');
INSERT INTO `word` VALUES (1656, '歇');
INSERT INTO `word` VALUES (1657, '歉');
INSERT INTO `word` VALUES (1658, '歌');
INSERT INTO `word` VALUES (1659, '止');
INSERT INTO `word` VALUES (1660, '正');
INSERT INTO `word` VALUES (1661, '此');
INSERT INTO `word` VALUES (1662, '步');
INSERT INTO `word` VALUES (1663, '武');
INSERT INTO `word` VALUES (1664, '歧');
INSERT INTO `word` VALUES (1665, '歪');
INSERT INTO `word` VALUES (1666, '歹');
INSERT INTO `word` VALUES (1667, '死');
INSERT INTO `word` VALUES (1668, '歼');
INSERT INTO `word` VALUES (1669, '殃');
INSERT INTO `word` VALUES (1670, '殉');
INSERT INTO `word` VALUES (1671, '殊');
INSERT INTO `word` VALUES (1672, '残');
INSERT INTO `word` VALUES (1673, '殖');
INSERT INTO `word` VALUES (1674, '殴');
INSERT INTO `word` VALUES (1675, '段');
INSERT INTO `word` VALUES (1676, '殷');
INSERT INTO `word` VALUES (1677, '殿');
INSERT INTO `word` VALUES (1678, '毁');
INSERT INTO `word` VALUES (1679, '毅');
INSERT INTO `word` VALUES (1680, '母');
INSERT INTO `word` VALUES (1681, '每');
INSERT INTO `word` VALUES (1682, '毒');
INSERT INTO `word` VALUES (1683, '比');
INSERT INTO `word` VALUES (1684, '毕');
INSERT INTO `word` VALUES (1685, '毙');
INSERT INTO `word` VALUES (1686, '毛');
INSERT INTO `word` VALUES (1687, '毡');
INSERT INTO `word` VALUES (1688, '毫');
INSERT INTO `word` VALUES (1689, '毯');
INSERT INTO `word` VALUES (1690, '氏');
INSERT INTO `word` VALUES (1691, '民');
INSERT INTO `word` VALUES (1692, '氓');
INSERT INTO `word` VALUES (1693, '气');
INSERT INTO `word` VALUES (1694, '氛');
INSERT INTO `word` VALUES (1695, '氢');
INSERT INTO `word` VALUES (1696, '氧');
INSERT INTO `word` VALUES (1697, '氨');
INSERT INTO `word` VALUES (1698, '氮');
INSERT INTO `word` VALUES (1699, '氯');
INSERT INTO `word` VALUES (1700, '水');
INSERT INTO `word` VALUES (1701, '永');
INSERT INTO `word` VALUES (1702, '汁');
INSERT INTO `word` VALUES (1703, '求');
INSERT INTO `word` VALUES (1704, '汇');
INSERT INTO `word` VALUES (1705, '汉');
INSERT INTO `word` VALUES (1706, '汗');
INSERT INTO `word` VALUES (1707, '汛');
INSERT INTO `word` VALUES (1708, '汞');
INSERT INTO `word` VALUES (1709, '江');
INSERT INTO `word` VALUES (1710, '池');
INSERT INTO `word` VALUES (1711, '污');
INSERT INTO `word` VALUES (1712, '汤');
INSERT INTO `word` VALUES (1713, '汪');
INSERT INTO `word` VALUES (1714, '汰');
INSERT INTO `word` VALUES (1715, '汹');
INSERT INTO `word` VALUES (1716, '汽');
INSERT INTO `word` VALUES (1717, '沃');
INSERT INTO `word` VALUES (1718, '沈');
INSERT INTO `word` VALUES (1719, '沉');
INSERT INTO `word` VALUES (1720, '沐');
INSERT INTO `word` VALUES (1721, '沙');
INSERT INTO `word` VALUES (1722, '沛');
INSERT INTO `word` VALUES (1723, '沟');
INSERT INTO `word` VALUES (1724, '没');
INSERT INTO `word` VALUES (1725, '沥');
INSERT INTO `word` VALUES (1726, '沦');
INSERT INTO `word` VALUES (1727, '沧');
INSERT INTO `word` VALUES (1728, '沪');
INSERT INTO `word` VALUES (1729, '沫');
INSERT INTO `word` VALUES (1730, '沮');
INSERT INTO `word` VALUES (1731, '河');
INSERT INTO `word` VALUES (1732, '沸');
INSERT INTO `word` VALUES (1733, '油');
INSERT INTO `word` VALUES (1734, '治');
INSERT INTO `word` VALUES (1735, '沼');
INSERT INTO `word` VALUES (1736, '沽');
INSERT INTO `word` VALUES (1737, '沾');
INSERT INTO `word` VALUES (1738, '沿');
INSERT INTO `word` VALUES (1739, '泄');
INSERT INTO `word` VALUES (1740, '泉');
INSERT INTO `word` VALUES (1741, '泊');
INSERT INTO `word` VALUES (1742, '泌');
INSERT INTO `word` VALUES (1743, '法');
INSERT INTO `word` VALUES (1744, '泛');
INSERT INTO `word` VALUES (1745, '泞');
INSERT INTO `word` VALUES (1746, '泡');
INSERT INTO `word` VALUES (1747, '波');
INSERT INTO `word` VALUES (1748, '泣');
INSERT INTO `word` VALUES (1749, '泥');
INSERT INTO `word` VALUES (1750, '注');
INSERT INTO `word` VALUES (1751, '泪');
INSERT INTO `word` VALUES (1752, '泰');
INSERT INTO `word` VALUES (1753, '泳');
INSERT INTO `word` VALUES (1754, '泵');
INSERT INTO `word` VALUES (1755, '泻');
INSERT INTO `word` VALUES (1756, '泼');
INSERT INTO `word` VALUES (1757, '泽');
INSERT INTO `word` VALUES (1758, '洁');
INSERT INTO `word` VALUES (1759, '洋');
INSERT INTO `word` VALUES (1760, '洒');
INSERT INTO `word` VALUES (1761, '洗');
INSERT INTO `word` VALUES (1762, '洛');
INSERT INTO `word` VALUES (1763, '洞');
INSERT INTO `word` VALUES (1764, '津');
INSERT INTO `word` VALUES (1765, '洪');
INSERT INTO `word` VALUES (1766, '洲');
INSERT INTO `word` VALUES (1767, '活');
INSERT INTO `word` VALUES (1768, '洼');
INSERT INTO `word` VALUES (1769, '洽');
INSERT INTO `word` VALUES (1770, '派');
INSERT INTO `word` VALUES (1771, '流');
INSERT INTO `word` VALUES (1772, '浅');
INSERT INTO `word` VALUES (1773, '浆');
INSERT INTO `word` VALUES (1774, '浇');
INSERT INTO `word` VALUES (1775, '浊');
INSERT INTO `word` VALUES (1776, '测');
INSERT INTO `word` VALUES (1777, '济');
INSERT INTO `word` VALUES (1778, '浑');
INSERT INTO `word` VALUES (1779, '浓');
INSERT INTO `word` VALUES (1780, '浙');
INSERT INTO `word` VALUES (1781, '浦');
INSERT INTO `word` VALUES (1782, '浩');
INSERT INTO `word` VALUES (1783, '浪');
INSERT INTO `word` VALUES (1784, '浮');
INSERT INTO `word` VALUES (1785, '浴');
INSERT INTO `word` VALUES (1786, '海');
INSERT INTO `word` VALUES (1787, '浸');
INSERT INTO `word` VALUES (1788, '涂');
INSERT INTO `word` VALUES (1789, '消');
INSERT INTO `word` VALUES (1790, '涉');
INSERT INTO `word` VALUES (1791, '涌');
INSERT INTO `word` VALUES (1792, '涎');
INSERT INTO `word` VALUES (1793, '涕');
INSERT INTO `word` VALUES (1794, '涛');
INSERT INTO `word` VALUES (1795, '涝');
INSERT INTO `word` VALUES (1796, '涡');
INSERT INTO `word` VALUES (1797, '涣');
INSERT INTO `word` VALUES (1798, '涤');
INSERT INTO `word` VALUES (1799, '润');
INSERT INTO `word` VALUES (1800, '涧');
INSERT INTO `word` VALUES (1801, '涨');
INSERT INTO `word` VALUES (1802, '涩');
INSERT INTO `word` VALUES (1803, '涮');
INSERT INTO `word` VALUES (1804, '涯');
INSERT INTO `word` VALUES (1805, '液');
INSERT INTO `word` VALUES (1806, '涵');
INSERT INTO `word` VALUES (1807, '淀');
INSERT INTO `word` VALUES (1808, '淆');
INSERT INTO `word` VALUES (1809, '淋');
INSERT INTO `word` VALUES (1810, '淌');
INSERT INTO `word` VALUES (1811, '淑');
INSERT INTO `word` VALUES (1812, '淘');
INSERT INTO `word` VALUES (1813, '淡');
INSERT INTO `word` VALUES (1814, '淤');
INSERT INTO `word` VALUES (1815, '淫');
INSERT INTO `word` VALUES (1816, '淮');
INSERT INTO `word` VALUES (1817, '深');
INSERT INTO `word` VALUES (1818, '淳');
INSERT INTO `word` VALUES (1819, '混');
INSERT INTO `word` VALUES (1820, '淹');
INSERT INTO `word` VALUES (1821, '添');
INSERT INTO `word` VALUES (1822, '清');
INSERT INTO `word` VALUES (1823, '渊');
INSERT INTO `word` VALUES (1824, '渐');
INSERT INTO `word` VALUES (1825, '渔');
INSERT INTO `word` VALUES (1826, '渗');
INSERT INTO `word` VALUES (1827, '渠');
INSERT INTO `word` VALUES (1828, '渡');
INSERT INTO `word` VALUES (1829, '渣');
INSERT INTO `word` VALUES (1830, '渤');
INSERT INTO `word` VALUES (1831, '温');
INSERT INTO `word` VALUES (1832, '港');
INSERT INTO `word` VALUES (1833, '渴');
INSERT INTO `word` VALUES (1834, '游');
INSERT INTO `word` VALUES (1835, '渺');
INSERT INTO `word` VALUES (1836, '湃');
INSERT INTO `word` VALUES (1837, '湖');
INSERT INTO `word` VALUES (1838, '湘');
INSERT INTO `word` VALUES (1839, '湾');
INSERT INTO `word` VALUES (1840, '湿');
INSERT INTO `word` VALUES (1841, '溃');
INSERT INTO `word` VALUES (1842, '溅');
INSERT INTO `word` VALUES (1843, '溉');
INSERT INTO `word` VALUES (1844, '源');
INSERT INTO `word` VALUES (1845, '溜');
INSERT INTO `word` VALUES (1846, '溢');
INSERT INTO `word` VALUES (1847, '溪');
INSERT INTO `word` VALUES (1848, '溯');
INSERT INTO `word` VALUES (1849, '溶');
INSERT INTO `word` VALUES (1850, '溺');
INSERT INTO `word` VALUES (1851, '滋');
INSERT INTO `word` VALUES (1852, '滑');
INSERT INTO `word` VALUES (1853, '滓');
INSERT INTO `word` VALUES (1854, '滔');
INSERT INTO `word` VALUES (1855, '滚');
INSERT INTO `word` VALUES (1856, '滞');
INSERT INTO `word` VALUES (1857, '满');
INSERT INTO `word` VALUES (1858, '滤');
INSERT INTO `word` VALUES (1859, '滥');
INSERT INTO `word` VALUES (1860, '滨');
INSERT INTO `word` VALUES (1861, '滩');
INSERT INTO `word` VALUES (1862, '滴');
INSERT INTO `word` VALUES (1863, '漂');
INSERT INTO `word` VALUES (1864, '漆');
INSERT INTO `word` VALUES (1865, '漏');
INSERT INTO `word` VALUES (1866, '漓');
INSERT INTO `word` VALUES (1867, '演');
INSERT INTO `word` VALUES (1868, '漠');
INSERT INTO `word` VALUES (1869, '漩');
INSERT INTO `word` VALUES (1870, '漫');
INSERT INTO `word` VALUES (1871, '漱');
INSERT INTO `word` VALUES (1872, '漾');
INSERT INTO `word` VALUES (1873, '潘');
INSERT INTO `word` VALUES (1874, '潜');
INSERT INTO `word` VALUES (1875, '潦');
INSERT INTO `word` VALUES (1876, '潭');
INSERT INTO `word` VALUES (1877, '潮');
INSERT INTO `word` VALUES (1878, '澄');
INSERT INTO `word` VALUES (1879, '澈');
INSERT INTO `word` VALUES (1880, '澎');
INSERT INTO `word` VALUES (1881, '澜');
INSERT INTO `word` VALUES (1882, '澡');
INSERT INTO `word` VALUES (1883, '澳');
INSERT INTO `word` VALUES (1884, '激');
INSERT INTO `word` VALUES (1885, '濒');
INSERT INTO `word` VALUES (1886, '瀑');
INSERT INTO `word` VALUES (1887, '灌');
INSERT INTO `word` VALUES (1888, '火');
INSERT INTO `word` VALUES (1889, '灭');
INSERT INTO `word` VALUES (1890, '灯');
INSERT INTO `word` VALUES (1891, '灰');
INSERT INTO `word` VALUES (1892, '灵');
INSERT INTO `word` VALUES (1893, '灶');
INSERT INTO `word` VALUES (1894, '灸');
INSERT INTO `word` VALUES (1895, '灼');
INSERT INTO `word` VALUES (1896, '灾');
INSERT INTO `word` VALUES (1897, '灿');
INSERT INTO `word` VALUES (1898, '炉');
INSERT INTO `word` VALUES (1899, '炊');
INSERT INTO `word` VALUES (1900, '炎');
INSERT INTO `word` VALUES (1901, '炒');
INSERT INTO `word` VALUES (1902, '炕');
INSERT INTO `word` VALUES (1903, '炫');
INSERT INTO `word` VALUES (1904, '炬');
INSERT INTO `word` VALUES (1905, '炭');
INSERT INTO `word` VALUES (1906, '炮');
INSERT INTO `word` VALUES (1907, '炸');
INSERT INTO `word` VALUES (1908, '点');
INSERT INTO `word` VALUES (1909, '炼');
INSERT INTO `word` VALUES (1910, '烁');
INSERT INTO `word` VALUES (1911, '烂');
INSERT INTO `word` VALUES (1912, '烈');
INSERT INTO `word` VALUES (1913, '烘');
INSERT INTO `word` VALUES (1914, '烙');
INSERT INTO `word` VALUES (1915, '烛');
INSERT INTO `word` VALUES (1916, '烟');
INSERT INTO `word` VALUES (1917, '烤');
INSERT INTO `word` VALUES (1918, '烦');
INSERT INTO `word` VALUES (1919, '烧');
INSERT INTO `word` VALUES (1920, '烫');
INSERT INTO `word` VALUES (1921, '热');
INSERT INTO `word` VALUES (1922, '烹');
INSERT INTO `word` VALUES (1923, '焊');
INSERT INTO `word` VALUES (1924, '焕');
INSERT INTO `word` VALUES (1925, '焙');
INSERT INTO `word` VALUES (1926, '焚');
INSERT INTO `word` VALUES (1927, '焦');
INSERT INTO `word` VALUES (1928, '焰');
INSERT INTO `word` VALUES (1929, '然');
INSERT INTO `word` VALUES (1930, '煌');
INSERT INTO `word` VALUES (1931, '煎');
INSERT INTO `word` VALUES (1932, '煞');
INSERT INTO `word` VALUES (1933, '煤');
INSERT INTO `word` VALUES (1934, '照');
INSERT INTO `word` VALUES (1935, '煮');
INSERT INTO `word` VALUES (1936, '熄');
INSERT INTO `word` VALUES (1937, '熊');
INSERT INTO `word` VALUES (1938, '熏');
INSERT INTO `word` VALUES (1939, '熔');
INSERT INTO `word` VALUES (1940, '熙');
INSERT INTO `word` VALUES (1941, '熟');
INSERT INTO `word` VALUES (1942, '熬');
INSERT INTO `word` VALUES (1943, '燃');
INSERT INTO `word` VALUES (1944, '燎');
INSERT INTO `word` VALUES (1945, '燕');
INSERT INTO `word` VALUES (1946, '燥');
INSERT INTO `word` VALUES (1947, '爆');
INSERT INTO `word` VALUES (1948, '爪');
INSERT INTO `word` VALUES (1949, '爬');
INSERT INTO `word` VALUES (1950, '爱');
INSERT INTO `word` VALUES (1951, '爵');
INSERT INTO `word` VALUES (1952, '父');
INSERT INTO `word` VALUES (1953, '爷');
INSERT INTO `word` VALUES (1954, '爸');
INSERT INTO `word` VALUES (1955, '爹');
INSERT INTO `word` VALUES (1956, '爽');
INSERT INTO `word` VALUES (1957, '片');
INSERT INTO `word` VALUES (1958, '版');
INSERT INTO `word` VALUES (1959, '牌');
INSERT INTO `word` VALUES (1960, '牍');
INSERT INTO `word` VALUES (1961, '牙');
INSERT INTO `word` VALUES (1962, '牛');
INSERT INTO `word` VALUES (1963, '牡');
INSERT INTO `word` VALUES (1964, '牢');
INSERT INTO `word` VALUES (1965, '牧');
INSERT INTO `word` VALUES (1966, '物');
INSERT INTO `word` VALUES (1967, '牲');
INSERT INTO `word` VALUES (1968, '牵');
INSERT INTO `word` VALUES (1969, '特');
INSERT INTO `word` VALUES (1970, '牺');
INSERT INTO `word` VALUES (1971, '犀');
INSERT INTO `word` VALUES (1972, '犁');
INSERT INTO `word` VALUES (1973, '犬');
INSERT INTO `word` VALUES (1974, '犯');
INSERT INTO `word` VALUES (1975, '状');
INSERT INTO `word` VALUES (1976, '犹');
INSERT INTO `word` VALUES (1977, '狂');
INSERT INTO `word` VALUES (1978, '狈');
INSERT INTO `word` VALUES (1979, '狐');
INSERT INTO `word` VALUES (1980, '狗');
INSERT INTO `word` VALUES (1981, '狞');
INSERT INTO `word` VALUES (1982, '狠');
INSERT INTO `word` VALUES (1983, '狡');
INSERT INTO `word` VALUES (1984, '独');
INSERT INTO `word` VALUES (1985, '狭');
INSERT INTO `word` VALUES (1986, '狮');
INSERT INTO `word` VALUES (1987, '狰');
INSERT INTO `word` VALUES (1988, '狱');
INSERT INTO `word` VALUES (1989, '狸');
INSERT INTO `word` VALUES (1990, '狼');
INSERT INTO `word` VALUES (1991, '猎');
INSERT INTO `word` VALUES (1992, '猖');
INSERT INTO `word` VALUES (1993, '猛');
INSERT INTO `word` VALUES (1994, '猜');
INSERT INTO `word` VALUES (1995, '猩');
INSERT INTO `word` VALUES (1996, '猪');
INSERT INTO `word` VALUES (1997, '猫');
INSERT INTO `word` VALUES (1998, '猬');
INSERT INTO `word` VALUES (1999, '献');
INSERT INTO `word` VALUES (2000, '猴');
INSERT INTO `word` VALUES (2001, '猾');
INSERT INTO `word` VALUES (2002, '猿');
INSERT INTO `word` VALUES (2003, '玄');
INSERT INTO `word` VALUES (2004, '率');
INSERT INTO `word` VALUES (2005, '玉');
INSERT INTO `word` VALUES (2006, '王');
INSERT INTO `word` VALUES (2007, '玖');
INSERT INTO `word` VALUES (2008, '玛');
INSERT INTO `word` VALUES (2009, '玩');
INSERT INTO `word` VALUES (2010, '玫');
INSERT INTO `word` VALUES (2011, '环');
INSERT INTO `word` VALUES (2012, '现');
INSERT INTO `word` VALUES (2013, '玲');
INSERT INTO `word` VALUES (2014, '玷');
INSERT INTO `word` VALUES (2015, '玻');
INSERT INTO `word` VALUES (2016, '珊');
INSERT INTO `word` VALUES (2017, '珍');
INSERT INTO `word` VALUES (2018, '珠');
INSERT INTO `word` VALUES (2019, '班');
INSERT INTO `word` VALUES (2020, '球');
INSERT INTO `word` VALUES (2021, '琅');
INSERT INTO `word` VALUES (2022, '理');
INSERT INTO `word` VALUES (2023, '琉');
INSERT INTO `word` VALUES (2024, '琐');
INSERT INTO `word` VALUES (2025, '琢');
INSERT INTO `word` VALUES (2026, '琳');
INSERT INTO `word` VALUES (2027, '琴');
INSERT INTO `word` VALUES (2028, '琼');
INSERT INTO `word` VALUES (2029, '瑞');
INSERT INTO `word` VALUES (2030, '瑟');
INSERT INTO `word` VALUES (2031, '瑰');
INSERT INTO `word` VALUES (2032, '璃');
INSERT INTO `word` VALUES (2033, '璧');
INSERT INTO `word` VALUES (2034, '瓜');
INSERT INTO `word` VALUES (2035, '瓢');
INSERT INTO `word` VALUES (2036, '瓣');
INSERT INTO `word` VALUES (2037, '瓤');
INSERT INTO `word` VALUES (2038, '瓦');
INSERT INTO `word` VALUES (2039, '瓮');
INSERT INTO `word` VALUES (2040, '瓶');
INSERT INTO `word` VALUES (2041, '瓷');
INSERT INTO `word` VALUES (2042, '甘');
INSERT INTO `word` VALUES (2043, '甚');
INSERT INTO `word` VALUES (2044, '甜');
INSERT INTO `word` VALUES (2045, '生');
INSERT INTO `word` VALUES (2046, '甥');
INSERT INTO `word` VALUES (2047, '用');
INSERT INTO `word` VALUES (2048, '甩');
INSERT INTO `word` VALUES (2049, '甫');
INSERT INTO `word` VALUES (2050, '田');
INSERT INTO `word` VALUES (2051, '由');
INSERT INTO `word` VALUES (2052, '甲');
INSERT INTO `word` VALUES (2053, '申');
INSERT INTO `word` VALUES (2054, '电');
INSERT INTO `word` VALUES (2055, '男');
INSERT INTO `word` VALUES (2056, '甸');
INSERT INTO `word` VALUES (2057, '画');
INSERT INTO `word` VALUES (2058, '畅');
INSERT INTO `word` VALUES (2059, '界');
INSERT INTO `word` VALUES (2060, '畏');
INSERT INTO `word` VALUES (2061, '畔');
INSERT INTO `word` VALUES (2062, '留');
INSERT INTO `word` VALUES (2063, '畜');
INSERT INTO `word` VALUES (2064, '略');
INSERT INTO `word` VALUES (2065, '畦');
INSERT INTO `word` VALUES (2066, '番');
INSERT INTO `word` VALUES (2067, '畴');
INSERT INTO `word` VALUES (2068, '畸');
INSERT INTO `word` VALUES (2069, '疆');
INSERT INTO `word` VALUES (2070, '疏');
INSERT INTO `word` VALUES (2071, '疑');
INSERT INTO `word` VALUES (2072, '疗');
INSERT INTO `word` VALUES (2073, '疙');
INSERT INTO `word` VALUES (2074, '疚');
INSERT INTO `word` VALUES (2075, '疟');
INSERT INTO `word` VALUES (2076, '疤');
INSERT INTO `word` VALUES (2077, '疫');
INSERT INTO `word` VALUES (2078, '疮');
INSERT INTO `word` VALUES (2079, '疯');
INSERT INTO `word` VALUES (2080, '疲');
INSERT INTO `word` VALUES (2081, '疹');
INSERT INTO `word` VALUES (2082, '疼');
INSERT INTO `word` VALUES (2083, '疾');
INSERT INTO `word` VALUES (2084, '病');
INSERT INTO `word` VALUES (2085, '症');
INSERT INTO `word` VALUES (2086, '痊');
INSERT INTO `word` VALUES (2087, '痒');
INSERT INTO `word` VALUES (2088, '痕');
INSERT INTO `word` VALUES (2089, '痘');
INSERT INTO `word` VALUES (2090, '痛');
INSERT INTO `word` VALUES (2091, '痢');
INSERT INTO `word` VALUES (2092, '痪');
INSERT INTO `word` VALUES (2093, '痰');
INSERT INTO `word` VALUES (2094, '痴');
INSERT INTO `word` VALUES (2095, '痹');
INSERT INTO `word` VALUES (2096, '瘟');
INSERT INTO `word` VALUES (2097, '瘤');
INSERT INTO `word` VALUES (2098, '瘦');
INSERT INTO `word` VALUES (2099, '瘩');
INSERT INTO `word` VALUES (2100, '瘪');
INSERT INTO `word` VALUES (2101, '瘫');
INSERT INTO `word` VALUES (2102, '瘸');
INSERT INTO `word` VALUES (2103, '瘾');
INSERT INTO `word` VALUES (2104, '癌');
INSERT INTO `word` VALUES (2105, '癞');
INSERT INTO `word` VALUES (2106, '癣');
INSERT INTO `word` VALUES (2107, '登');
INSERT INTO `word` VALUES (2108, '白');
INSERT INTO `word` VALUES (2109, '百');
INSERT INTO `word` VALUES (2110, '皂');
INSERT INTO `word` VALUES (2111, '的');
INSERT INTO `word` VALUES (2112, '皆');
INSERT INTO `word` VALUES (2113, '皇');
INSERT INTO `word` VALUES (2114, '皮');
INSERT INTO `word` VALUES (2115, '皱');
INSERT INTO `word` VALUES (2116, '皿');
INSERT INTO `word` VALUES (2117, '盅');
INSERT INTO `word` VALUES (2118, '盆');
INSERT INTO `word` VALUES (2119, '盈');
INSERT INTO `word` VALUES (2120, '益');
INSERT INTO `word` VALUES (2121, '盏');
INSERT INTO `word` VALUES (2122, '盐');
INSERT INTO `word` VALUES (2123, '监');
INSERT INTO `word` VALUES (2124, '盒');
INSERT INTO `word` VALUES (2125, '盔');
INSERT INTO `word` VALUES (2126, '盖');
INSERT INTO `word` VALUES (2127, '盗');
INSERT INTO `word` VALUES (2128, '盘');
INSERT INTO `word` VALUES (2129, '盛');
INSERT INTO `word` VALUES (2130, '盟');
INSERT INTO `word` VALUES (2131, '目');
INSERT INTO `word` VALUES (2132, '盯');
INSERT INTO `word` VALUES (2133, '盲');
INSERT INTO `word` VALUES (2134, '直');
INSERT INTO `word` VALUES (2135, '相');
INSERT INTO `word` VALUES (2136, '盹');
INSERT INTO `word` VALUES (2137, '盼');
INSERT INTO `word` VALUES (2138, '盾');
INSERT INTO `word` VALUES (2139, '省');
INSERT INTO `word` VALUES (2140, '眉');
INSERT INTO `word` VALUES (2141, '看');
INSERT INTO `word` VALUES (2142, '真');
INSERT INTO `word` VALUES (2143, '眠');
INSERT INTO `word` VALUES (2144, '眨');
INSERT INTO `word` VALUES (2145, '眯');
INSERT INTO `word` VALUES (2146, '眶');
INSERT INTO `word` VALUES (2147, '眷');
INSERT INTO `word` VALUES (2148, '眼');
INSERT INTO `word` VALUES (2149, '着');
INSERT INTO `word` VALUES (2150, '睁');
INSERT INTO `word` VALUES (2151, '睛');
INSERT INTO `word` VALUES (2152, '睡');
INSERT INTO `word` VALUES (2153, '督');
INSERT INTO `word` VALUES (2154, '睦');
INSERT INTO `word` VALUES (2155, '睬');
INSERT INTO `word` VALUES (2156, '睹');
INSERT INTO `word` VALUES (2157, '瞄');
INSERT INTO `word` VALUES (2158, '瞎');
INSERT INTO `word` VALUES (2159, '瞒');
INSERT INTO `word` VALUES (2160, '瞧');
INSERT INTO `word` VALUES (2161, '瞪');
INSERT INTO `word` VALUES (2162, '瞬');
INSERT INTO `word` VALUES (2163, '瞭');
INSERT INTO `word` VALUES (2164, '瞳');
INSERT INTO `word` VALUES (2165, '瞻');
INSERT INTO `word` VALUES (2166, '矗');
INSERT INTO `word` VALUES (2167, '矛');
INSERT INTO `word` VALUES (2168, '矢');
INSERT INTO `word` VALUES (2169, '知');
INSERT INTO `word` VALUES (2170, '矩');
INSERT INTO `word` VALUES (2171, '矫');
INSERT INTO `word` VALUES (2172, '短');
INSERT INTO `word` VALUES (2173, '矮');
INSERT INTO `word` VALUES (2174, '石');
INSERT INTO `word` VALUES (2175, '矾');
INSERT INTO `word` VALUES (2176, '矿');
INSERT INTO `word` VALUES (2177, '码');
INSERT INTO `word` VALUES (2178, '砂');
INSERT INTO `word` VALUES (2179, '砌');
INSERT INTO `word` VALUES (2180, '砍');
INSERT INTO `word` VALUES (2181, '研');
INSERT INTO `word` VALUES (2182, '砖');
INSERT INTO `word` VALUES (2183, '砚');
INSERT INTO `word` VALUES (2184, '砰');
INSERT INTO `word` VALUES (2185, '破');
INSERT INTO `word` VALUES (2186, '砸');
INSERT INTO `word` VALUES (2187, '砾');
INSERT INTO `word` VALUES (2188, '础');
INSERT INTO `word` VALUES (2189, '硅');
INSERT INTO `word` VALUES (2190, '硕');
INSERT INTO `word` VALUES (2191, '硝');
INSERT INTO `word` VALUES (2192, '硫');
INSERT INTO `word` VALUES (2193, '硬');
INSERT INTO `word` VALUES (2194, '确');
INSERT INTO `word` VALUES (2195, '硼');
INSERT INTO `word` VALUES (2196, '碉');
INSERT INTO `word` VALUES (2197, '碌');
INSERT INTO `word` VALUES (2198, '碍');
INSERT INTO `word` VALUES (2199, '碎');
INSERT INTO `word` VALUES (2200, '碑');
INSERT INTO `word` VALUES (2201, '碗');
INSERT INTO `word` VALUES (2202, '碘');
INSERT INTO `word` VALUES (2203, '碟');
INSERT INTO `word` VALUES (2204, '碧');
INSERT INTO `word` VALUES (2205, '碰');
INSERT INTO `word` VALUES (2206, '碱');
INSERT INTO `word` VALUES (2207, '碳');
INSERT INTO `word` VALUES (2208, '碴');
INSERT INTO `word` VALUES (2209, '碾');
INSERT INTO `word` VALUES (2210, '磁');
INSERT INTO `word` VALUES (2211, '磅');
INSERT INTO `word` VALUES (2212, '磕');
INSERT INTO `word` VALUES (2213, '磨');
INSERT INTO `word` VALUES (2214, '磷');
INSERT INTO `word` VALUES (2215, '磺');
INSERT INTO `word` VALUES (2216, '礁');
INSERT INTO `word` VALUES (2217, '示');
INSERT INTO `word` VALUES (2218, '礼');
INSERT INTO `word` VALUES (2219, '社');
INSERT INTO `word` VALUES (2220, '祈');
INSERT INTO `word` VALUES (2221, '祖');
INSERT INTO `word` VALUES (2222, '祝');
INSERT INTO `word` VALUES (2223, '神');
INSERT INTO `word` VALUES (2224, '祟');
INSERT INTO `word` VALUES (2225, '祠');
INSERT INTO `word` VALUES (2226, '祥');
INSERT INTO `word` VALUES (2227, '票');
INSERT INTO `word` VALUES (2228, '祭');
INSERT INTO `word` VALUES (2229, '祷');
INSERT INTO `word` VALUES (2230, '祸');
INSERT INTO `word` VALUES (2231, '禀');
INSERT INTO `word` VALUES (2232, '禁');
INSERT INTO `word` VALUES (2233, '福');
INSERT INTO `word` VALUES (2234, '离');
INSERT INTO `word` VALUES (2235, '禽');
INSERT INTO `word` VALUES (2236, '禾');
INSERT INTO `word` VALUES (2237, '秀');
INSERT INTO `word` VALUES (2238, '私');
INSERT INTO `word` VALUES (2239, '秃');
INSERT INTO `word` VALUES (2240, '秆');
INSERT INTO `word` VALUES (2241, '秉');
INSERT INTO `word` VALUES (2242, '秋');
INSERT INTO `word` VALUES (2243, '种');
INSERT INTO `word` VALUES (2244, '科');
INSERT INTO `word` VALUES (2245, '秒');
INSERT INTO `word` VALUES (2246, '秕');
INSERT INTO `word` VALUES (2247, '秘');
INSERT INTO `word` VALUES (2248, '租');
INSERT INTO `word` VALUES (2249, '秤');
INSERT INTO `word` VALUES (2250, '秦');
INSERT INTO `word` VALUES (2251, '秧');
INSERT INTO `word` VALUES (2252, '秩');
INSERT INTO `word` VALUES (2253, '秫');
INSERT INTO `word` VALUES (2254, '积');
INSERT INTO `word` VALUES (2255, '称');
INSERT INTO `word` VALUES (2256, '秸');
INSERT INTO `word` VALUES (2257, '移');
INSERT INTO `word` VALUES (2258, '秽');
INSERT INTO `word` VALUES (2259, '稀');
INSERT INTO `word` VALUES (2260, '程');
INSERT INTO `word` VALUES (2261, '稍');
INSERT INTO `word` VALUES (2262, '税');
INSERT INTO `word` VALUES (2263, '稚');
INSERT INTO `word` VALUES (2264, '稠');
INSERT INTO `word` VALUES (2265, '稳');
INSERT INTO `word` VALUES (2266, '稻');
INSERT INTO `word` VALUES (2267, '稼');
INSERT INTO `word` VALUES (2268, '稽');
INSERT INTO `word` VALUES (2269, '稿');
INSERT INTO `word` VALUES (2270, '穆');
INSERT INTO `word` VALUES (2271, '穗');
INSERT INTO `word` VALUES (2272, '穴');
INSERT INTO `word` VALUES (2273, '究');
INSERT INTO `word` VALUES (2274, '穷');
INSERT INTO `word` VALUES (2275, '空');
INSERT INTO `word` VALUES (2276, '穿');
INSERT INTO `word` VALUES (2277, '突');
INSERT INTO `word` VALUES (2278, '窃');
INSERT INTO `word` VALUES (2279, '窄');
INSERT INTO `word` VALUES (2280, '窍');
INSERT INTO `word` VALUES (2281, '窑');
INSERT INTO `word` VALUES (2282, '窒');
INSERT INTO `word` VALUES (2283, '窖');
INSERT INTO `word` VALUES (2284, '窗');
INSERT INTO `word` VALUES (2285, '窘');
INSERT INTO `word` VALUES (2286, '窜');
INSERT INTO `word` VALUES (2287, '窝');
INSERT INTO `word` VALUES (2288, '窟');
INSERT INTO `word` VALUES (2289, '窥');
INSERT INTO `word` VALUES (2290, '窿');
INSERT INTO `word` VALUES (2291, '立');
INSERT INTO `word` VALUES (2292, '竖');
INSERT INTO `word` VALUES (2293, '站');
INSERT INTO `word` VALUES (2294, '竞');
INSERT INTO `word` VALUES (2295, '竟');
INSERT INTO `word` VALUES (2296, '章');
INSERT INTO `word` VALUES (2297, '竣');
INSERT INTO `word` VALUES (2298, '童');
INSERT INTO `word` VALUES (2299, '竭');
INSERT INTO `word` VALUES (2300, '端');
INSERT INTO `word` VALUES (2301, '竹');
INSERT INTO `word` VALUES (2302, '竿');
INSERT INTO `word` VALUES (2303, '笆');
INSERT INTO `word` VALUES (2304, '笋');
INSERT INTO `word` VALUES (2305, '笑');
INSERT INTO `word` VALUES (2306, '笔');
INSERT INTO `word` VALUES (2307, '笙');
INSERT INTO `word` VALUES (2308, '笛');
INSERT INTO `word` VALUES (2309, '笤');
INSERT INTO `word` VALUES (2310, '符');
INSERT INTO `word` VALUES (2311, '笨');
INSERT INTO `word` VALUES (2312, '第');
INSERT INTO `word` VALUES (2313, '笼');
INSERT INTO `word` VALUES (2314, '等');
INSERT INTO `word` VALUES (2315, '筋');
INSERT INTO `word` VALUES (2316, '筏');
INSERT INTO `word` VALUES (2317, '筐');
INSERT INTO `word` VALUES (2318, '筑');
INSERT INTO `word` VALUES (2319, '筒');
INSERT INTO `word` VALUES (2320, '答');
INSERT INTO `word` VALUES (2321, '策');
INSERT INTO `word` VALUES (2322, '筛');
INSERT INTO `word` VALUES (2323, '筝');
INSERT INTO `word` VALUES (2324, '筷');
INSERT INTO `word` VALUES (2325, '筹');
INSERT INTO `word` VALUES (2326, '签');
INSERT INTO `word` VALUES (2327, '简');
INSERT INTO `word` VALUES (2328, '箍');
INSERT INTO `word` VALUES (2329, '箕');
INSERT INTO `word` VALUES (2330, '算');
INSERT INTO `word` VALUES (2331, '管');
INSERT INTO `word` VALUES (2332, '箩');
INSERT INTO `word` VALUES (2333, '箫');
INSERT INTO `word` VALUES (2334, '箭');
INSERT INTO `word` VALUES (2335, '箱');
INSERT INTO `word` VALUES (2336, '篇');
INSERT INTO `word` VALUES (2337, '篓');
INSERT INTO `word` VALUES (2338, '篙');
INSERT INTO `word` VALUES (2339, '篡');
INSERT INTO `word` VALUES (2340, '篮');
INSERT INTO `word` VALUES (2341, '篱');
INSERT INTO `word` VALUES (2342, '篷');
INSERT INTO `word` VALUES (2343, '簇');
INSERT INTO `word` VALUES (2344, '簸');
INSERT INTO `word` VALUES (2345, '簿');
INSERT INTO `word` VALUES (2346, '籍');
INSERT INTO `word` VALUES (2347, '米');
INSERT INTO `word` VALUES (2348, '类');
INSERT INTO `word` VALUES (2349, '籽');
INSERT INTO `word` VALUES (2350, '粉');
INSERT INTO `word` VALUES (2351, '粒');
INSERT INTO `word` VALUES (2352, '粗');
INSERT INTO `word` VALUES (2353, '粘');
INSERT INTO `word` VALUES (2354, '粟');
INSERT INTO `word` VALUES (2355, '粤');
INSERT INTO `word` VALUES (2356, '粥');
INSERT INTO `word` VALUES (2357, '粪');
INSERT INTO `word` VALUES (2358, '粮');
INSERT INTO `word` VALUES (2359, '粱');
INSERT INTO `word` VALUES (2360, '粹');
INSERT INTO `word` VALUES (2361, '精');
INSERT INTO `word` VALUES (2362, '糊');
INSERT INTO `word` VALUES (2363, '糕');
INSERT INTO `word` VALUES (2364, '糖');
INSERT INTO `word` VALUES (2365, '糙');
INSERT INTO `word` VALUES (2366, '糜');
INSERT INTO `word` VALUES (2367, '糟');
INSERT INTO `word` VALUES (2368, '糠');
INSERT INTO `word` VALUES (2369, '糯');
INSERT INTO `word` VALUES (2370, '系');
INSERT INTO `word` VALUES (2371, '紊');
INSERT INTO `word` VALUES (2372, '素');
INSERT INTO `word` VALUES (2373, '索');
INSERT INTO `word` VALUES (2374, '紧');
INSERT INTO `word` VALUES (2375, '紫');
INSERT INTO `word` VALUES (2376, '累');
INSERT INTO `word` VALUES (2377, '絮');
INSERT INTO `word` VALUES (2378, '繁');
INSERT INTO `word` VALUES (2379, '纠');
INSERT INTO `word` VALUES (2380, '红');
INSERT INTO `word` VALUES (2381, '纤');
INSERT INTO `word` VALUES (2382, '约');
INSERT INTO `word` VALUES (2383, '级');
INSERT INTO `word` VALUES (2384, '纪');
INSERT INTO `word` VALUES (2385, '纫');
INSERT INTO `word` VALUES (2386, '纬');
INSERT INTO `word` VALUES (2387, '纯');
INSERT INTO `word` VALUES (2388, '纱');
INSERT INTO `word` VALUES (2389, '纲');
INSERT INTO `word` VALUES (2390, '纳');
INSERT INTO `word` VALUES (2391, '纵');
INSERT INTO `word` VALUES (2392, '纷');
INSERT INTO `word` VALUES (2393, '纸');
INSERT INTO `word` VALUES (2394, '纹');
INSERT INTO `word` VALUES (2395, '纺');
INSERT INTO `word` VALUES (2396, '纽');
INSERT INTO `word` VALUES (2397, '线');
INSERT INTO `word` VALUES (2398, '练');
INSERT INTO `word` VALUES (2399, '组');
INSERT INTO `word` VALUES (2400, '绅');
INSERT INTO `word` VALUES (2401, '细');
INSERT INTO `word` VALUES (2402, '织');
INSERT INTO `word` VALUES (2403, '终');
INSERT INTO `word` VALUES (2404, '绊');
INSERT INTO `word` VALUES (2405, '绍');
INSERT INTO `word` VALUES (2406, '绎');
INSERT INTO `word` VALUES (2407, '经');
INSERT INTO `word` VALUES (2408, '绑');
INSERT INTO `word` VALUES (2409, '绒');
INSERT INTO `word` VALUES (2410, '结');
INSERT INTO `word` VALUES (2411, '绕');
INSERT INTO `word` VALUES (2412, '绘');
INSERT INTO `word` VALUES (2413, '给');
INSERT INTO `word` VALUES (2414, '络');
INSERT INTO `word` VALUES (2415, '绝');
INSERT INTO `word` VALUES (2416, '绞');
INSERT INTO `word` VALUES (2417, '统');
INSERT INTO `word` VALUES (2418, '绢');
INSERT INTO `word` VALUES (2419, '绣');
INSERT INTO `word` VALUES (2420, '继');
INSERT INTO `word` VALUES (2421, '绩');
INSERT INTO `word` VALUES (2422, '绪');
INSERT INTO `word` VALUES (2423, '续');
INSERT INTO `word` VALUES (2424, '绰');
INSERT INTO `word` VALUES (2425, '绳');
INSERT INTO `word` VALUES (2426, '维');
INSERT INTO `word` VALUES (2427, '绵');
INSERT INTO `word` VALUES (2428, '绷');
INSERT INTO `word` VALUES (2429, '绸');
INSERT INTO `word` VALUES (2430, '综');
INSERT INTO `word` VALUES (2431, '绽');
INSERT INTO `word` VALUES (2432, '绿');
INSERT INTO `word` VALUES (2433, '缀');
INSERT INTO `word` VALUES (2434, '缅');
INSERT INTO `word` VALUES (2435, '缆');
INSERT INTO `word` VALUES (2436, '缎');
INSERT INTO `word` VALUES (2437, '缓');
INSERT INTO `word` VALUES (2438, '缔');
INSERT INTO `word` VALUES (2439, '缕');
INSERT INTO `word` VALUES (2440, '编');
INSERT INTO `word` VALUES (2441, '缘');
INSERT INTO `word` VALUES (2442, '缚');
INSERT INTO `word` VALUES (2443, '缝');
INSERT INTO `word` VALUES (2444, '缠');
INSERT INTO `word` VALUES (2445, '缤');
INSERT INTO `word` VALUES (2446, '缨');
INSERT INTO `word` VALUES (2447, '缩');
INSERT INTO `word` VALUES (2448, '缭');
INSERT INTO `word` VALUES (2449, '缰');
INSERT INTO `word` VALUES (2450, '缴');
INSERT INTO `word` VALUES (2451, '缸');
INSERT INTO `word` VALUES (2452, '缺');
INSERT INTO `word` VALUES (2453, '罐');
INSERT INTO `word` VALUES (2454, '网');
INSERT INTO `word` VALUES (2455, '罕');
INSERT INTO `word` VALUES (2456, '罗');
INSERT INTO `word` VALUES (2457, '罚');
INSERT INTO `word` VALUES (2458, '罢');
INSERT INTO `word` VALUES (2459, '罩');
INSERT INTO `word` VALUES (2460, '罪');
INSERT INTO `word` VALUES (2461, '置');
INSERT INTO `word` VALUES (2462, '署');
INSERT INTO `word` VALUES (2463, '羊');
INSERT INTO `word` VALUES (2464, '美');
INSERT INTO `word` VALUES (2465, '羔');
INSERT INTO `word` VALUES (2466, '羞');
INSERT INTO `word` VALUES (2467, '羡');
INSERT INTO `word` VALUES (2468, '群');
INSERT INTO `word` VALUES (2469, '羹');
INSERT INTO `word` VALUES (2470, '羽');
INSERT INTO `word` VALUES (2471, '翁');
INSERT INTO `word` VALUES (2472, '翅');
INSERT INTO `word` VALUES (2473, '翎');
INSERT INTO `word` VALUES (2474, '翔');
INSERT INTO `word` VALUES (2475, '翘');
INSERT INTO `word` VALUES (2476, '翠');
INSERT INTO `word` VALUES (2477, '翩');
INSERT INTO `word` VALUES (2478, '翰');
INSERT INTO `word` VALUES (2479, '翻');
INSERT INTO `word` VALUES (2480, '翼');
INSERT INTO `word` VALUES (2481, '耀');
INSERT INTO `word` VALUES (2482, '老');
INSERT INTO `word` VALUES (2483, '考');
INSERT INTO `word` VALUES (2484, '者');
INSERT INTO `word` VALUES (2485, '而');
INSERT INTO `word` VALUES (2486, '耍');
INSERT INTO `word` VALUES (2487, '耐');
INSERT INTO `word` VALUES (2488, '耕');
INSERT INTO `word` VALUES (2489, '耗');
INSERT INTO `word` VALUES (2490, '耙');
INSERT INTO `word` VALUES (2491, '耳');
INSERT INTO `word` VALUES (2492, '耸');
INSERT INTO `word` VALUES (2493, '耻');
INSERT INTO `word` VALUES (2494, '耽');
INSERT INTO `word` VALUES (2495, '耿');
INSERT INTO `word` VALUES (2496, '聂');
INSERT INTO `word` VALUES (2497, '聊');
INSERT INTO `word` VALUES (2498, '聋');
INSERT INTO `word` VALUES (2499, '职');
INSERT INTO `word` VALUES (2500, '联');
INSERT INTO `word` VALUES (2501, '聘');
INSERT INTO `word` VALUES (2502, '聚');
INSERT INTO `word` VALUES (2503, '聪');
INSERT INTO `word` VALUES (2504, '肃');
INSERT INTO `word` VALUES (2505, '肄');
INSERT INTO `word` VALUES (2506, '肆');
INSERT INTO `word` VALUES (2507, '肉');
INSERT INTO `word` VALUES (2508, '肋');
INSERT INTO `word` VALUES (2509, '肌');
INSERT INTO `word` VALUES (2510, '肖');
INSERT INTO `word` VALUES (2511, '肘');
INSERT INTO `word` VALUES (2512, '肚');
INSERT INTO `word` VALUES (2513, '肛');
INSERT INTO `word` VALUES (2514, '肝');
INSERT INTO `word` VALUES (2515, '肠');
INSERT INTO `word` VALUES (2516, '股');
INSERT INTO `word` VALUES (2517, '肢');
INSERT INTO `word` VALUES (2518, '肤');
INSERT INTO `word` VALUES (2519, '肥');
INSERT INTO `word` VALUES (2520, '肩');
INSERT INTO `word` VALUES (2521, '肪');
INSERT INTO `word` VALUES (2522, '肮');
INSERT INTO `word` VALUES (2523, '肯');
INSERT INTO `word` VALUES (2524, '育');
INSERT INTO `word` VALUES (2525, '肴');
INSERT INTO `word` VALUES (2526, '肺');
INSERT INTO `word` VALUES (2527, '肾');
INSERT INTO `word` VALUES (2528, '肿');
INSERT INTO `word` VALUES (2529, '胀');
INSERT INTO `word` VALUES (2530, '胁');
INSERT INTO `word` VALUES (2531, '胃');
INSERT INTO `word` VALUES (2532, '胆');
INSERT INTO `word` VALUES (2533, '背');
INSERT INTO `word` VALUES (2534, '胎');
INSERT INTO `word` VALUES (2535, '胖');
INSERT INTO `word` VALUES (2536, '胚');
INSERT INTO `word` VALUES (2537, '胜');
INSERT INTO `word` VALUES (2538, '胞');
INSERT INTO `word` VALUES (2539, '胡');
INSERT INTO `word` VALUES (2540, '胧');
INSERT INTO `word` VALUES (2541, '胯');
INSERT INTO `word` VALUES (2542, '胰');
INSERT INTO `word` VALUES (2543, '胳');
INSERT INTO `word` VALUES (2544, '胶');
INSERT INTO `word` VALUES (2545, '胸');
INSERT INTO `word` VALUES (2546, '能');
INSERT INTO `word` VALUES (2547, '脂');
INSERT INTO `word` VALUES (2548, '脆');
INSERT INTO `word` VALUES (2549, '脉');
INSERT INTO `word` VALUES (2550, '脊');
INSERT INTO `word` VALUES (2551, '脏');
INSERT INTO `word` VALUES (2552, '脐');
INSERT INTO `word` VALUES (2553, '脑');
INSERT INTO `word` VALUES (2554, '脓');
INSERT INTO `word` VALUES (2555, '脖');
INSERT INTO `word` VALUES (2556, '脚');
INSERT INTO `word` VALUES (2557, '脯');
INSERT INTO `word` VALUES (2558, '脱');
INSERT INTO `word` VALUES (2559, '脸');
INSERT INTO `word` VALUES (2560, '脾');
INSERT INTO `word` VALUES (2561, '腊');
INSERT INTO `word` VALUES (2562, '腋');
INSERT INTO `word` VALUES (2563, '腌');
INSERT INTO `word` VALUES (2564, '腐');
INSERT INTO `word` VALUES (2565, '腔');
INSERT INTO `word` VALUES (2566, '腕');
INSERT INTO `word` VALUES (2567, '腥');
INSERT INTO `word` VALUES (2568, '腮');
INSERT INTO `word` VALUES (2569, '腰');
INSERT INTO `word` VALUES (2570, '腹');
INSERT INTO `word` VALUES (2571, '腺');
INSERT INTO `word` VALUES (2572, '腻');
INSERT INTO `word` VALUES (2573, '腾');
INSERT INTO `word` VALUES (2574, '腿');
INSERT INTO `word` VALUES (2575, '膀');
INSERT INTO `word` VALUES (2576, '膊');
INSERT INTO `word` VALUES (2577, '膏');
INSERT INTO `word` VALUES (2578, '膘');
INSERT INTO `word` VALUES (2579, '膛');
INSERT INTO `word` VALUES (2580, '膜');
INSERT INTO `word` VALUES (2581, '膝');
INSERT INTO `word` VALUES (2582, '膨');
INSERT INTO `word` VALUES (2583, '膳');
INSERT INTO `word` VALUES (2584, '臀');
INSERT INTO `word` VALUES (2585, '臂');
INSERT INTO `word` VALUES (2586, '臊');
INSERT INTO `word` VALUES (2587, '臣');
INSERT INTO `word` VALUES (2588, '自');
INSERT INTO `word` VALUES (2589, '臭');
INSERT INTO `word` VALUES (2590, '至');
INSERT INTO `word` VALUES (2591, '致');
INSERT INTO `word` VALUES (2592, '臼');
INSERT INTO `word` VALUES (2593, '舀');
INSERT INTO `word` VALUES (2594, '舅');
INSERT INTO `word` VALUES (2595, '舆');
INSERT INTO `word` VALUES (2596, '舌');
INSERT INTO `word` VALUES (2597, '舍');
INSERT INTO `word` VALUES (2598, '舒');
INSERT INTO `word` VALUES (2599, '舔');
INSERT INTO `word` VALUES (2600, '舞');
INSERT INTO `word` VALUES (2601, '舟');
INSERT INTO `word` VALUES (2602, '航');
INSERT INTO `word` VALUES (2603, '般');
INSERT INTO `word` VALUES (2604, '舰');
INSERT INTO `word` VALUES (2605, '舱');
INSERT INTO `word` VALUES (2606, '舵');
INSERT INTO `word` VALUES (2607, '舶');
INSERT INTO `word` VALUES (2608, '舷');
INSERT INTO `word` VALUES (2609, '船');
INSERT INTO `word` VALUES (2610, '艇');
INSERT INTO `word` VALUES (2611, '艘');
INSERT INTO `word` VALUES (2612, '良');
INSERT INTO `word` VALUES (2613, '艰');
INSERT INTO `word` VALUES (2614, '色');
INSERT INTO `word` VALUES (2615, '艳');
INSERT INTO `word` VALUES (2616, '艺');
INSERT INTO `word` VALUES (2617, '艾');
INSERT INTO `word` VALUES (2618, '节');
INSERT INTO `word` VALUES (2619, '芋');
INSERT INTO `word` VALUES (2620, '芍');
INSERT INTO `word` VALUES (2621, '芒');
INSERT INTO `word` VALUES (2622, '芙');
INSERT INTO `word` VALUES (2623, '芜');
INSERT INTO `word` VALUES (2624, '芝');
INSERT INTO `word` VALUES (2625, '芥');
INSERT INTO `word` VALUES (2626, '芦');
INSERT INTO `word` VALUES (2627, '芬');
INSERT INTO `word` VALUES (2628, '芭');
INSERT INTO `word` VALUES (2629, '芯');
INSERT INTO `word` VALUES (2630, '花');
INSERT INTO `word` VALUES (2631, '芳');
INSERT INTO `word` VALUES (2632, '芹');
INSERT INTO `word` VALUES (2633, '芽');
INSERT INTO `word` VALUES (2634, '苇');
INSERT INTO `word` VALUES (2635, '苍');
INSERT INTO `word` VALUES (2636, '苏');
INSERT INTO `word` VALUES (2637, '苔');
INSERT INTO `word` VALUES (2638, '苗');
INSERT INTO `word` VALUES (2639, '苛');
INSERT INTO `word` VALUES (2640, '苞');
INSERT INTO `word` VALUES (2641, '苟');
INSERT INTO `word` VALUES (2642, '若');
INSERT INTO `word` VALUES (2643, '苦');
INSERT INTO `word` VALUES (2644, '苫');
INSERT INTO `word` VALUES (2645, '英');
INSERT INTO `word` VALUES (2646, '苹');
INSERT INTO `word` VALUES (2647, '茁');
INSERT INTO `word` VALUES (2648, '茂');
INSERT INTO `word` VALUES (2649, '范');
INSERT INTO `word` VALUES (2650, '茄');
INSERT INTO `word` VALUES (2651, '茅');
INSERT INTO `word` VALUES (2652, '茉');
INSERT INTO `word` VALUES (2653, '茎');
INSERT INTO `word` VALUES (2654, '茧');
INSERT INTO `word` VALUES (2655, '茫');
INSERT INTO `word` VALUES (2656, '茬');
INSERT INTO `word` VALUES (2657, '茴');
INSERT INTO `word` VALUES (2658, '茵');
INSERT INTO `word` VALUES (2659, '茶');
INSERT INTO `word` VALUES (2660, '茸');
INSERT INTO `word` VALUES (2661, '荆');
INSERT INTO `word` VALUES (2662, '草');
INSERT INTO `word` VALUES (2663, '荐');
INSERT INTO `word` VALUES (2664, '荒');
INSERT INTO `word` VALUES (2665, '荔');
INSERT INTO `word` VALUES (2666, '荚');
INSERT INTO `word` VALUES (2667, '荞');
INSERT INTO `word` VALUES (2668, '荠');
INSERT INTO `word` VALUES (2669, '荡');
INSERT INTO `word` VALUES (2670, '荣');
INSERT INTO `word` VALUES (2671, '荤');
INSERT INTO `word` VALUES (2672, '荧');
INSERT INTO `word` VALUES (2673, '药');
INSERT INTO `word` VALUES (2674, '荷');
INSERT INTO `word` VALUES (2675, '荸');
INSERT INTO `word` VALUES (2676, '莉');
INSERT INTO `word` VALUES (2677, '莫');
INSERT INTO `word` VALUES (2678, '莱');
INSERT INTO `word` VALUES (2679, '莲');
INSERT INTO `word` VALUES (2680, '获');
INSERT INTO `word` VALUES (2681, '莹');
INSERT INTO `word` VALUES (2682, '莺');
INSERT INTO `word` VALUES (2683, '莽');
INSERT INTO `word` VALUES (2684, '菇');
INSERT INTO `word` VALUES (2685, '菊');
INSERT INTO `word` VALUES (2686, '菌');
INSERT INTO `word` VALUES (2687, '菜');
INSERT INTO `word` VALUES (2688, '菠');
INSERT INTO `word` VALUES (2689, '菩');
INSERT INTO `word` VALUES (2690, '菱');
INSERT INTO `word` VALUES (2691, '菲');
INSERT INTO `word` VALUES (2692, '萄');
INSERT INTO `word` VALUES (2693, '萌');
INSERT INTO `word` VALUES (2694, '萍');
INSERT INTO `word` VALUES (2695, '萎');
INSERT INTO `word` VALUES (2696, '萝');
INSERT INTO `word` VALUES (2697, '萤');
INSERT INTO `word` VALUES (2698, '营');
INSERT INTO `word` VALUES (2699, '萧');
INSERT INTO `word` VALUES (2700, '萨');
INSERT INTO `word` VALUES (2701, '落');
INSERT INTO `word` VALUES (2702, '著');
INSERT INTO `word` VALUES (2703, '葛');
INSERT INTO `word` VALUES (2704, '葡');
INSERT INTO `word` VALUES (2705, '董');
INSERT INTO `word` VALUES (2706, '葫');
INSERT INTO `word` VALUES (2707, '葬');
INSERT INTO `word` VALUES (2708, '葱');
INSERT INTO `word` VALUES (2709, '葵');
INSERT INTO `word` VALUES (2710, '蒂');
INSERT INTO `word` VALUES (2711, '蒋');
INSERT INTO `word` VALUES (2712, '蒙');
INSERT INTO `word` VALUES (2713, '蒜');
INSERT INTO `word` VALUES (2714, '蒲');
INSERT INTO `word` VALUES (2715, '蒸');
INSERT INTO `word` VALUES (2716, '蒿');
INSERT INTO `word` VALUES (2717, '蓄');
INSERT INTO `word` VALUES (2718, '蓉');
INSERT INTO `word` VALUES (2719, '蓖');
INSERT INTO `word` VALUES (2720, '蓝');
INSERT INTO `word` VALUES (2721, '蓬');
INSERT INTO `word` VALUES (2722, '蔑');
INSERT INTO `word` VALUES (2723, '蔓');
INSERT INTO `word` VALUES (2724, '蔗');
INSERT INTO `word` VALUES (2725, '蔚');
INSERT INTO `word` VALUES (2726, '蔫');
INSERT INTO `word` VALUES (2727, '蔬');
INSERT INTO `word` VALUES (2728, '蔼');
INSERT INTO `word` VALUES (2729, '蔽');
INSERT INTO `word` VALUES (2730, '蕉');
INSERT INTO `word` VALUES (2731, '蕊');
INSERT INTO `word` VALUES (2732, '蕴');
INSERT INTO `word` VALUES (2733, '蕾');
INSERT INTO `word` VALUES (2734, '薄');
INSERT INTO `word` VALUES (2735, '薇');
INSERT INTO `word` VALUES (2736, '薛');
INSERT INTO `word` VALUES (2737, '薪');
INSERT INTO `word` VALUES (2738, '薯');
INSERT INTO `word` VALUES (2739, '藏');
INSERT INTO `word` VALUES (2740, '藐');
INSERT INTO `word` VALUES (2741, '藕');
INSERT INTO `word` VALUES (2742, '藤');
INSERT INTO `word` VALUES (2743, '藻');
INSERT INTO `word` VALUES (2744, '蘑');
INSERT INTO `word` VALUES (2745, '蘸');
INSERT INTO `word` VALUES (2746, '虎');
INSERT INTO `word` VALUES (2747, '虏');
INSERT INTO `word` VALUES (2748, '虐');
INSERT INTO `word` VALUES (2749, '虑');
INSERT INTO `word` VALUES (2750, '虚');
INSERT INTO `word` VALUES (2751, '虫');
INSERT INTO `word` VALUES (2752, '虱');
INSERT INTO `word` VALUES (2753, '虹');
INSERT INTO `word` VALUES (2754, '虽');
INSERT INTO `word` VALUES (2755, '虾');
INSERT INTO `word` VALUES (2756, '蚀');
INSERT INTO `word` VALUES (2757, '蚁');
INSERT INTO `word` VALUES (2758, '蚂');
INSERT INTO `word` VALUES (2759, '蚊');
INSERT INTO `word` VALUES (2760, '蚌');
INSERT INTO `word` VALUES (2761, '蚓');
INSERT INTO `word` VALUES (2762, '蚕');
INSERT INTO `word` VALUES (2763, '蚜');
INSERT INTO `word` VALUES (2764, '蚣');
INSERT INTO `word` VALUES (2765, '蚤');
INSERT INTO `word` VALUES (2766, '蚪');
INSERT INTO `word` VALUES (2767, '蚯');
INSERT INTO `word` VALUES (2768, '蛀');
INSERT INTO `word` VALUES (2769, '蛆');
INSERT INTO `word` VALUES (2770, '蛇');
INSERT INTO `word` VALUES (2771, '蛉');
INSERT INTO `word` VALUES (2772, '蛋');
INSERT INTO `word` VALUES (2773, '蛔');
INSERT INTO `word` VALUES (2774, '蛙');
INSERT INTO `word` VALUES (2775, '蛛');
INSERT INTO `word` VALUES (2776, '蛤');
INSERT INTO `word` VALUES (2777, '蛮');
INSERT INTO `word` VALUES (2778, '蛹');
INSERT INTO `word` VALUES (2779, '蛾');
INSERT INTO `word` VALUES (2780, '蜀');
INSERT INTO `word` VALUES (2781, '蜂');
INSERT INTO `word` VALUES (2782, '蜈');
INSERT INTO `word` VALUES (2783, '蜒');
INSERT INTO `word` VALUES (2784, '蜓');
INSERT INTO `word` VALUES (2785, '蜕');
INSERT INTO `word` VALUES (2786, '蜗');
INSERT INTO `word` VALUES (2787, '蜘');
INSERT INTO `word` VALUES (2788, '蜜');
INSERT INTO `word` VALUES (2789, '蜡');
INSERT INTO `word` VALUES (2790, '蜻');
INSERT INTO `word` VALUES (2791, '蝇');
INSERT INTO `word` VALUES (2792, '蝉');
INSERT INTO `word` VALUES (2793, '蝌');
INSERT INTO `word` VALUES (2794, '蝎');
INSERT INTO `word` VALUES (2795, '蝗');
INSERT INTO `word` VALUES (2796, '蝙');
INSERT INTO `word` VALUES (2797, '蝠');
INSERT INTO `word` VALUES (2798, '蝴');
INSERT INTO `word` VALUES (2799, '蝶');
INSERT INTO `word` VALUES (2800, '螃');
INSERT INTO `word` VALUES (2801, '融');
INSERT INTO `word` VALUES (2802, '螟');
INSERT INTO `word` VALUES (2803, '螺');
INSERT INTO `word` VALUES (2804, '蟀');
INSERT INTO `word` VALUES (2805, '蟆');
INSERT INTO `word` VALUES (2806, '蟋');
INSERT INTO `word` VALUES (2807, '蟹');
INSERT INTO `word` VALUES (2808, '蠕');
INSERT INTO `word` VALUES (2809, '蠢');
INSERT INTO `word` VALUES (2810, '血');
INSERT INTO `word` VALUES (2811, '衅');
INSERT INTO `word` VALUES (2812, '行');
INSERT INTO `word` VALUES (2813, '衍');
INSERT INTO `word` VALUES (2814, '衔');
INSERT INTO `word` VALUES (2815, '街');
INSERT INTO `word` VALUES (2816, '衙');
INSERT INTO `word` VALUES (2817, '衡');
INSERT INTO `word` VALUES (2818, '衣');
INSERT INTO `word` VALUES (2819, '补');
INSERT INTO `word` VALUES (2820, '表');
INSERT INTO `word` VALUES (2821, '衩');
INSERT INTO `word` VALUES (2822, '衫');
INSERT INTO `word` VALUES (2823, '衬');
INSERT INTO `word` VALUES (2824, '衰');
INSERT INTO `word` VALUES (2825, '衷');
INSERT INTO `word` VALUES (2826, '袁');
INSERT INTO `word` VALUES (2827, '袄');
INSERT INTO `word` VALUES (2828, '袋');
INSERT INTO `word` VALUES (2829, '袍');
INSERT INTO `word` VALUES (2830, '袒');
INSERT INTO `word` VALUES (2831, '袖');
INSERT INTO `word` VALUES (2832, '袜');
INSERT INTO `word` VALUES (2833, '被');
INSERT INTO `word` VALUES (2834, '袭');
INSERT INTO `word` VALUES (2835, '袱');
INSERT INTO `word` VALUES (2836, '裁');
INSERT INTO `word` VALUES (2837, '裂');
INSERT INTO `word` VALUES (2838, '装');
INSERT INTO `word` VALUES (2839, '裆');
INSERT INTO `word` VALUES (2840, '裉');
INSERT INTO `word` VALUES (2841, '裕');
INSERT INTO `word` VALUES (2842, '裙');
INSERT INTO `word` VALUES (2843, '裤');
INSERT INTO `word` VALUES (2844, '裳');
INSERT INTO `word` VALUES (2845, '裸');
INSERT INTO `word` VALUES (2846, '裹');
INSERT INTO `word` VALUES (2847, '褂');
INSERT INTO `word` VALUES (2848, '褐');
INSERT INTO `word` VALUES (2849, '褒');
INSERT INTO `word` VALUES (2850, '褥');
INSERT INTO `word` VALUES (2851, '襟');
INSERT INTO `word` VALUES (2852, '西');
INSERT INTO `word` VALUES (2853, '要');
INSERT INTO `word` VALUES (2854, '覆');
INSERT INTO `word` VALUES (2855, '见');
INSERT INTO `word` VALUES (2856, '观');
INSERT INTO `word` VALUES (2857, '规');
INSERT INTO `word` VALUES (2858, '觅');
INSERT INTO `word` VALUES (2859, '视');
INSERT INTO `word` VALUES (2860, '览');
INSERT INTO `word` VALUES (2861, '觉');
INSERT INTO `word` VALUES (2862, '角');
INSERT INTO `word` VALUES (2863, '解');
INSERT INTO `word` VALUES (2864, '触');
INSERT INTO `word` VALUES (2865, '言');
INSERT INTO `word` VALUES (2866, '誉');
INSERT INTO `word` VALUES (2867, '誊');
INSERT INTO `word` VALUES (2868, '誓');
INSERT INTO `word` VALUES (2869, '警');
INSERT INTO `word` VALUES (2870, '譬');
INSERT INTO `word` VALUES (2871, '计');
INSERT INTO `word` VALUES (2872, '订');
INSERT INTO `word` VALUES (2873, '认');
INSERT INTO `word` VALUES (2874, '讥');
INSERT INTO `word` VALUES (2875, '讨');
INSERT INTO `word` VALUES (2876, '让');
INSERT INTO `word` VALUES (2877, '训');
INSERT INTO `word` VALUES (2878, '议');
INSERT INTO `word` VALUES (2879, '讯');
INSERT INTO `word` VALUES (2880, '记');
INSERT INTO `word` VALUES (2881, '讲');
INSERT INTO `word` VALUES (2882, '讳');
INSERT INTO `word` VALUES (2883, '讶');
INSERT INTO `word` VALUES (2884, '许');
INSERT INTO `word` VALUES (2885, '讹');
INSERT INTO `word` VALUES (2886, '论');
INSERT INTO `word` VALUES (2887, '讼');
INSERT INTO `word` VALUES (2888, '讽');
INSERT INTO `word` VALUES (2889, '设');
INSERT INTO `word` VALUES (2890, '访');
INSERT INTO `word` VALUES (2891, '诀');
INSERT INTO `word` VALUES (2892, '证');
INSERT INTO `word` VALUES (2893, '评');
INSERT INTO `word` VALUES (2894, '诅');
INSERT INTO `word` VALUES (2895, '识');
INSERT INTO `word` VALUES (2896, '诈');
INSERT INTO `word` VALUES (2897, '诉');
INSERT INTO `word` VALUES (2898, '诊');
INSERT INTO `word` VALUES (2899, '词');
INSERT INTO `word` VALUES (2900, '译');
INSERT INTO `word` VALUES (2901, '试');
INSERT INTO `word` VALUES (2902, '诗');
INSERT INTO `word` VALUES (2903, '诚');
INSERT INTO `word` VALUES (2904, '话');
INSERT INTO `word` VALUES (2905, '诞');
INSERT INTO `word` VALUES (2906, '诡');
INSERT INTO `word` VALUES (2907, '询');
INSERT INTO `word` VALUES (2908, '该');
INSERT INTO `word` VALUES (2909, '详');
INSERT INTO `word` VALUES (2910, '诫');
INSERT INTO `word` VALUES (2911, '诬');
INSERT INTO `word` VALUES (2912, '语');
INSERT INTO `word` VALUES (2913, '误');
INSERT INTO `word` VALUES (2914, '诱');
INSERT INTO `word` VALUES (2915, '诲');
INSERT INTO `word` VALUES (2916, '说');
INSERT INTO `word` VALUES (2917, '诵');
INSERT INTO `word` VALUES (2918, '请');
INSERT INTO `word` VALUES (2919, '诸');
INSERT INTO `word` VALUES (2920, '诺');
INSERT INTO `word` VALUES (2921, '读');
INSERT INTO `word` VALUES (2922, '诽');
INSERT INTO `word` VALUES (2923, '课');
INSERT INTO `word` VALUES (2924, '谁');
INSERT INTO `word` VALUES (2925, '调');
INSERT INTO `word` VALUES (2926, '谅');
INSERT INTO `word` VALUES (2927, '谆');
INSERT INTO `word` VALUES (2928, '谈');
INSERT INTO `word` VALUES (2929, '谊');
INSERT INTO `word` VALUES (2930, '谋');
INSERT INTO `word` VALUES (2931, '谍');
INSERT INTO `word` VALUES (2932, '谎');
INSERT INTO `word` VALUES (2933, '谐');
INSERT INTO `word` VALUES (2934, '谒');
INSERT INTO `word` VALUES (2935, '谓');
INSERT INTO `word` VALUES (2936, '谚');
INSERT INTO `word` VALUES (2937, '谜');
INSERT INTO `word` VALUES (2938, '谢');
INSERT INTO `word` VALUES (2939, '谣');
INSERT INTO `word` VALUES (2940, '谤');
INSERT INTO `word` VALUES (2941, '谦');
INSERT INTO `word` VALUES (2942, '谨');
INSERT INTO `word` VALUES (2943, '谬');
INSERT INTO `word` VALUES (2944, '谭');
INSERT INTO `word` VALUES (2945, '谱');
INSERT INTO `word` VALUES (2946, '谴');
INSERT INTO `word` VALUES (2947, '谷');
INSERT INTO `word` VALUES (2948, '豁');
INSERT INTO `word` VALUES (2949, '豆');
INSERT INTO `word` VALUES (2950, '豌');
INSERT INTO `word` VALUES (2951, '象');
INSERT INTO `word` VALUES (2952, '豪');
INSERT INTO `word` VALUES (2953, '豫');
INSERT INTO `word` VALUES (2954, '豹');
INSERT INTO `word` VALUES (2955, '豺');
INSERT INTO `word` VALUES (2956, '貌');
INSERT INTO `word` VALUES (2957, '贝');
INSERT INTO `word` VALUES (2958, '贞');
INSERT INTO `word` VALUES (2959, '负');
INSERT INTO `word` VALUES (2960, '贡');
INSERT INTO `word` VALUES (2961, '财');
INSERT INTO `word` VALUES (2962, '责');
INSERT INTO `word` VALUES (2963, '贤');
INSERT INTO `word` VALUES (2964, '败');
INSERT INTO `word` VALUES (2965, '账');
INSERT INTO `word` VALUES (2966, '货');
INSERT INTO `word` VALUES (2967, '质');
INSERT INTO `word` VALUES (2968, '贩');
INSERT INTO `word` VALUES (2969, '贪');
INSERT INTO `word` VALUES (2970, '贫');
INSERT INTO `word` VALUES (2971, '贬');
INSERT INTO `word` VALUES (2972, '购');
INSERT INTO `word` VALUES (2973, '贮');
INSERT INTO `word` VALUES (2974, '贯');
INSERT INTO `word` VALUES (2975, '贰');
INSERT INTO `word` VALUES (2976, '贱');
INSERT INTO `word` VALUES (2977, '贴');
INSERT INTO `word` VALUES (2978, '贵');
INSERT INTO `word` VALUES (2979, '贸');
INSERT INTO `word` VALUES (2980, '费');
INSERT INTO `word` VALUES (2981, '贺');
INSERT INTO `word` VALUES (2982, '贼');
INSERT INTO `word` VALUES (2983, '贾');
INSERT INTO `word` VALUES (2984, '贿');
INSERT INTO `word` VALUES (2985, '赁');
INSERT INTO `word` VALUES (2986, '赂');
INSERT INTO `word` VALUES (2987, '赃');
INSERT INTO `word` VALUES (2988, '资');
INSERT INTO `word` VALUES (2989, '赊');
INSERT INTO `word` VALUES (2990, '赋');
INSERT INTO `word` VALUES (2991, '赌');
INSERT INTO `word` VALUES (2992, '赎');
INSERT INTO `word` VALUES (2993, '赏');
INSERT INTO `word` VALUES (2994, '赐');
INSERT INTO `word` VALUES (2995, '赔');
INSERT INTO `word` VALUES (2996, '赖');
INSERT INTO `word` VALUES (2997, '赘');
INSERT INTO `word` VALUES (2998, '赚');
INSERT INTO `word` VALUES (2999, '赛');
INSERT INTO `word` VALUES (3000, '赞');
INSERT INTO `word` VALUES (3001, '赠');
INSERT INTO `word` VALUES (3002, '赡');
INSERT INTO `word` VALUES (3003, '赢');
INSERT INTO `word` VALUES (3004, '赤');
INSERT INTO `word` VALUES (3005, '赦');
INSERT INTO `word` VALUES (3006, '赫');
INSERT INTO `word` VALUES (3007, '走');
INSERT INTO `word` VALUES (3008, '赴');
INSERT INTO `word` VALUES (3009, '赵');
INSERT INTO `word` VALUES (3010, '赶');
INSERT INTO `word` VALUES (3011, '起');
INSERT INTO `word` VALUES (3012, '趁');
INSERT INTO `word` VALUES (3013, '超');
INSERT INTO `word` VALUES (3014, '越');
INSERT INTO `word` VALUES (3015, '趋');
INSERT INTO `word` VALUES (3016, '趟');
INSERT INTO `word` VALUES (3017, '趣');
INSERT INTO `word` VALUES (3018, '足');
INSERT INTO `word` VALUES (3019, '趴');
INSERT INTO `word` VALUES (3020, '趾');
INSERT INTO `word` VALUES (3021, '跃');
INSERT INTO `word` VALUES (3022, '跋');
INSERT INTO `word` VALUES (3023, '跌');
INSERT INTO `word` VALUES (3024, '跑');
INSERT INTO `word` VALUES (3025, '跛');
INSERT INTO `word` VALUES (3026, '距');
INSERT INTO `word` VALUES (3027, '跟');
INSERT INTO `word` VALUES (3028, '跨');
INSERT INTO `word` VALUES (3029, '跪');
INSERT INTO `word` VALUES (3030, '路');
INSERT INTO `word` VALUES (3031, '跳');
INSERT INTO `word` VALUES (3032, '践');
INSERT INTO `word` VALUES (3033, '跷');
INSERT INTO `word` VALUES (3034, '跺');
INSERT INTO `word` VALUES (3035, '踊');
INSERT INTO `word` VALUES (3036, '踏');
INSERT INTO `word` VALUES (3037, '踢');
INSERT INTO `word` VALUES (3038, '踩');
INSERT INTO `word` VALUES (3039, '踪');
INSERT INTO `word` VALUES (3040, '踱');
INSERT INTO `word` VALUES (3041, '蹂');
INSERT INTO `word` VALUES (3042, '蹄');
INSERT INTO `word` VALUES (3043, '蹈');
INSERT INTO `word` VALUES (3044, '蹋');
INSERT INTO `word` VALUES (3045, '蹦');
INSERT INTO `word` VALUES (3046, '蹬');
INSERT INTO `word` VALUES (3047, '蹭');
INSERT INTO `word` VALUES (3048, '蹲');
INSERT INTO `word` VALUES (3049, '躁');
INSERT INTO `word` VALUES (3050, '躏');
INSERT INTO `word` VALUES (3051, '身');
INSERT INTO `word` VALUES (3052, '躬');
INSERT INTO `word` VALUES (3053, '躯');
INSERT INTO `word` VALUES (3054, '躲');
INSERT INTO `word` VALUES (3055, '躺');
INSERT INTO `word` VALUES (3056, '车');
INSERT INTO `word` VALUES (3057, '轧');
INSERT INTO `word` VALUES (3058, '轨');
INSERT INTO `word` VALUES (3059, '轩');
INSERT INTO `word` VALUES (3060, '转');
INSERT INTO `word` VALUES (3061, '轮');
INSERT INTO `word` VALUES (3062, '软');
INSERT INTO `word` VALUES (3063, '轰');
INSERT INTO `word` VALUES (3064, '轴');
INSERT INTO `word` VALUES (3065, '轻');
INSERT INTO `word` VALUES (3066, '载');
INSERT INTO `word` VALUES (3067, '轿');
INSERT INTO `word` VALUES (3068, '较');
INSERT INTO `word` VALUES (3069, '辅');
INSERT INTO `word` VALUES (3070, '辆');
INSERT INTO `word` VALUES (3071, '辈');
INSERT INTO `word` VALUES (3072, '辉');
INSERT INTO `word` VALUES (3073, '辐');
INSERT INTO `word` VALUES (3074, '辑');
INSERT INTO `word` VALUES (3075, '输');
INSERT INTO `word` VALUES (3076, '辕');
INSERT INTO `word` VALUES (3077, '辖');
INSERT INTO `word` VALUES (3078, '辙');
INSERT INTO `word` VALUES (3079, '辛');
INSERT INTO `word` VALUES (3080, '辜');
INSERT INTO `word` VALUES (3081, '辞');
INSERT INTO `word` VALUES (3082, '辟');
INSERT INTO `word` VALUES (3083, '辣');
INSERT INTO `word` VALUES (3084, '辨');
INSERT INTO `word` VALUES (3085, '辩');
INSERT INTO `word` VALUES (3086, '辫');
INSERT INTO `word` VALUES (3087, '辰');
INSERT INTO `word` VALUES (3088, '辱');
INSERT INTO `word` VALUES (3089, '边');
INSERT INTO `word` VALUES (3090, '辽');
INSERT INTO `word` VALUES (3091, '达');
INSERT INTO `word` VALUES (3092, '迁');
INSERT INTO `word` VALUES (3093, '迂');
INSERT INTO `word` VALUES (3094, '迄');
INSERT INTO `word` VALUES (3095, '迅');
INSERT INTO `word` VALUES (3096, '过');
INSERT INTO `word` VALUES (3097, '迈');
INSERT INTO `word` VALUES (3098, '迎');
INSERT INTO `word` VALUES (3099, '运');
INSERT INTO `word` VALUES (3100, '近');
INSERT INTO `word` VALUES (3101, '返');
INSERT INTO `word` VALUES (3102, '还');
INSERT INTO `word` VALUES (3103, '这');
INSERT INTO `word` VALUES (3104, '进');
INSERT INTO `word` VALUES (3105, '远');
INSERT INTO `word` VALUES (3106, '违');
INSERT INTO `word` VALUES (3107, '连');
INSERT INTO `word` VALUES (3108, '迟');
INSERT INTO `word` VALUES (3109, '迫');
INSERT INTO `word` VALUES (3110, '述');
INSERT INTO `word` VALUES (3111, '迷');
INSERT INTO `word` VALUES (3112, '迹');
INSERT INTO `word` VALUES (3113, '追');
INSERT INTO `word` VALUES (3114, '退');
INSERT INTO `word` VALUES (3115, '送');
INSERT INTO `word` VALUES (3116, '适');
INSERT INTO `word` VALUES (3117, '逃');
INSERT INTO `word` VALUES (3118, '逆');
INSERT INTO `word` VALUES (3119, '选');
INSERT INTO `word` VALUES (3120, '逊');
INSERT INTO `word` VALUES (3121, '透');
INSERT INTO `word` VALUES (3122, '逐');
INSERT INTO `word` VALUES (3123, '递');
INSERT INTO `word` VALUES (3124, '途');
INSERT INTO `word` VALUES (3125, '逗');
INSERT INTO `word` VALUES (3126, '通');
INSERT INTO `word` VALUES (3127, '逛');
INSERT INTO `word` VALUES (3128, '逝');
INSERT INTO `word` VALUES (3129, '逞');
INSERT INTO `word` VALUES (3130, '速');
INSERT INTO `word` VALUES (3131, '造');
INSERT INTO `word` VALUES (3132, '逢');
INSERT INTO `word` VALUES (3133, '逮');
INSERT INTO `word` VALUES (3134, '逸');
INSERT INTO `word` VALUES (3135, '逻');
INSERT INTO `word` VALUES (3136, '逼');
INSERT INTO `word` VALUES (3137, '逾');
INSERT INTO `word` VALUES (3138, '遂');
INSERT INTO `word` VALUES (3139, '遇');
INSERT INTO `word` VALUES (3140, '遍');
INSERT INTO `word` VALUES (3141, '遏');
INSERT INTO `word` VALUES (3142, '道');
INSERT INTO `word` VALUES (3143, '遗');
INSERT INTO `word` VALUES (3144, '遣');
INSERT INTO `word` VALUES (3145, '遥');
INSERT INTO `word` VALUES (3146, '遭');
INSERT INTO `word` VALUES (3147, '遮');
INSERT INTO `word` VALUES (3148, '遵');
INSERT INTO `word` VALUES (3149, '避');
INSERT INTO `word` VALUES (3150, '邀');
INSERT INTO `word` VALUES (3151, '邑');
INSERT INTO `word` VALUES (3152, '邓');
INSERT INTO `word` VALUES (3153, '邢');
INSERT INTO `word` VALUES (3154, '那');
INSERT INTO `word` VALUES (3155, '邦');
INSERT INTO `word` VALUES (3156, '邪');
INSERT INTO `word` VALUES (3157, '邮');
INSERT INTO `word` VALUES (3158, '邻');
INSERT INTO `word` VALUES (3159, '郁');
INSERT INTO `word` VALUES (3160, '郊');
INSERT INTO `word` VALUES (3161, '郎');
INSERT INTO `word` VALUES (3162, '郑');
INSERT INTO `word` VALUES (3163, '部');
INSERT INTO `word` VALUES (3164, '郭');
INSERT INTO `word` VALUES (3165, '都');
INSERT INTO `word` VALUES (3166, '鄙');
INSERT INTO `word` VALUES (3167, '酌');
INSERT INTO `word` VALUES (3168, '配');
INSERT INTO `word` VALUES (3169, '酒');
INSERT INTO `word` VALUES (3170, '酗');
INSERT INTO `word` VALUES (3171, '酝');
INSERT INTO `word` VALUES (3172, '酣');
INSERT INTO `word` VALUES (3173, '酥');
INSERT INTO `word` VALUES (3174, '酪');
INSERT INTO `word` VALUES (3175, '酬');
INSERT INTO `word` VALUES (3176, '酱');
INSERT INTO `word` VALUES (3177, '酵');
INSERT INTO `word` VALUES (3178, '酷');
INSERT INTO `word` VALUES (3179, '酸');
INSERT INTO `word` VALUES (3180, '酿');
INSERT INTO `word` VALUES (3181, '醇');
INSERT INTO `word` VALUES (3182, '醉');
INSERT INTO `word` VALUES (3183, '醋');
INSERT INTO `word` VALUES (3184, '醒');
INSERT INTO `word` VALUES (3185, '采');
INSERT INTO `word` VALUES (3186, '释');
INSERT INTO `word` VALUES (3187, '里');
INSERT INTO `word` VALUES (3188, '重');
INSERT INTO `word` VALUES (3189, '野');
INSERT INTO `word` VALUES (3190, '量');
INSERT INTO `word` VALUES (3191, '金');
INSERT INTO `word` VALUES (3192, '鉴');
INSERT INTO `word` VALUES (3193, '针');
INSERT INTO `word` VALUES (3194, '钉');
INSERT INTO `word` VALUES (3195, '钓');
INSERT INTO `word` VALUES (3196, '钙');
INSERT INTO `word` VALUES (3197, '钝');
INSERT INTO `word` VALUES (3198, '钞');
INSERT INTO `word` VALUES (3199, '钟');
INSERT INTO `word` VALUES (3200, '钠');
INSERT INTO `word` VALUES (3201, '钢');
INSERT INTO `word` VALUES (3202, '钥');
INSERT INTO `word` VALUES (3203, '钦');
INSERT INTO `word` VALUES (3204, '钧');
INSERT INTO `word` VALUES (3205, '钩');
INSERT INTO `word` VALUES (3206, '钮');
INSERT INTO `word` VALUES (3207, '钱');
INSERT INTO `word` VALUES (3208, '钳');
INSERT INTO `word` VALUES (3209, '钻');
INSERT INTO `word` VALUES (3210, '钾');
INSERT INTO `word` VALUES (3211, '铁');
INSERT INTO `word` VALUES (3212, '铃');
INSERT INTO `word` VALUES (3213, '铅');
INSERT INTO `word` VALUES (3214, '铆');
INSERT INTO `word` VALUES (3215, '铐');
INSERT INTO `word` VALUES (3216, '铛');
INSERT INTO `word` VALUES (3217, '铜');
INSERT INTO `word` VALUES (3218, '铝');
INSERT INTO `word` VALUES (3219, '铡');
INSERT INTO `word` VALUES (3220, '铣');
INSERT INTO `word` VALUES (3221, '铭');
INSERT INTO `word` VALUES (3222, '铲');
INSERT INTO `word` VALUES (3223, '银');
INSERT INTO `word` VALUES (3224, '铸');
INSERT INTO `word` VALUES (3225, '铺');
INSERT INTO `word` VALUES (3226, '链');
INSERT INTO `word` VALUES (3227, '销');
INSERT INTO `word` VALUES (3228, '锁');
INSERT INTO `word` VALUES (3229, '锄');
INSERT INTO `word` VALUES (3230, '锅');
INSERT INTO `word` VALUES (3231, '锈');
INSERT INTO `word` VALUES (3232, '锉');
INSERT INTO `word` VALUES (3233, '锋');
INSERT INTO `word` VALUES (3234, '锌');
INSERT INTO `word` VALUES (3235, '锐');
INSERT INTO `word` VALUES (3236, '错');
INSERT INTO `word` VALUES (3237, '锚');
INSERT INTO `word` VALUES (3238, '锡');
INSERT INTO `word` VALUES (3239, '锣');
INSERT INTO `word` VALUES (3240, '锤');
INSERT INTO `word` VALUES (3241, '锥');
INSERT INTO `word` VALUES (3242, '锦');
INSERT INTO `word` VALUES (3243, '锨');
INSERT INTO `word` VALUES (3244, '锭');
INSERT INTO `word` VALUES (3245, '键');
INSERT INTO `word` VALUES (3246, '锯');
INSERT INTO `word` VALUES (3247, '锰');
INSERT INTO `word` VALUES (3248, '锹');
INSERT INTO `word` VALUES (3249, '锻');
INSERT INTO `word` VALUES (3250, '镀');
INSERT INTO `word` VALUES (3251, '镇');
INSERT INTO `word` VALUES (3252, '镊');
INSERT INTO `word` VALUES (3253, '镐');
INSERT INTO `word` VALUES (3254, '镜');
INSERT INTO `word` VALUES (3255, '镣');
INSERT INTO `word` VALUES (3256, '镰');
INSERT INTO `word` VALUES (3257, '镶');
INSERT INTO `word` VALUES (3258, '长');
INSERT INTO `word` VALUES (3259, '门');
INSERT INTO `word` VALUES (3260, '闪');
INSERT INTO `word` VALUES (3261, '闭');
INSERT INTO `word` VALUES (3262, '问');
INSERT INTO `word` VALUES (3263, '闯');
INSERT INTO `word` VALUES (3264, '闰');
INSERT INTO `word` VALUES (3265, '闲');
INSERT INTO `word` VALUES (3266, '间');
INSERT INTO `word` VALUES (3267, '闷');
INSERT INTO `word` VALUES (3268, '闸');
INSERT INTO `word` VALUES (3269, '闹');
INSERT INTO `word` VALUES (3270, '闺');
INSERT INTO `word` VALUES (3271, '闻');
INSERT INTO `word` VALUES (3272, '闽');
INSERT INTO `word` VALUES (3273, '阀');
INSERT INTO `word` VALUES (3274, '阁');
INSERT INTO `word` VALUES (3275, '阅');
INSERT INTO `word` VALUES (3276, '阎');
INSERT INTO `word` VALUES (3277, '阐');
INSERT INTO `word` VALUES (3278, '阔');
INSERT INTO `word` VALUES (3279, '队');
INSERT INTO `word` VALUES (3280, '阱');
INSERT INTO `word` VALUES (3281, '防');
INSERT INTO `word` VALUES (3282, '阳');
INSERT INTO `word` VALUES (3283, '阴');
INSERT INTO `word` VALUES (3284, '阵');
INSERT INTO `word` VALUES (3285, '阶');
INSERT INTO `word` VALUES (3286, '阻');
INSERT INTO `word` VALUES (3287, '阿');
INSERT INTO `word` VALUES (3288, '附');
INSERT INTO `word` VALUES (3289, '际');
INSERT INTO `word` VALUES (3290, '陆');
INSERT INTO `word` VALUES (3291, '陈');
INSERT INTO `word` VALUES (3292, '陋');
INSERT INTO `word` VALUES (3293, '陌');
INSERT INTO `word` VALUES (3294, '降');
INSERT INTO `word` VALUES (3295, '限');
INSERT INTO `word` VALUES (3296, '陕');
INSERT INTO `word` VALUES (3297, '陡');
INSERT INTO `word` VALUES (3298, '院');
INSERT INTO `word` VALUES (3299, '除');
INSERT INTO `word` VALUES (3300, '陨');
INSERT INTO `word` VALUES (3301, '险');
INSERT INTO `word` VALUES (3302, '陪');
INSERT INTO `word` VALUES (3303, '陵');
INSERT INTO `word` VALUES (3304, '陶');
INSERT INTO `word` VALUES (3305, '陷');
INSERT INTO `word` VALUES (3306, '隅');
INSERT INTO `word` VALUES (3307, '隆');
INSERT INTO `word` VALUES (3308, '随');
INSERT INTO `word` VALUES (3309, '隐');
INSERT INTO `word` VALUES (3310, '隔');
INSERT INTO `word` VALUES (3311, '隘');
INSERT INTO `word` VALUES (3312, '隙');
INSERT INTO `word` VALUES (3313, '障');
INSERT INTO `word` VALUES (3314, '隧');
INSERT INTO `word` VALUES (3315, '隶');
INSERT INTO `word` VALUES (3316, '难');
INSERT INTO `word` VALUES (3317, '雀');
INSERT INTO `word` VALUES (3318, '雁');
INSERT INTO `word` VALUES (3319, '雄');
INSERT INTO `word` VALUES (3320, '雅');
INSERT INTO `word` VALUES (3321, '集');
INSERT INTO `word` VALUES (3322, '雇');
INSERT INTO `word` VALUES (3323, '雌');
INSERT INTO `word` VALUES (3324, '雏');
INSERT INTO `word` VALUES (3325, '雕');
INSERT INTO `word` VALUES (3326, '雨');
INSERT INTO `word` VALUES (3327, '雪');
INSERT INTO `word` VALUES (3328, '雳');
INSERT INTO `word` VALUES (3329, '零');
INSERT INTO `word` VALUES (3330, '雷');
INSERT INTO `word` VALUES (3331, '雹');
INSERT INTO `word` VALUES (3332, '雾');
INSERT INTO `word` VALUES (3333, '需');
INSERT INTO `word` VALUES (3334, '震');
INSERT INTO `word` VALUES (3335, '霉');
INSERT INTO `word` VALUES (3336, '霍');
INSERT INTO `word` VALUES (3337, '霎');
INSERT INTO `word` VALUES (3338, '霜');
INSERT INTO `word` VALUES (3339, '霞');
INSERT INTO `word` VALUES (3340, '露');
INSERT INTO `word` VALUES (3341, '霸');
INSERT INTO `word` VALUES (3342, '霹');
INSERT INTO `word` VALUES (3343, '青');
INSERT INTO `word` VALUES (3344, '靖');
INSERT INTO `word` VALUES (3345, '静');
INSERT INTO `word` VALUES (3346, '非');
INSERT INTO `word` VALUES (3347, '靠');
INSERT INTO `word` VALUES (3348, '靡');
INSERT INTO `word` VALUES (3349, '面');
INSERT INTO `word` VALUES (3350, '革');
INSERT INTO `word` VALUES (3351, '靴');
INSERT INTO `word` VALUES (3352, '靶');
INSERT INTO `word` VALUES (3353, '鞋');
INSERT INTO `word` VALUES (3354, '鞍');
INSERT INTO `word` VALUES (3355, '鞠');
INSERT INTO `word` VALUES (3356, '鞭');
INSERT INTO `word` VALUES (3357, '韧');
INSERT INTO `word` VALUES (3358, '韩');
INSERT INTO `word` VALUES (3359, '韭');
INSERT INTO `word` VALUES (3360, '音');
INSERT INTO `word` VALUES (3361, '韵');
INSERT INTO `word` VALUES (3362, '页');
INSERT INTO `word` VALUES (3363, '顶');
INSERT INTO `word` VALUES (3364, '顷');
INSERT INTO `word` VALUES (3365, '项');
INSERT INTO `word` VALUES (3366, '顺');
INSERT INTO `word` VALUES (3367, '须');
INSERT INTO `word` VALUES (3368, '顽');
INSERT INTO `word` VALUES (3369, '顾');
INSERT INTO `word` VALUES (3370, '顿');
INSERT INTO `word` VALUES (3371, '颁');
INSERT INTO `word` VALUES (3372, '颂');
INSERT INTO `word` VALUES (3373, '预');
INSERT INTO `word` VALUES (3374, '颅');
INSERT INTO `word` VALUES (3375, '领');
INSERT INTO `word` VALUES (3376, '颇');
INSERT INTO `word` VALUES (3377, '颈');
INSERT INTO `word` VALUES (3378, '颊');
INSERT INTO `word` VALUES (3379, '频');
INSERT INTO `word` VALUES (3380, '颓');
INSERT INTO `word` VALUES (3381, '颖');
INSERT INTO `word` VALUES (3382, '颗');
INSERT INTO `word` VALUES (3383, '题');
INSERT INTO `word` VALUES (3384, '颜');
INSERT INTO `word` VALUES (3385, '额');
INSERT INTO `word` VALUES (3386, '颠');
INSERT INTO `word` VALUES (3387, '颤');
INSERT INTO `word` VALUES (3388, '风');
INSERT INTO `word` VALUES (3389, '飒');
INSERT INTO `word` VALUES (3390, '飘');
INSERT INTO `word` VALUES (3391, '飞');
INSERT INTO `word` VALUES (3392, '食');
INSERT INTO `word` VALUES (3393, '餐');
INSERT INTO `word` VALUES (3394, '饥');
INSERT INTO `word` VALUES (3395, '饭');
INSERT INTO `word` VALUES (3396, '饮');
INSERT INTO `word` VALUES (3397, '饰');
INSERT INTO `word` VALUES (3398, '饱');
INSERT INTO `word` VALUES (3399, '饲');
INSERT INTO `word` VALUES (3400, '饵');
INSERT INTO `word` VALUES (3401, '饶');
INSERT INTO `word` VALUES (3402, '饺');
INSERT INTO `word` VALUES (3403, '饼');
INSERT INTO `word` VALUES (3404, '饿');
INSERT INTO `word` VALUES (3405, '馁');
INSERT INTO `word` VALUES (3406, '馅');
INSERT INTO `word` VALUES (3407, '馆');
INSERT INTO `word` VALUES (3408, '馋');
INSERT INTO `word` VALUES (3409, '馍');
INSERT INTO `word` VALUES (3410, '馏');
INSERT INTO `word` VALUES (3411, '馒');
INSERT INTO `word` VALUES (3412, '首');
INSERT INTO `word` VALUES (3413, '香');
INSERT INTO `word` VALUES (3414, '马');
INSERT INTO `word` VALUES (3415, '驮');
INSERT INTO `word` VALUES (3416, '驯');
INSERT INTO `word` VALUES (3417, '驰');
INSERT INTO `word` VALUES (3418, '驱');
INSERT INTO `word` VALUES (3419, '驳');
INSERT INTO `word` VALUES (3420, '驴');
INSERT INTO `word` VALUES (3421, '驶');
INSERT INTO `word` VALUES (3422, '驹');
INSERT INTO `word` VALUES (3423, '驻');
INSERT INTO `word` VALUES (3424, '驼');
INSERT INTO `word` VALUES (3425, '驾');
INSERT INTO `word` VALUES (3426, '骂');
INSERT INTO `word` VALUES (3427, '骄');
INSERT INTO `word` VALUES (3428, '骆');
INSERT INTO `word` VALUES (3429, '骇');
INSERT INTO `word` VALUES (3430, '验');
INSERT INTO `word` VALUES (3431, '骏');
INSERT INTO `word` VALUES (3432, '骑');
INSERT INTO `word` VALUES (3433, '骗');
INSERT INTO `word` VALUES (3434, '骚');
INSERT INTO `word` VALUES (3435, '骡');
INSERT INTO `word` VALUES (3436, '骤');
INSERT INTO `word` VALUES (3437, '骨');
INSERT INTO `word` VALUES (3438, '髓');
INSERT INTO `word` VALUES (3439, '高');
INSERT INTO `word` VALUES (3440, '鬓');
INSERT INTO `word` VALUES (3441, '鬼');
INSERT INTO `word` VALUES (3442, '魁');
INSERT INTO `word` VALUES (3443, '魂');
INSERT INTO `word` VALUES (3444, '魄');
INSERT INTO `word` VALUES (3445, '魏');
INSERT INTO `word` VALUES (3446, '魔');
INSERT INTO `word` VALUES (3447, '鱼');
INSERT INTO `word` VALUES (3448, '鲁');
INSERT INTO `word` VALUES (3449, '鲜');
INSERT INTO `word` VALUES (3450, '鲤');
INSERT INTO `word` VALUES (3451, '鲫');
INSERT INTO `word` VALUES (3452, '鲸');
INSERT INTO `word` VALUES (3453, '鳄');
INSERT INTO `word` VALUES (3454, '鳍');
INSERT INTO `word` VALUES (3455, '鳖');
INSERT INTO `word` VALUES (3456, '鳞');
INSERT INTO `word` VALUES (3457, '鸟');
INSERT INTO `word` VALUES (3458, '鸠');
INSERT INTO `word` VALUES (3459, '鸡');
INSERT INTO `word` VALUES (3460, '鸣');
INSERT INTO `word` VALUES (3461, '鸥');
INSERT INTO `word` VALUES (3462, '鸦');
INSERT INTO `word` VALUES (3463, '鸭');
INSERT INTO `word` VALUES (3464, '鸯');
INSERT INTO `word` VALUES (3465, '鸳');
INSERT INTO `word` VALUES (3466, '鸵');
INSERT INTO `word` VALUES (3467, '鸽');
INSERT INTO `word` VALUES (3468, '鸿');
INSERT INTO `word` VALUES (3469, '鹃');
INSERT INTO `word` VALUES (3470, '鹅');
INSERT INTO `word` VALUES (3471, '鹉');
INSERT INTO `word` VALUES (3472, '鹊');
INSERT INTO `word` VALUES (3473, '鹏');
INSERT INTO `word` VALUES (3474, '鹤');
INSERT INTO `word` VALUES (3475, '鹦');
INSERT INTO `word` VALUES (3476, '鹰');
INSERT INTO `word` VALUES (3477, '鹿');
INSERT INTO `word` VALUES (3478, '麦');
INSERT INTO `word` VALUES (3479, '麸');
INSERT INTO `word` VALUES (3480, '麻');
INSERT INTO `word` VALUES (3481, '黄');
INSERT INTO `word` VALUES (3482, '黍');
INSERT INTO `word` VALUES (3483, '黎');
INSERT INTO `word` VALUES (3484, '黑');
INSERT INTO `word` VALUES (3485, '黔');
INSERT INTO `word` VALUES (3486, '默');
INSERT INTO `word` VALUES (3487, '鼎');
INSERT INTO `word` VALUES (3488, '鼓');
INSERT INTO `word` VALUES (3489, '鼠');
INSERT INTO `word` VALUES (3490, '鼻');
INSERT INTO `word` VALUES (3491, '齐');
INSERT INTO `word` VALUES (3492, '齿');
INSERT INTO `word` VALUES (3493, '龄');
INSERT INTO `word` VALUES (3494, '龙');
INSERT INTO `word` VALUES (3495, '龟');

-- ----------------------------
-- Triggers structure for table book_record
-- ----------------------------
DROP TRIGGER IF EXISTS `tri_b_u_a`;
delimiter ;;
CREATE TRIGGER `tri_b_u_a` AFTER INSERT ON `book_record` FOR EACH ROW BEGIN
UPDATE users
set book = (SELECT count(*) as book from book where userID=(SELECT userID from book where book_id=new.book_id))
WHERE userID=(SELECT userID from book where book_id=new.book_id);
END
;;
delimiter ;

-- ----------------------------
-- Triggers structure for table book_record
-- ----------------------------
DROP TRIGGER IF EXISTS `qwe`;
delimiter ;;
CREATE TRIGGER `qwe` AFTER UPDATE ON `book_record` FOR EACH ROW begin
update book set flag=1 where (select count(*) from book_record where book_id=new.book_id and rec_flag=0) =0 and book_id=old.book_id;
end
;;
delimiter ;

-- ----------------------------
-- Triggers structure for table photo_record
-- ----------------------------
DROP TRIGGER IF EXISTS `tri_p_u_a`;
delimiter ;;
CREATE TRIGGER `tri_p_u_a` AFTER INSERT ON `photo_record` FOR EACH ROW BEGIN
UPDATE users
set photo = (SELECT count(*)as photo from photo_record WHERE userID=new.userID)
WHERE userID= new.userID;
END
;;
delimiter ;

-- ----------------------------
-- Triggers structure for table photo_record
-- ----------------------------
DROP TRIGGER IF EXISTS `tir_p_w`;
delimiter ;;
CREATE TRIGGER `tir_p_w` BEFORE DELETE ON `photo_record` FOR EACH ROW BEGIN
delete from photo_word  where photo_record=old.record;
END
;;
delimiter ;

-- ----------------------------
-- Triggers structure for table photo_record
-- ----------------------------
DROP TRIGGER IF EXISTS `tir_p_u_d`;
delimiter ;;
CREATE TRIGGER `tir_p_u_d` AFTER DELETE ON `photo_record` FOR EACH ROW BEGIN
UPDATE users
set photo = (SELECT count(*)as photo from photo_record WHERE userID=old.userID)
WHERE userID= old.userID;
END
;;
delimiter ;

SET FOREIGN_KEY_CHECKS = 1;
